keyword,slug,url,page_type,is_tool_keyword,category
0 APR Balance Transfer Calculator,0-apr-balance-transfer-calculator,https://tools.yalla-calculator.co.uk/0-apr-balance-transfer-calculator/,calculator,True,
4 Percent Rule Calculator,4-percent-rule-calculator,https://tools.yalla-calculator.co.uk/4-percent-rule-calculator/,calculator,True,
40 Lb Bag Concrete Calculator,40-lb-bag-concrete-calculator,https://tools.yalla-calculator.co.uk/40-lb-bag-concrete-calculator/,calculator,True,
50 Lb Bag Concrete Calculator,50-lb-bag-concrete-calculator,https://tools.yalla-calculator.co.uk/50-lb-bag-concrete-calculator/,calculator,True,
529 Plan Calculator,529-plan-calculator,https://tools.yalla-calculator.co.uk/529-plan-calculator/,calculator,True,
60 Lb Bag Concrete Calculator,60-lb-bag-concrete-calculator,https://tools.yalla-calculator.co.uk/60-lb-bag-concrete-calculator/,calculator,True,
80 Lb Bag Concrete Calculator,80-lb-bag-concrete-calculator,https://tools.yalla-calculator.co.uk/80-lb-bag-concrete-calculator/,calculator,True,
A A Gradient Calculator,a-a-gradient-calculator,https://tools.yalla-calculator.co.uk/a-a-gradient-calculator/,calculator,True,
A1c Calculator,a1c-calculator,https://tools.yalla-calculator.co.uk/a1c-calculator/,calculator,True,Health
Absolute Neutrophil Count Calculator,absolute-neutrophil-count-calculator,https://tools.yalla-calculator.co.uk/absolute-neutrophil-count-calculator/,calculator,True,
Ac Size Calculator,ac-size-calculator,https://tools.yalla-calculator.co.uk/ac-size-calculator/,calculator,True,
Ac To Dc Calculator,ac-to-dc-calculator,https://tools.yalla-calculator.co.uk/ac-to-dc-calculator/,calculator,True,Electrical
Accelerated Payoff Calculator,accelerated-payoff-calculator,https://tools.yalla-calculator.co.uk/accelerated-payoff-calculator/,calculator,True,
Acceleration Calculator,acceleration-calculator,https://tools.yalla-calculator.co.uk/acceleration-calculator/,calculator,True,Science
Acceleration Fuel Consumption Calculator,acceleration-fuel-consumption-calculator,https://tools.yalla-calculator.co.uk/acceleration-fuel-consumption-calculator/,calculator,True,
Accent Calculator,accent-calculator,https://tools.yalla-calculator.co.uk/accent-calculator/,calculator,True,
Accent Wall Calculator,accent-wall-calculator,https://tools.yalla-calculator.co.uk/accent-wall-calculator/,calculator,True,
Accident Forgiveness Calculator,accident-forgiveness-calculator,https://tools.yalla-calculator.co.uk/accident-forgiveness-calculator/,calculator,True,
Accounts Receivable Calculator,accounts-receivable-calculator,https://tools.yalla-calculator.co.uk/accounts-receivable-calculator/,calculator,True,
Ace Inhibitor Dosage Calculator,ace-inhibitor-dosage-calculator,https://tools.yalla-calculator.co.uk/ace-inhibitor-dosage-calculator/,calculator,True,
Achievement Comparison Calculator,achievement-comparison-calculator,https://tools.yalla-calculator.co.uk/achievement-comparison-calculator/,calculator,True,
Achievement Timeline Calculator,achievement-timeline-calculator,https://tools.yalla-calculator.co.uk/achievement-timeline-calculator/,calculator,True,
Acreage Calculator,acreage-calculator,https://tools.yalla-calculator.co.uk/acreage-calculator/,calculator,True,Construction
Acres To Hectares Converter,acres-to-hectares-converter,https://tools.yalla-calculator.co.uk/acres-to-hectares-converter/,converter,True,
Acres To Square Miles Calculator,acres-to-square-miles-calculator,https://tools.yalla-calculator.co.uk/acres-to-square-miles-calculator/,calculator,True,
Activity Glucose Calculator,activity-glucose-calculator,https://tools.yalla-calculator.co.uk/activity-glucose-calculator/,calculator,True,
Activity Snacking Calculator,activity-snacking-calculator,https://tools.yalla-calculator.co.uk/activity-snacking-calculator/,calculator,True,
Adaptogen Blend Calculator,adaptogen-blend-calculator,https://tools.yalla-calculator.co.uk/adaptogen-blend-calculator/,calculator,True,
Add Time Calculator,add-time-calculator,https://tools.yalla-calculator.co.uk/add-time-calculator/,calculator,True,Time Date
Adjusted Body Weight Calculator,adjusted-body-weight-calculator,https://tools.yalla-calculator.co.uk/adjusted-body-weight-calculator/,calculator,True,
Aerobic Capacity Calculator,aerobic-capacity-calculator,https://tools.yalla-calculator.co.uk/aerobic-capacity-calculator/,calculator,True,
Aerodynamic Calculator,aerodynamic-calculator,https://tools.yalla-calculator.co.uk/aerodynamic-calculator/,calculator,True,
Aerodynamics Efficiency Calculator,aerodynamics-efficiency-calculator,https://tools.yalla-calculator.co.uk/aerodynamics-efficiency-calculator/,calculator,True,
Afib Burden Calculator,afib-burden-calculator,https://tools.yalla-calculator.co.uk/afib-burden-calculator/,calculator,True,
Afr Calculator,afr-calculator,https://tools.yalla-calculator.co.uk/afr-calculator/,calculator,True,
African Cooking Conversion Calculator,african-cooking-conversion-calculator,https://tools.yalla-calculator.co.uk/african-cooking-conversion-calculator/,calculator,True,
Age Calculator,age-calculator,https://tools.yalla-calculator.co.uk/age-calculator/,calculator,True,Health
Age Comparison Calculator,age-comparison-calculator,https://tools.yalla-calculator.co.uk/age-comparison-calculator/,calculator,True,
Age Correlation Calculator,age-correlation-calculator,https://tools.yalla-calculator.co.uk/age-correlation-calculator/,calculator,True,
Age Difference Calculator,age-difference-calculator,https://tools.yalla-calculator.co.uk/age-difference-calculator/,calculator,True,
Age Distribution Calculator,age-distribution-calculator,https://tools.yalla-calculator.co.uk/age-distribution-calculator/,calculator,True,
Age Gap Calculator,age-gap-calculator,https://tools.yalla-calculator.co.uk/age-gap-calculator/,calculator,True,
Age In Dog Years Calculator,age-in-dog-years-calculator,https://tools.yalla-calculator.co.uk/age-in-dog-years-calculator/,calculator,True,
Age In Specific Year Calculator,age-in-specific-year-calculator,https://tools.yalla-calculator.co.uk/age-in-specific-year-calculator/,calculator,True,
Age Life Calculators,age-life-calculators,https://tools.yalla-calculator.co.uk/age-life-calculators/,category,True,
Age Milestone Calculator,age-milestone-calculator,https://tools.yalla-calculator.co.uk/age-milestone-calculator/,calculator,True,
Age Percentile Calculator,age-percentile-calculator,https://tools.yalla-calculator.co.uk/age-percentile-calculator/,calculator,True,
Age Ratio Calculator,age-ratio-calculator,https://tools.yalla-calculator.co.uk/age-ratio-calculator/,calculator,True,
Age Related Needs Calculator,age-related-needs-calculator,https://tools.yalla-calculator.co.uk/age-related-needs-calculator/,calculator,True,
Aggregate Calculator,aggregate-calculator,https://tools.yalla-calculator.co.uk/aggregate-calculator/,calculator,True,
Air Conditioner Installation Cost Guide,air-conditioner-installation-cost-guide,https://tools.yalla-calculator.co.uk/air-conditioner-installation-cost-guide/,guide,True,
Air Conditioner Repair Cost Guide,air-conditioner-repair-cost-guide,https://tools.yalla-calculator.co.uk/air-conditioner-repair-cost-guide/,guide,True,
Air Filter Efficiency Calculator,air-filter-efficiency-calculator,https://tools.yalla-calculator.co.uk/air-filter-efficiency-calculator/,calculator,True,
Air Filter Replacement Calculator,air-filter-replacement-calculator,https://tools.yalla-calculator.co.uk/air-filter-replacement-calculator/,calculator,True,
Air Flow Calculator,air-flow-calculator,https://tools.yalla-calculator.co.uk/air-flow-calculator/,calculator,True,
Air Pressure Calculator,air-pressure-calculator,https://tools.yalla-calculator.co.uk/air-pressure-calculator/,calculator,True,
Air Pump Calculator,air-pump-calculator,https://tools.yalla-calculator.co.uk/air-pump-calculator/,calculator,True,
Airflow Calculator,airflow-calculator,https://tools.yalla-calculator.co.uk/airflow-calculator/,calculator,True,
Alcohol Dilution Calculator,alcohol-dilution-calculator,https://tools.yalla-calculator.co.uk/alcohol-dilution-calculator/,calculator,True,Cooking
Alcohol Intake Calculator,alcohol-intake-calculator,https://tools.yalla-calculator.co.uk/alcohol-intake-calculator/,calculator,True,
Algae Control Calculator,algae-control-calculator,https://tools.yalla-calculator.co.uk/algae-control-calculator/,calculator,True,
Algebraic Fractions Calculator,algebraic-fractions-calculator,https://tools.yalla-calculator.co.uk/algebraic-fractions-calculator/,calculator,True,
All Terrain Tire Calculator,all-terrain-tire-calculator,https://tools.yalla-calculator.co.uk/all-terrain-tire-calculator/,calculator,True,
Allergy Friendly Calculator,allergy-friendly-calculator,https://tools.yalla-calculator.co.uk/allergy-friendly-calculator/,calculator,True,
Allergy Substitution Calculator,allergy-substitution-calculator,https://tools.yalla-calculator.co.uk/allergy-substitution-calculator/,calculator,True,Cooking
Altcoin Converter,altcoin-converter,https://tools.yalla-calculator.co.uk/altcoin-converter/,converter,True,
Alternative Fuel Comparison Calculator,alternative-fuel-comparison-calculator,https://tools.yalla-calculator.co.uk/alternative-fuel-comparison-calculator/,calculator,True,
Alternator Calculator,alternator-calculator,https://tools.yalla-calculator.co.uk/alternator-calculator/,calculator,True,
Amino Acid Profile Calculator,amino-acid-profile-calculator,https://tools.yalla-calculator.co.uk/amino-acid-profile-calculator/,calculator,True,
Amortization Calculator,amortization-calculator,https://tools.yalla-calculator.co.uk/amortization-calculator/,calculator,True,Financial
Amortization Schedule Generator,amortization-schedule-generator,https://tools.yalla-calculator.co.uk/amortization-schedule-generator/,generator,True,
Amp Hours To Watt Hours Calculator,amp-hours-to-watt-hours-calculator,https://tools.yalla-calculator.co.uk/amp-hours-to-watt-hours-calculator/,calculator,True,Electrical
Ampacity Calculator,ampacity-calculator,https://tools.yalla-calculator.co.uk/ampacity-calculator/,calculator,True,Electrical
Amps To Watts Calculator,amps-to-watts-calculator,https://tools.yalla-calculator.co.uk/amps-to-watts-calculator/,calculator,True,Electrical
Angle Calculator,angle-calculator,https://tools.yalla-calculator.co.uk/angle-calculator/,calculator,True,
Anion Gap Calculator,anion-gap-calculator,https://tools.yalla-calculator.co.uk/anion-gap-calculator/,calculator,True,
Anniversary Calculator,anniversary-calculator,https://tools.yalla-calculator.co.uk/anniversary-calculator/,calculator,True,Time Date
Annual Fee Calculator,annual-fee-calculator,https://tools.yalla-calculator.co.uk/annual-fee-calculator/,calculator,True,
Annual Fee Vs Rewards Calculator,annual-fee-vs-rewards-calculator,https://tools.yalla-calculator.co.uk/annual-fee-vs-rewards-calculator/,calculator,True,
Annual Fuel Cost Calculator 2,annual-fuel-cost-calculator-2,https://tools.yalla-calculator.co.uk/annual-fuel-cost-calculator-2/,calculator,True,
Annual Fuel Cost Calculator,annual-fuel-cost-calculator,https://tools.yalla-calculator.co.uk/annual-fuel-cost-calculator/,calculator,True,
Annuity Calculator,annuity-calculator,https://tools.yalla-calculator.co.uk/annuity-calculator/,calculator,True,
Anxiety Calculator,anxiety-calculator,https://tools.yalla-calculator.co.uk/anxiety-calculator/,calculator,True,Health
Anxiety Coping Calculator,anxiety-coping-calculator,https://tools.yalla-calculator.co.uk/anxiety-coping-calculator/,calculator,True,
Anxiety Progress Tracker,anxiety-progress-tracker,https://tools.yalla-calculator.co.uk/anxiety-progress-tracker/,tracker,True,
Anxiety Screening Test,anxiety-screening-test,https://tools.yalla-calculator.co.uk/anxiety-screening-test/,test,True,
Anxiety Severity Index,anxiety-severity-index,https://tools.yalla-calculator.co.uk/anxiety-severity-index/,index,True,
Anxiety Trigger Tracker,anxiety-trigger-tracker,https://tools.yalla-calculator.co.uk/anxiety-trigger-tracker/,tracker,True,
Apache Ii Score Calculator,apache-ii-score-calculator,https://tools.yalla-calculator.co.uk/apache-ii-score-calculator/,calculator,True,
Apgar Score Calculator,apgar-score-calculator,https://tools.yalla-calculator.co.uk/apgar-score-calculator/,calculator,True,
App Integration Calculator,app-integration-calculator,https://tools.yalla-calculator.co.uk/app-integration-calculator/,calculator,True,
Apple Pear Shape Calculator,apple-pear-shape-calculator,https://tools.yalla-calculator.co.uk/apple-pear-shape-calculator/,calculator,True,
Appliance Maintenance Calculator,appliance-maintenance-calculator,https://tools.yalla-calculator.co.uk/appliance-maintenance-calculator/,calculator,True,
Appliance Repair Cost Guide,appliance-repair-cost-guide,https://tools.yalla-calculator.co.uk/appliance-repair-cost-guide/,guide,True,
Apprenticeship Calculator,apprenticeship-calculator,https://tools.yalla-calculator.co.uk/apprenticeship-calculator/,calculator,True,
APR Calculator Auto,apr-calculator-auto,https://tools.yalla-calculator.co.uk/apr-calculator-auto/,calculator,True,
Aquarium Calculators,aquarium-calculators,https://tools.yalla-calculator.co.uk/aquarium-calculators/,category,True,
Aquarium Cost Calculator,aquarium-cost-calculator,https://tools.yalla-calculator.co.uk/aquarium-cost-calculator/,calculator,True,
Aquarium Tank Volume Calculator,aquarium-tank-volume-calculator,https://tools.yalla-calculator.co.uk/aquarium-tank-volume-calculator/,calculator,True,Pets
Aquarium Tank Weight Calculator,aquarium-tank-weight-calculator,https://tools.yalla-calculator.co.uk/aquarium-tank-weight-calculator/,calculator,True,Pets
Aquarium Volume Calculator,aquarium-volume-calculator,https://tools.yalla-calculator.co.uk/aquarium-volume-calculator/,calculator,True,
Aquatic Plant Calculator,aquatic-plant-calculator,https://tools.yalla-calculator.co.uk/aquatic-plant-calculator/,calculator,True,
Ar V Calculator,ar-v-calculator,https://tools.yalla-calculator.co.uk/ar-v-calculator/,calculator,True,
Area Calculator,area-calculator,https://tools.yalla-calculator.co.uk/area-calculator/,calculator,True,Math
Area Converter,area-converter,https://tools.yalla-calculator.co.uk/area-converter/,converter,True,
Arm Calculator,arm-calculator,https://tools.yalla-calculator.co.uk/arm-calculator/,calculator,True,
Army Body Fat Calculator,army-body-fat-calculator,https://tools.yalla-calculator.co.uk/army-body-fat-calculator/,calculator,True,
Arrhythmia Risk Calculator,arrhythmia-risk-calculator,https://tools.yalla-calculator.co.uk/arrhythmia-risk-calculator/,calculator,True,
Ascvd Risk Calculator,ascvd-risk-calculator,https://tools.yalla-calculator.co.uk/ascvd-risk-calculator/,calculator,True,
Ashwagandha Dosage Calculator,ashwagandha-dosage-calculator,https://tools.yalla-calculator.co.uk/ashwagandha-dosage-calculator/,calculator,True,
Asian Cooking Conversion Calculator,asian-cooking-conversion-calculator,https://tools.yalla-calculator.co.uk/asian-cooking-conversion-calculator/,calculator,True,
Asphalt Base Calculator,asphalt-base-calculator,https://tools.yalla-calculator.co.uk/asphalt-base-calculator/,calculator,True,
Asphalt Calculator,asphalt-calculator,https://tools.yalla-calculator.co.uk/asphalt-calculator/,calculator,True,Construction
Asphalt Compaction Calculator,asphalt-compaction-calculator,https://tools.yalla-calculator.co.uk/asphalt-compaction-calculator/,calculator,True,
Asphalt Cost Calculator,asphalt-cost-calculator,https://tools.yalla-calculator.co.uk/asphalt-cost-calculator/,calculator,True,
Asphalt Driveway Calculator,asphalt-driveway-calculator,https://tools.yalla-calculator.co.uk/asphalt-driveway-calculator/,calculator,True,
Asphalt Driveway Cost Guide,asphalt-driveway-cost-guide,https://tools.yalla-calculator.co.uk/asphalt-driveway-cost-guide/,guide,True,
Asphalt Paving Calculator,asphalt-paving-calculator,https://tools.yalla-calculator.co.uk/asphalt-paving-calculator/,calculator,True,
Asphalt Sealer Calculator 2,asphalt-sealer-calculator-2,https://tools.yalla-calculator.co.uk/asphalt-sealer-calculator-2/,calculator,True,
Asphalt Sealer Calculator,asphalt-sealer-calculator,https://tools.yalla-calculator.co.uk/asphalt-sealer-calculator/,calculator,True,Construction
Asphalt Thickness Calculator,asphalt-thickness-calculator,https://tools.yalla-calculator.co.uk/asphalt-thickness-calculator/,calculator,True,
Asphalt Tonnage Calculator,asphalt-tonnage-calculator,https://tools.yalla-calculator.co.uk/asphalt-tonnage-calculator/,calculator,True,
Asset Allocation Calculator,asset-allocation-calculator,https://tools.yalla-calculator.co.uk/asset-allocation-calculator/,calculator,True,
Asset Lifespan Calculator,asset-lifespan-calculator,https://tools.yalla-calculator.co.uk/asset-lifespan-calculator/,calculator,True,
Asset Turnover Calculator,asset-turnover-calculator,https://tools.yalla-calculator.co.uk/asset-turnover-calculator/,calculator,True,
Asset Valuation Calculator,asset-valuation-calculator,https://tools.yalla-calculator.co.uk/asset-valuation-calculator/,calculator,True,
Atmospheres To Pascals Converter,atmospheres-to-pascals-converter,https://tools.yalla-calculator.co.uk/atmospheres-to-pascals-converter/,converter,True,
Atmospheres To PSI Converter,atmospheres-to-psi-converter,https://tools.yalla-calculator.co.uk/atmospheres-to-psi-converter/,converter,True,
Atrial Fibrillation Risk Calculator,atrial-fibrillation-risk-calculator,https://tools.yalla-calculator.co.uk/atrial-fibrillation-risk-calculator/,calculator,True,
Attic Fan Calculator,attic-fan-calculator,https://tools.yalla-calculator.co.uk/attic-fan-calculator/,calculator,True,
Attic Insulation Calculator,attic-insulation-calculator,https://tools.yalla-calculator.co.uk/attic-insulation-calculator/,calculator,True,
Attic Ventilation Calculator,attic-ventilation-calculator,https://tools.yalla-calculator.co.uk/attic-ventilation-calculator/,calculator,True,
Audit Trail Calculator,audit-trail-calculator,https://tools.yalla-calculator.co.uk/audit-trail-calculator/,calculator,True,
Australian Cooking Conversion Calculator,australian-cooking-conversion-calculator,https://tools.yalla-calculator.co.uk/australian-cooking-conversion-calculator/,calculator,True,
Auto Affordability Calculator,auto-affordability-calculator,https://tools.yalla-calculator.co.uk/auto-affordability-calculator/,calculator,True,
Auto Depreciation Calculator,auto-depreciation-calculator,https://tools.yalla-calculator.co.uk/auto-depreciation-calculator/,calculator,True,
Auto Down Payment Calculator,auto-down-payment-calculator,https://tools.yalla-calculator.co.uk/auto-down-payment-calculator/,calculator,True,
Auto Insurance Calculator,auto-insurance-calculator,https://tools.yalla-calculator.co.uk/auto-insurance-calculator/,calculator,True,
Auto Insurance Coverage Calculator,auto-insurance-coverage-calculator,https://tools.yalla-calculator.co.uk/auto-insurance-coverage-calculator/,calculator,True,
Auto Insurance Savings Calculator,auto-insurance-savings-calculator,https://tools.yalla-calculator.co.uk/auto-insurance-savings-calculator/,calculator,True,
Auto Lease Calculator,auto-lease-calculator,https://tools.yalla-calculator.co.uk/auto-lease-calculator/,calculator,True,
Auto Loan Calculator 2,auto-loan-calculator-2,https://tools.yalla-calculator.co.uk/auto-loan-calculator-2/,calculator,True,
Auto Loan Calculator,auto-loan-calculator,https://tools.yalla-calculator.co.uk/auto-loan-calculator/,calculator,True,Financial
Auto Loan Comparison Calculator,auto-loan-comparison-calculator,https://tools.yalla-calculator.co.uk/auto-loan-comparison-calculator/,calculator,True,
Auto Loan Interest Calculator,auto-loan-interest-calculator,https://tools.yalla-calculator.co.uk/auto-loan-interest-calculator/,calculator,True,
Auto Loan Refinance Calculator,auto-loan-refinance-calculator,https://tools.yalla-calculator.co.uk/auto-loan-refinance-calculator/,calculator,True,
Auto Loan Term Calculator,auto-loan-term-calculator,https://tools.yalla-calculator.co.uk/auto-loan-term-calculator/,calculator,True,
Auto Refinance Calculator,auto-refinance-calculator,https://tools.yalla-calculator.co.uk/auto-refinance-calculator/,calculator,True,
Automotive Calculators,automotive-calculators,https://tools.yalla-calculator.co.uk/automotive-calculators/,category,True,Financial
Available Credit Calculator,available-credit-calculator,https://tools.yalla-calculator.co.uk/available-credit-calculator/,calculator,True,
Average Age Calculator,average-age-calculator,https://tools.yalla-calculator.co.uk/average-age-calculator/,calculator,True,
Average Rate Change,average-rate-change,https://tools.yalla-calculator.co.uk/average-rate-change/,page,False,
Axle Ratio Calculator,axle-ratio-calculator,https://tools.yalla-calculator.co.uk/axle-ratio-calculator/,calculator,True,
B Vitamin Complex Calculator,b-vitamin-complex-calculator,https://tools.yalla-calculator.co.uk/b-vitamin-complex-calculator/,calculator,True,
Baby Budget Calculator,baby-budget-calculator,https://tools.yalla-calculator.co.uk/baby-budget-calculator/,calculator,True,
Baby Clothing Calculator,baby-clothing-calculator,https://tools.yalla-calculator.co.uk/baby-clothing-calculator/,calculator,True,
Baby Cost Calculator,baby-cost-calculator,https://tools.yalla-calculator.co.uk/baby-cost-calculator/,calculator,True,
Baby Development Calculator,baby-development-calculator,https://tools.yalla-calculator.co.uk/baby-development-calculator/,calculator,True,
Baby Development Milestone Calculator,baby-development-milestone-calculator,https://tools.yalla-calculator.co.uk/baby-development-milestone-calculator/,calculator,True,
Baby Gear Calculator,baby-gear-calculator,https://tools.yalla-calculator.co.uk/baby-gear-calculator/,calculator,True,
Baby Gender Prediction Calculator,baby-gender-prediction-calculator,https://tools.yalla-calculator.co.uk/baby-gender-prediction-calculator/,calculator,True,
Baby Growth Calculator,baby-growth-calculator,https://tools.yalla-calculator.co.uk/baby-growth-calculator/,calculator,True,Health
Baby Growth Percentile Calculator,baby-growth-percentile-calculator,https://tools.yalla-calculator.co.uk/baby-growth-percentile-calculator/,calculator,True,
Baby Heart Rate Calculator,baby-heart-rate-calculator,https://tools.yalla-calculator.co.uk/baby-heart-rate-calculator/,calculator,True,
Baby Kick Counter,baby-kick-counter,https://tools.yalla-calculator.co.uk/baby-kick-counter/,counter,True,
Baby Movement Tracker,baby-movement-tracker,https://tools.yalla-calculator.co.uk/baby-movement-tracker/,tracker,True,
Baby Name Compatibility Calculator,baby-name-compatibility-calculator,https://tools.yalla-calculator.co.uk/baby-name-compatibility-calculator/,calculator,True,
Baby Shopping List Calculator,baby-shopping-list-calculator,https://tools.yalla-calculator.co.uk/baby-shopping-list-calculator/,calculator,True,
Baby Size Calculator,baby-size-calculator,https://tools.yalla-calculator.co.uk/baby-size-calculator/,calculator,True,
Baby Sleep Schedule Calculator,baby-sleep-schedule-calculator,https://tools.yalla-calculator.co.uk/baby-sleep-schedule-calculator/,calculator,True,
Baby Vaccine Schedule Calculator,baby-vaccine-schedule-calculator,https://tools.yalla-calculator.co.uk/baby-vaccine-schedule-calculator/,calculator,True,
Backpressure Calculator,backpressure-calculator,https://tools.yalla-calculator.co.uk/backpressure-calculator/,calculator,True,
Backsplash Calculator,backsplash-calculator,https://tools.yalla-calculator.co.uk/backsplash-calculator/,calculator,True,
Backup Generator Cost Guide,backup-generator-cost-guide,https://tools.yalla-calculator.co.uk/backup-generator-cost-guide/,generator,True,
Baking Conversions Calculator,baking-conversions-calculator,https://tools.yalla-calculator.co.uk/baking-conversions-calculator/,calculator,True,
Baking Powder Conversion Calculator,baking-powder-conversion-calculator,https://tools.yalla-calculator.co.uk/baking-powder-conversion-calculator/,calculator,True,
Baking Temperature Converter,baking-temperature-converter,https://tools.yalla-calculator.co.uk/baking-temperature-converter/,converter,True,Cooking
Baking Time Calculator,baking-time-calculator,https://tools.yalla-calculator.co.uk/baking-time-calculator/,calculator,True,Cooking
Balance Transfer Calculator,balance-transfer-calculator,https://tools.yalla-calculator.co.uk/balance-transfer-calculator/,calculator,True,Financial
Balance Transfer Comparison Calculator,balance-transfer-comparison-calculator,https://tools.yalla-calculator.co.uk/balance-transfer-comparison-calculator/,calculator,True,
Balance Transfer Fee Calculator,balance-transfer-fee-calculator,https://tools.yalla-calculator.co.uk/balance-transfer-fee-calculator/,calculator,True,
Balance Transfer Payment Calculator,balance-transfer-payment-calculator,https://tools.yalla-calculator.co.uk/balance-transfer-payment-calculator/,calculator,True,
Balance Transfer Payoff Calculator,balance-transfer-payoff-calculator,https://tools.yalla-calculator.co.uk/balance-transfer-payoff-calculator/,calculator,True,
Balance Transfer Savings Calculator,balance-transfer-savings-calculator,https://tools.yalla-calculator.co.uk/balance-transfer-savings-calculator/,calculator,True,
Balance Transfer Timeline Calculator,balance-transfer-timeline-calculator,https://tools.yalla-calculator.co.uk/balance-transfer-timeline-calculator/,calculator,True,
Baluster Calculator,baluster-calculator,https://tools.yalla-calculator.co.uk/baluster-calculator/,calculator,True,Construction
Baluster Spacing Calculator,baluster-spacing-calculator,https://tools.yalla-calculator.co.uk/baluster-spacing-calculator/,calculator,True,
Bank Account Comparison Calculator,bank-account-comparison-calculator,https://tools.yalla-calculator.co.uk/bank-account-comparison-calculator/,calculator,True,
Bank Comparison Calculator,bank-comparison-calculator,https://tools.yalla-calculator.co.uk/bank-comparison-calculator/,calculator,True,
Bank Transfer Fees Calculator,bank-transfer-fees-calculator,https://tools.yalla-calculator.co.uk/bank-transfer-fees-calculator/,calculator,True,
Bar To PSI Converter,bar-to-psi-converter,https://tools.yalla-calculator.co.uk/bar-to-psi-converter/,converter,True,
Bars To PSI Converter,bars-to-psi-converter,https://tools.yalla-calculator.co.uk/bars-to-psi-converter/,converter,True,
Basal Metabolic Rate Calculator,basal-metabolic-rate-calculator,https://tools.yalla-calculator.co.uk/basal-metabolic-rate-calculator/,calculator,True,
Basal Rate Calculator,basal-rate-calculator,https://tools.yalla-calculator.co.uk/basal-rate-calculator/,calculator,True,
Base Compaction Calculator,base-compaction-calculator,https://tools.yalla-calculator.co.uk/base-compaction-calculator/,calculator,True,
Base Thickness Calculator,base-thickness-calculator,https://tools.yalla-calculator.co.uk/base-thickness-calculator/,calculator,True,
Basic Calculators,basic-calculators,https://tools.yalla-calculator.co.uk/basic-calculators/,category,True,
Batch Size Calculator,batch-size-calculator,https://tools.yalla-calculator.co.uk/batch-size-calculator/,calculator,True,Cooking
Bathroom Renovation Cost Calculators,bathroom-renovation-cost-calculators,https://tools.yalla-calculator.co.uk/bathroom-renovation-cost-calculators/,category,True,Construction
Bathroom Tile Flooring Cost Guide,bathroom-tile-flooring-cost-guide,https://tools.yalla-calculator.co.uk/bathroom-tile-flooring-cost-guide/,guide,True,
Bathroom Vanity Cost Guide,bathroom-vanity-cost-guide,https://tools.yalla-calculator.co.uk/bathroom-vanity-cost-guide/,guide,True,
Bathtub Installation Cost Guide,bathtub-installation-cost-guide,https://tools.yalla-calculator.co.uk/bathtub-installation-cost-guide/,guide,True,
Bathtub Refinishing Cost Guide,bathtub-refinishing-cost-guide,https://tools.yalla-calculator.co.uk/bathtub-refinishing-cost-guide/,guide,True,
Batten Spacing Calculator,batten-spacing-calculator,https://tools.yalla-calculator.co.uk/batten-spacing-calculator/,calculator,True,
Battery Calculator,battery-calculator,https://tools.yalla-calculator.co.uk/battery-calculator/,calculator,True,
Battery Capacity Calculator,battery-capacity-calculator,https://tools.yalla-calculator.co.uk/battery-capacity-calculator/,calculator,True,Electrical
Battery Charging Time Calculator,battery-charging-time-calculator,https://tools.yalla-calculator.co.uk/battery-charging-time-calculator/,calculator,True,Electrical
Battery Efficiency Calculator,battery-efficiency-calculator,https://tools.yalla-calculator.co.uk/battery-efficiency-calculator/,calculator,True,Electrical
Battery Life Calculator,battery-life-calculator,https://tools.yalla-calculator.co.uk/battery-life-calculator/,calculator,True,Automotive
Battery Runtime Calculator,battery-runtime-calculator,https://tools.yalla-calculator.co.uk/battery-runtime-calculator/,calculator,True,Electrical
Battery Sizing Calculator,battery-sizing-calculator,https://tools.yalla-calculator.co.uk/battery-sizing-calculator/,calculator,True,Electrical
Bcaa Ratio Calculator,bcaa-ratio-calculator,https://tools.yalla-calculator.co.uk/bcaa-ratio-calculator/,calculator,True,
Beadboard Calculator,beadboard-calculator,https://tools.yalla-calculator.co.uk/beadboard-calculator/,calculator,True,
Bedroom Air Quality Calculator,bedroom-air-quality-calculator,https://tools.yalla-calculator.co.uk/bedroom-air-quality-calculator/,calculator,True,
Bedroom Humidity Calculator,bedroom-humidity-calculator,https://tools.yalla-calculator.co.uk/bedroom-humidity-calculator/,calculator,True,
Bedtime Calculator,bedtime-calculator,https://tools.yalla-calculator.co.uk/bedtime-calculator/,calculator,True,Health
Before After Calculator,before-after-calculator,https://tools.yalla-calculator.co.uk/before-after-calculator/,calculator,True,
Bench Calculator,bench-calculator,https://tools.yalla-calculator.co.uk/bench-calculator/,calculator,True,
Best Credit Card Calculator,best-credit-card-calculator,https://tools.yalla-calculator.co.uk/best-credit-card-calculator/,calculator,True,
Best Diet Calculator,best-diet-calculator,https://tools.yalla-calculator.co.uk/best-diet-calculator/,calculator,True,
Best Insurance Calculator,best-insurance-calculator,https://tools.yalla-calculator.co.uk/best-insurance-calculator/,calculator,True,
Best Loan Option Calculator,best-loan-option-calculator,https://tools.yalla-calculator.co.uk/best-loan-option-calculator/,calculator,True,
Best Time To Exchange Calculator,best-time-to-exchange-calculator,https://tools.yalla-calculator.co.uk/best-time-to-exchange-calculator/,calculator,True,
Beta Alanine Calculator,beta-alanine-calculator,https://tools.yalla-calculator.co.uk/beta-alanine-calculator/,calculator,True,
Beta Blocker Dosage Calculator,beta-blocker-dosage-calculator,https://tools.yalla-calculator.co.uk/beta-blocker-dosage-calculator/,calculator,True,
Beta Calculator Suite,beta-calculator-suite,https://tools.yalla-calculator.co.uk/beta-calculator-suite/,calculator,True,
Bhp Calculator,bhp-calculator,https://tools.yalla-calculator.co.uk/bhp-calculator/,calculator,True,
Binary Calculator,binary-calculator,https://tools.yalla-calculator.co.uk/binary-calculator/,calculator,True,Math
Biodiesel Calculator,biodiesel-calculator,https://tools.yalla-calculator.co.uk/biodiesel-calculator/,calculator,True,
Biofuel Efficiency Calculator,biofuel-efficiency-calculator,https://tools.yalla-calculator.co.uk/biofuel-efficiency-calculator/,calculator,True,
Bioload Calculator,bioload-calculator,https://tools.yalla-calculator.co.uk/bioload-calculator/,calculator,True,
Biological Age Calculator,biological-age-calculator,https://tools.yalla-calculator.co.uk/biological-age-calculator/,calculator,True,Health
Biomarker Calculator,biomarker-calculator,https://tools.yalla-calculator.co.uk/biomarker-calculator/,calculator,True,
Birth Weight Calculator,birth-weight-calculator,https://tools.yalla-calculator.co.uk/birth-weight-calculator/,calculator,True,
Birthday Calculator,birthday-calculator,https://tools.yalla-calculator.co.uk/birthday-calculator/,calculator,True,Time Date
Bits To Bytes Converter,bits-to-bytes-converter,https://tools.yalla-calculator.co.uk/bits-to-bytes-converter/,converter,True,
Biweekly Mortgage Calculator,biweekly-mortgage-calculator,https://tools.yalla-calculator.co.uk/biweekly-mortgage-calculator/,calculator,True,
Block Mortar Calculator,block-mortar-calculator,https://tools.yalla-calculator.co.uk/block-mortar-calculator/,calculator,True,Construction
Block Wall Calculator,block-wall-calculator,https://tools.yalla-calculator.co.uk/block-wall-calculator/,calculator,True,
Blood Glucose Calculator,blood-glucose-calculator,https://tools.yalla-calculator.co.uk/blood-glucose-calculator/,calculator,True,Health
Blood Pressure Calculator,blood-pressure-calculator,https://tools.yalla-calculator.co.uk/blood-pressure-calculator/,calculator,True,Health
Blood Pressure Goal Calculator,blood-pressure-goal-calculator,https://tools.yalla-calculator.co.uk/blood-pressure-goal-calculator/,calculator,True,
Blood Pressure Risk Calculator,blood-pressure-risk-calculator,https://tools.yalla-calculator.co.uk/blood-pressure-risk-calculator/,calculator,True,
Blood Pressure Variability Calculator,blood-pressure-variability-calculator,https://tools.yalla-calculator.co.uk/blood-pressure-variability-calculator/,calculator,True,
Blood Sugar Converter,blood-sugar-converter,https://tools.yalla-calculator.co.uk/blood-sugar-converter/,converter,True,Health
Blood Sugar Target Calculator,blood-sugar-target-calculator,https://tools.yalla-calculator.co.uk/blood-sugar-target-calculator/,calculator,True,
Blood Thinner Risk Calculator,blood-thinner-risk-calculator,https://tools.yalla-calculator.co.uk/blood-thinner-risk-calculator/,calculator,True,
BMI Calculator,bmi-calculator,https://tools.yalla-calculator.co.uk/bmi-calculator/,calculator,True,Health
Bmr Calculator,bmr-calculator,https://tools.yalla-calculator.co.uk/bmr-calculator/,calculator,True,Health
Board And Batten Layout Calculator,board-and-batten-layout-calculator,https://tools.yalla-calculator.co.uk/board-and-batten-layout-calculator/,calculator,True,Construction
Board And Batten Siding Calculator,board-and-batten-siding-calculator,https://tools.yalla-calculator.co.uk/board-and-batten-siding-calculator/,calculator,True,Construction
Board Foot Calculator,board-foot-calculator,https://tools.yalla-calculator.co.uk/board-foot-calculator/,calculator,True,Construction
Board Replacement Calculator,board-replacement-calculator,https://tools.yalla-calculator.co.uk/board-replacement-calculator/,calculator,True,
Body Adiposity Index Calculator,body-adiposity-index-calculator,https://tools.yalla-calculator.co.uk/body-adiposity-index-calculator/,calculator,True,
Body Age Calculator,body-age-calculator,https://tools.yalla-calculator.co.uk/body-age-calculator/,calculator,True,
Body Comparison Calculator,body-comparison-calculator,https://tools.yalla-calculator.co.uk/body-comparison-calculator/,calculator,True,
Body Composition Analysis,body-composition-analysis,https://tools.yalla-calculator.co.uk/body-composition-analysis/,analysis,True,
Body Fat Calculator,body-fat-calculator,https://tools.yalla-calculator.co.uk/body-fat-calculator/,calculator,True,Health
Body Fat Comparison Calculator,body-fat-comparison-calculator,https://tools.yalla-calculator.co.uk/body-fat-comparison-calculator/,calculator,True,
Body Fat Mass Calculator,body-fat-mass-calculator,https://tools.yalla-calculator.co.uk/body-fat-mass-calculator/,calculator,True,
Body Fat Percentage Calculator,body-fat-percentage-calculator,https://tools.yalla-calculator.co.uk/body-fat-percentage-calculator/,calculator,True,
Body Fat Visualizer,body-fat-visualizer,https://tools.yalla-calculator.co.uk/body-fat-visualizer/,visualizer,True,
Body Frame Size Calculator,body-frame-size-calculator,https://tools.yalla-calculator.co.uk/body-frame-size-calculator/,calculator,True,
Body Mass Index Calculator,body-mass-index-calculator,https://tools.yalla-calculator.co.uk/body-mass-index-calculator/,calculator,True,
Body Measurement Calculator,body-measurement-calculator,https://tools.yalla-calculator.co.uk/body-measurement-calculator/,calculator,True,
Body Measurement Chart,body-measurement-chart,https://tools.yalla-calculator.co.uk/body-measurement-chart/,chart,True,
Body Measurement Comparison,body-measurement-comparison,https://tools.yalla-calculator.co.uk/body-measurement-comparison/,comparison,True,
Body Measurement Tracker,body-measurement-tracker,https://tools.yalla-calculator.co.uk/body-measurement-tracker/,tracker,True,Health
Body Measurement,body-measurement,https://tools.yalla-calculator.co.uk/body-measurement/,page,False,
Body Measurements Calculator,body-measurements-calculator,https://tools.yalla-calculator.co.uk/body-measurements-calculator/,calculator,True,
Body Measurements Tracker,body-measurements-tracker,https://tools.yalla-calculator.co.uk/body-measurements-tracker/,tracker,True,
Body Proportions Calculator,body-proportions-calculator,https://tools.yalla-calculator.co.uk/body-proportions-calculator/,calculator,True,
Body Shape Calculator,body-shape-calculator,https://tools.yalla-calculator.co.uk/body-shape-calculator/,calculator,True,Health
Body Surface Area Calculator,body-surface-area-calculator,https://tools.yalla-calculator.co.uk/body-surface-area-calculator/,calculator,True,Health
Body Type Calculator,body-type-calculator,https://tools.yalla-calculator.co.uk/body-type-calculator/,calculator,True,
Body Typing Calculator,body-typing-calculator,https://tools.yalla-calculator.co.uk/body-typing-calculator/,calculator,True,
Body Weight Planner,body-weight-planner,https://tools.yalla-calculator.co.uk/body-weight-planner/,planner,True,Health
Bodybuilding Macro Calculator,bodybuilding-macro-calculator,https://tools.yalla-calculator.co.uk/bodybuilding-macro-calculator/,calculator,True,
Boiler Blown Down Calculator,boiler-blown-down-calculator,https://tools.yalla-calculator.co.uk/boiler-blown-down-calculator/,calculator,True,
Boiler Capacity Calculator,boiler-capacity-calculator,https://tools.yalla-calculator.co.uk/boiler-capacity-calculator/,calculator,True,
Boiler Efficiency Calculator,boiler-efficiency-calculator,https://tools.yalla-calculator.co.uk/boiler-efficiency-calculator/,calculator,True,
Boiler Feedwater Calculator,boiler-feedwater-calculator,https://tools.yalla-calculator.co.uk/boiler-feedwater-calculator/,calculator,True,
Boiler Fuel Calculator,boiler-fuel-calculator,https://tools.yalla-calculator.co.uk/boiler-fuel-calculator/,calculator,True,
Boiler Horsepower Calculator,boiler-horsepower-calculator,https://tools.yalla-calculator.co.uk/boiler-horsepower-calculator/,calculator,True,
Boiler Sizing Calculator,boiler-sizing-calculator,https://tools.yalla-calculator.co.uk/boiler-sizing-calculator/,calculator,True,
Bolt Pattern Calculator,bolt-pattern-calculator,https://tools.yalla-calculator.co.uk/bolt-pattern-calculator/,calculator,True,
Bolt Pattern Conversion Calculator,bolt-pattern-conversion-calculator,https://tools.yalla-calculator.co.uk/bolt-pattern-conversion-calculator/,calculator,True,
Bolus Calculator,bolus-calculator,https://tools.yalla-calculator.co.uk/bolus-calculator/,calculator,True,
Bolus Insulin Calculator,bolus-insulin-calculator,https://tools.yalla-calculator.co.uk/bolus-insulin-calculator/,calculator,True,
Bond Calculator,bond-calculator,https://tools.yalla-calculator.co.uk/bond-calculator/,calculator,True,
Bonding Jumper Calculator,bonding-jumper-calculator,https://tools.yalla-calculator.co.uk/bonding-jumper-calculator/,calculator,True,Electrical
Boost Calculator,boost-calculator,https://tools.yalla-calculator.co.uk/boost-calculator/,calculator,True,
Boost Horsepower Calculator,boost-horsepower-calculator,https://tools.yalla-calculator.co.uk/boost-horsepower-calculator/,calculator,True,
Boost Pressure Calculator,boost-pressure-calculator,https://tools.yalla-calculator.co.uk/boost-pressure-calculator/,calculator,True,
Booster Pump Calculator,booster-pump-calculator,https://tools.yalla-calculator.co.uk/booster-pump-calculator/,calculator,True,
Border Calculator,border-calculator,https://tools.yalla-calculator.co.uk/border-calculator/,calculator,True,
Bore Stroke Calculator,bore-stroke-calculator,https://tools.yalla-calculator.co.uk/bore-stroke-calculator/,calculator,True,
Botanical Dosage Calculator,botanical-dosage-calculator,https://tools.yalla-calculator.co.uk/botanical-dosage-calculator/,calculator,True,
Boundary Fence Calculator,boundary-fence-calculator,https://tools.yalla-calculator.co.uk/boundary-fence-calculator/,calculator,True,
Bow Front Calculator,bow-front-calculator,https://tools.yalla-calculator.co.uk/bow-front-calculator/,calculator,True,
Bp Medication Effectiveness Calculator,bp-medication-effectiveness-calculator,https://tools.yalla-calculator.co.uk/bp-medication-effectiveness-calculator/,calculator,True,
Bra Size Calculator,bra-size-calculator,https://tools.yalla-calculator.co.uk/bra-size-calculator/,calculator,True,
Brake Pad Life Calculator,brake-pad-life-calculator,https://tools.yalla-calculator.co.uk/brake-pad-life-calculator/,calculator,True,Automotive
Braking Efficiency Calculator,braking-efficiency-calculator,https://tools.yalla-calculator.co.uk/braking-efficiency-calculator/,calculator,True,
Branch Circuit Calculator,branch-circuit-calculator,https://tools.yalla-calculator.co.uk/branch-circuit-calculator/,calculator,True,Electrical
Brand Comparison Calculator,brand-comparison-calculator,https://tools.yalla-calculator.co.uk/brand-comparison-calculator/,calculator,True,
Bread Baking Calculator,bread-baking-calculator,https://tools.yalla-calculator.co.uk/bread-baking-calculator/,calculator,True,Cooking
Break Even Calculator,break-even-calculator,https://tools.yalla-calculator.co.uk/break-even-calculator/,calculator,True,Financial
Breakeven Calculator,breakeven-calculator,https://tools.yalla-calculator.co.uk/breakeven-calculator/,calculator,True,
Breastfeeding Calculator,breastfeeding-calculator,https://tools.yalla-calculator.co.uk/breastfeeding-calculator/,calculator,True,
Breastfeeding Glucose Calculator,breastfeeding-glucose-calculator,https://tools.yalla-calculator.co.uk/breastfeeding-glucose-calculator/,calculator,True,
Breeding Calculator,breeding-calculator,https://tools.yalla-calculator.co.uk/breeding-calculator/,calculator,True,
Brick Calculator,brick-calculator,https://tools.yalla-calculator.co.uk/brick-calculator/,calculator,True,Construction
Brick Patio Calculator,brick-patio-calculator,https://tools.yalla-calculator.co.uk/brick-patio-calculator/,calculator,True,
Brick Paver Calculator,brick-paver-calculator,https://tools.yalla-calculator.co.uk/brick-paver-calculator/,calculator,True,
Brick Siding Calculator,brick-siding-calculator,https://tools.yalla-calculator.co.uk/brick-siding-calculator/,calculator,True,
Brick Wall Cost Guide,brick-wall-cost-guide,https://tools.yalla-calculator.co.uk/brick-wall-cost-guide/,guide,True,
Brightener Calculator,brightener-calculator,https://tools.yalla-calculator.co.uk/brightener-calculator/,calculator,True,
Brine Calculator,brine-calculator,https://tools.yalla-calculator.co.uk/brine-calculator/,calculator,True,Cooking
British American Cooking Conversion Calculator,british-american-cooking-conversion-calculator,https://tools.yalla-calculator.co.uk/british-american-cooking-conversion-calculator/,calculator,True,
Broselow Tape Calculator,broselow-tape-calculator,https://tools.yalla-calculator.co.uk/broselow-tape-calculator/,calculator,True,
Brrrr Method Calculator,brrrr-method-calculator,https://tools.yalla-calculator.co.uk/brrrr-method-calculator/,calculator,True,
Bsa Calculator,bsa-calculator,https://tools.yalla-calculator.co.uk/bsa-calculator/,calculator,True,Health
BTU Calculator,btu-calculator,https://tools.yalla-calculator.co.uk/btu-calculator/,calculator,True,
BTU Per Hour To Watts Converter,btu-per-hour-to-watts-converter,https://tools.yalla-calculator.co.uk/btu-per-hour-to-watts-converter/,converter,True,
BTU To Joules Converter,btu-to-joules-converter,https://tools.yalla-calculator.co.uk/btu-to-joules-converter/,converter,True,
BTU To Kwh,btu-to-kwh,https://tools.yalla-calculator.co.uk/btu-to-kwh/,page,False,Conversion
BTU To Therms Calculator,btu-to-therms-calculator,https://tools.yalla-calculator.co.uk/btu-to-therms-calculator/,calculator,True,
BTU To Watts,btu-to-watts,https://tools.yalla-calculator.co.uk/btu-to-watts/,page,False,Conversion
Budget Adjustment Calculator,budget-adjustment-calculator,https://tools.yalla-calculator.co.uk/budget-adjustment-calculator/,calculator,True,
Budget Calculators,budget-calculators,https://tools.yalla-calculator.co.uk/budget-calculators/,category,True,
Budget Percentage Calculator,budget-percentage-calculator,https://tools.yalla-calculator.co.uk/budget-percentage-calculator/,calculator,True,
Budget Tracking Calculator,budget-tracking-calculator,https://tools.yalla-calculator.co.uk/budget-tracking-calculator/,calculator,True,
Building Envelope Calculator,building-envelope-calculator,https://tools.yalla-calculator.co.uk/building-envelope-calculator/,calculator,True,
Built In Cabinets Cost Guide,built-in-cabinets-cost-guide,https://tools.yalla-calculator.co.uk/built-in-cabinets-cost-guide/,guide,True,
Bulk Fuel Purchase Calculator,bulk-fuel-purchase-calculator,https://tools.yalla-calculator.co.uk/bulk-fuel-purchase-calculator/,calculator,True,
Bulk Purchase Calculator,bulk-purchase-calculator,https://tools.yalla-calculator.co.uk/bulk-purchase-calculator/,calculator,True,
Burnout Assessment,burnout-assessment,https://tools.yalla-calculator.co.uk/burnout-assessment/,assessment,True,
Burnout Calculator,burnout-calculator,https://tools.yalla-calculator.co.uk/burnout-calculator/,calculator,True,Health
Business Budget Calculator,business-budget-calculator,https://tools.yalla-calculator.co.uk/business-budget-calculator/,calculator,True,
Business Days Calculator,business-days-calculator,https://tools.yalla-calculator.co.uk/business-days-calculator/,calculator,True,Time Date
Business Expense Calculator,business-expense-calculator,https://tools.yalla-calculator.co.uk/business-expense-calculator/,calculator,True,Financial
Business Finance 2,business-finance-2,https://tools.yalla-calculator.co.uk/business-finance-2/,page,False,
Business Finance,business-finance,https://tools.yalla-calculator.co.uk/business-finance/,page,False,
Business Forex Calculator,business-forex-calculator,https://tools.yalla-calculator.co.uk/business-forex-calculator/,calculator,True,
Business Insurance Calculator,business-insurance-calculator,https://tools.yalla-calculator.co.uk/business-insurance-calculator/,calculator,True,
Business Insurance Premium Calculator,business-insurance-premium-calculator,https://tools.yalla-calculator.co.uk/business-insurance-premium-calculator/,calculator,True,
Business Interruption Calculator,business-interruption-calculator,https://tools.yalla-calculator.co.uk/business-interruption-calculator/,calculator,True,
Business Line Of Credit Calculator,business-line-of-credit-calculator,https://tools.yalla-calculator.co.uk/business-line-of-credit-calculator/,calculator,True,
Business Loan Calculator,business-loan-calculator,https://tools.yalla-calculator.co.uk/business-loan-calculator/,calculator,True,Financial
Business Loan Eligibility Calculator,business-loan-eligibility-calculator,https://tools.yalla-calculator.co.uk/business-loan-eligibility-calculator/,calculator,True,
Business Tax Deduction Calculator,business-tax-deduction-calculator,https://tools.yalla-calculator.co.uk/business-tax-deduction-calculator/,calculator,True,
Business Tax Return Calculator,business-tax-return-calculator,https://tools.yalla-calculator.co.uk/business-tax-return-calculator/,calculator,True,
Business Valuation Calculator,business-valuation-calculator,https://tools.yalla-calculator.co.uk/business-valuation-calculator/,calculator,True,Financial
Butter Conversion Calculator,butter-conversion-calculator,https://tools.yalla-calculator.co.uk/butter-conversion-calculator/,calculator,True,
Buy To Let Tax Calculator,buy-to-let-tax-calculator,https://tools.yalla-calculator.co.uk/buy-to-let-tax-calculator/,calculator,True,
Bytes To Bits Converter,bytes-to-bits-converter,https://tools.yalla-calculator.co.uk/bytes-to-bits-converter/,converter,True,
Bytes To Megabytes Converter,bytes-to-megabytes-converter,https://tools.yalla-calculator.co.uk/bytes-to-megabytes-converter/,converter,True,
Cabinet Construction Calculator,cabinet-construction-calculator,https://tools.yalla-calculator.co.uk/cabinet-construction-calculator/,calculator,True,
Cabinet Painting Cost Guide,cabinet-painting-cost-guide,https://tools.yalla-calculator.co.uk/cabinet-painting-cost-guide/,guide,True,
Cabinet Refacing Cost Guide,cabinet-refacing-cost-guide,https://tools.yalla-calculator.co.uk/cabinet-refacing-cost-guide/,guide,True,
Cable Length Calculator,cable-length-calculator,https://tools.yalla-calculator.co.uk/cable-length-calculator/,calculator,True,Electrical
Cable Railing Calculator,cable-railing-calculator,https://tools.yalla-calculator.co.uk/cable-railing-calculator/,calculator,True,
Cable Resistance Calculator,cable-resistance-calculator,https://tools.yalla-calculator.co.uk/cable-resistance-calculator/,calculator,True,Electrical
Cake Pan Converter,cake-pan-converter,https://tools.yalla-calculator.co.uk/cake-pan-converter/,converter,True,Cooking
Calcium Intake Calculator,calcium-intake-calculator,https://tools.yalla-calculator.co.uk/calcium-intake-calculator/,calculator,True,
Calorie Burn Calculator,calorie-burn-calculator,https://tools.yalla-calculator.co.uk/calorie-burn-calculator/,calculator,True,
Calorie Calculator,calorie-calculator,https://tools.yalla-calculator.co.uk/calorie-calculator/,calculator,True,Cooking
Calorie Deficit Calculator,calorie-deficit-calculator,https://tools.yalla-calculator.co.uk/calorie-deficit-calculator/,calculator,True,
Calorie Intake Calculator,calorie-intake-calculator,https://tools.yalla-calculator.co.uk/calorie-intake-calculator/,calculator,True,
Calorie Nutrition,calorie-nutrition,https://tools.yalla-calculator.co.uk/calorie-nutrition/,page,False,
Calorie Surplus Calculator,calorie-surplus-calculator,https://tools.yalla-calculator.co.uk/calorie-surplus-calculator/,calculator,True,
Calories Burned Calculator,calories-burned-calculator,https://tools.yalla-calculator.co.uk/calories-burned-calculator/,calculator,True,Health
Calories To Joules Converter,calories-to-joules-converter,https://tools.yalla-calculator.co.uk/calories-to-joules-converter/,converter,True,
Camshaft Calculator,camshaft-calculator,https://tools.yalla-calculator.co.uk/camshaft-calculator/,calculator,True,
Canadian Ct Head Rule Calculator,canadian-ct-head-rule-calculator,https://tools.yalla-calculator.co.uk/canadian-ct-head-rule-calculator/,calculator,True,
Candy Temperature Chart Calculator,candy-temperature-chart-calculator,https://tools.yalla-calculator.co.uk/candy-temperature-chart-calculator/,calculator,True,
Canning Calculator,canning-calculator,https://tools.yalla-calculator.co.uk/canning-calculator/,calculator,True,Cooking
Cantilever Calculator,cantilever-calculator,https://tools.yalla-calculator.co.uk/cantilever-calculator/,calculator,True,
Cap Rate Calculator,cap-rate-calculator,https://tools.yalla-calculator.co.uk/cap-rate-calculator/,calculator,True,Financial
Cap Rate Commercial Calculator,cap-rate-commercial-calculator,https://tools.yalla-calculator.co.uk/cap-rate-commercial-calculator/,calculator,True,
Capacitor Calculator,capacitor-calculator,https://tools.yalla-calculator.co.uk/capacitor-calculator/,calculator,True,Electrical
Capital Gains Calculator,capital-gains-calculator,https://tools.yalla-calculator.co.uk/capital-gains-calculator/,calculator,True,Financial
Capital Gains Tax Calculator,capital-gains-tax-calculator,https://tools.yalla-calculator.co.uk/capital-gains-tax-calculator/,calculator,True,
Capital Lease Calculator,capital-lease-calculator,https://tools.yalla-calculator.co.uk/capital-lease-calculator/,calculator,True,
Car Affordability Calculator,car-affordability-calculator,https://tools.yalla-calculator.co.uk/car-affordability-calculator/,calculator,True,
Car Budget Calculator,car-budget-calculator,https://tools.yalla-calculator.co.uk/car-budget-calculator/,calculator,True,
Car Depreciation Calculator,car-depreciation-calculator,https://tools.yalla-calculator.co.uk/car-depreciation-calculator/,calculator,True,
Car Down Payment Calculator,car-down-payment-calculator,https://tools.yalla-calculator.co.uk/car-down-payment-calculator/,calculator,True,
Car Efficiency Comparison Calculator,car-efficiency-comparison-calculator,https://tools.yalla-calculator.co.uk/car-efficiency-comparison-calculator/,calculator,True,
Car Insurance Calculator,car-insurance-calculator,https://tools.yalla-calculator.co.uk/car-insurance-calculator/,calculator,True,Financial
Car Insurance Comparison,car-insurance-comparison,https://tools.yalla-calculator.co.uk/car-insurance-comparison/,comparison,True,
Car Insurance Premium Calculator,car-insurance-premium-calculator,https://tools.yalla-calculator.co.uk/car-insurance-premium-calculator/,calculator,True,
Car Insurance Quote Estimator,car-insurance-quote-estimator,https://tools.yalla-calculator.co.uk/car-insurance-quote-estimator/,estimator,True,
Car Lease Calculator,car-lease-calculator,https://tools.yalla-calculator.co.uk/car-lease-calculator/,calculator,True,
Car Lease Vs Buy Calculator,car-lease-vs-buy-calculator,https://tools.yalla-calculator.co.uk/car-lease-vs-buy-calculator/,calculator,True,
Car Loan Calculator,car-loan-calculator,https://tools.yalla-calculator.co.uk/car-loan-calculator/,calculator,True,Automotive
Car Loan Interest Calculator,car-loan-interest-calculator,https://tools.yalla-calculator.co.uk/car-loan-interest-calculator/,calculator,True,
Car Loan Term Calculator,car-loan-term-calculator,https://tools.yalla-calculator.co.uk/car-loan-term-calculator/,calculator,True,
Car Ownership Cost Calculator,car-ownership-cost-calculator,https://tools.yalla-calculator.co.uk/car-ownership-cost-calculator/,calculator,True,
Car Payment Calculator,car-payment-calculator,https://tools.yalla-calculator.co.uk/car-payment-calculator/,calculator,True,
Car Refinance Calculator,car-refinance-calculator,https://tools.yalla-calculator.co.uk/car-refinance-calculator/,calculator,True,
Car Trade In Calculator,car-trade-in-calculator,https://tools.yalla-calculator.co.uk/car-trade-in-calculator/,calculator,True,
Car Wash Cost Calculator,car-wash-cost-calculator,https://tools.yalla-calculator.co.uk/car-wash-cost-calculator/,calculator,True,Automotive
Carb Calculator,carb-calculator,https://tools.yalla-calculator.co.uk/carb-calculator/,calculator,True,
Carb Loading Calculator,carb-loading-calculator,https://tools.yalla-calculator.co.uk/carb-loading-calculator/,calculator,True,
Carbohydrate Calculator,carbohydrate-calculator,https://tools.yalla-calculator.co.uk/carbohydrate-calculator/,calculator,True,Health
Carbon Footprint Calculator,carbon-footprint-calculator,https://tools.yalla-calculator.co.uk/carbon-footprint-calculator/,calculator,True,
Carbon Offset Calculator,carbon-offset-calculator,https://tools.yalla-calculator.co.uk/carbon-offset-calculator/,calculator,True,
Carbon Savings Calculator,carbon-savings-calculator,https://tools.yalla-calculator.co.uk/carbon-savings-calculator/,calculator,True,
Card Feature Comparison,card-feature-comparison,https://tools.yalla-calculator.co.uk/card-feature-comparison/,comparison,True,
Card Recommendation Calculator,card-recommendation-calculator,https://tools.yalla-calculator.co.uk/card-recommendation-calculator/,calculator,True,
Cardiac Output Calculator,cardiac-output-calculator,https://tools.yalla-calculator.co.uk/cardiac-output-calculator/,calculator,True,
Cardio Fitness Score Calculator,cardio-fitness-score-calculator,https://tools.yalla-calculator.co.uk/cardio-fitness-score-calculator/,calculator,True,
Cardiovascular Health Score Calculator,cardiovascular-health-score-calculator,https://tools.yalla-calculator.co.uk/cardiovascular-health-score-calculator/,calculator,True,
Cardiovascular Risk Calculator,cardiovascular-risk-calculator,https://tools.yalla-calculator.co.uk/cardiovascular-risk-calculator/,calculator,True,Health
Carpentry Trim,carpentry-trim,https://tools.yalla-calculator.co.uk/carpentry-trim/,page,False,
Carpet Calculator And Price Estimator,carpet-calculator-and-price-estimator,https://tools.yalla-calculator.co.uk/carpet-calculator-and-price-estimator/,calculator,True,Construction
Carpet Cost Calculator,carpet-cost-calculator,https://tools.yalla-calculator.co.uk/carpet-cost-calculator/,calculator,True,
Carpet Installation Calculator,carpet-installation-calculator,https://tools.yalla-calculator.co.uk/carpet-installation-calculator/,calculator,True,
Carpet Installation Cost Guide,carpet-installation-cost-guide,https://tools.yalla-calculator.co.uk/carpet-installation-cost-guide/,guide,True,
Carpet Measurement Calculator,carpet-measurement-calculator,https://tools.yalla-calculator.co.uk/carpet-measurement-calculator/,calculator,True,
Carpet Padding Calculator,carpet-padding-calculator,https://tools.yalla-calculator.co.uk/carpet-padding-calculator/,calculator,True,
Carpet Repair Cost Guide,carpet-repair-cost-guide,https://tools.yalla-calculator.co.uk/carpet-repair-cost-guide/,guide,True,
Carpet Square Footage Calculator,carpet-square-footage-calculator,https://tools.yalla-calculator.co.uk/carpet-square-footage-calculator/,calculator,True,
Carpet Stair Calculator,carpet-stair-calculator,https://tools.yalla-calculator.co.uk/carpet-stair-calculator/,calculator,True,
Carpet Yardage Calculator,carpet-yardage-calculator,https://tools.yalla-calculator.co.uk/carpet-yardage-calculator/,calculator,True,
Cash Advance Fee Calculator,cash-advance-fee-calculator,https://tools.yalla-calculator.co.uk/cash-advance-fee-calculator/,calculator,True,
Cash Back Calculator,cash-back-calculator,https://tools.yalla-calculator.co.uk/cash-back-calculator/,calculator,True,
Cash Conversion Cycle Calculator,cash-conversion-cycle-calculator,https://tools.yalla-calculator.co.uk/cash-conversion-cycle-calculator/,calculator,True,
Cash Flow Calculator,cash-flow-calculator,https://tools.yalla-calculator.co.uk/cash-flow-calculator/,calculator,True,Financial
Cash Flow Forecast Calculator,cash-flow-forecast-calculator,https://tools.yalla-calculator.co.uk/cash-flow-forecast-calculator/,calculator,True,
Cash On Cash Return Calculator,cash-on-cash-return-calculator,https://tools.yalla-calculator.co.uk/cash-on-cash-return-calculator/,calculator,True,Financial
Cash Out Refinance Calculator,cash-out-refinance-calculator,https://tools.yalla-calculator.co.uk/cash-out-refinance-calculator/,calculator,True,
Cat Age Calculator,cat-age-calculator,https://tools.yalla-calculator.co.uk/cat-age-calculator/,calculator,True,Pets
Cat BMI Calculator,cat-bmi-calculator,https://tools.yalla-calculator.co.uk/cat-bmi-calculator/,calculator,True,
Cat Calculators,cat-calculators,https://tools.yalla-calculator.co.uk/cat-calculators/,category,True,
Cat Calorie Calculator,cat-calorie-calculator,https://tools.yalla-calculator.co.uk/cat-calorie-calculator/,calculator,True,
Cat Deworming Calculator,cat-deworming-calculator,https://tools.yalla-calculator.co.uk/cat-deworming-calculator/,calculator,True,
Cat Feeding Schedule Calculator,cat-feeding-schedule-calculator,https://tools.yalla-calculator.co.uk/cat-feeding-schedule-calculator/,calculator,True,
Cat Food Calculator,cat-food-calculator,https://tools.yalla-calculator.co.uk/cat-food-calculator/,calculator,True,
Cat Food Cost Calculator,cat-food-cost-calculator,https://tools.yalla-calculator.co.uk/cat-food-cost-calculator/,calculator,True,
Cat Medication Calculator,cat-medication-calculator,https://tools.yalla-calculator.co.uk/cat-medication-calculator/,calculator,True,
Cat Nutritional Needs Calculator,cat-nutritional-needs-calculator,https://tools.yalla-calculator.co.uk/cat-nutritional-needs-calculator/,calculator,True,
Cat Treat Calculator,cat-treat-calculator,https://tools.yalla-calculator.co.uk/cat-treat-calculator/,calculator,True,
Cat Vaccination Schedule Calculator,cat-vaccination-schedule-calculator,https://tools.yalla-calculator.co.uk/cat-vaccination-schedule-calculator/,calculator,True,
Cat Water Intake Calculator,cat-water-intake-calculator,https://tools.yalla-calculator.co.uk/cat-water-intake-calculator/,calculator,True,
Cat Weight Calculator,cat-weight-calculator,https://tools.yalla-calculator.co.uk/cat-weight-calculator/,calculator,True,
Catalytic Converter Calculator,catalytic-converter-calculator,https://tools.yalla-calculator.co.uk/catalytic-converter-calculator/,calculator,True,
Catch Basin Calculator,catch-basin-calculator,https://tools.yalla-calculator.co.uk/catch-basin-calculator/,calculator,True,
Catch Up Sleep Calculator,catch-up-sleep-calculator,https://tools.yalla-calculator.co.uk/catch-up-sleep-calculator/,calculator,True,
Cc To Cid Calculator,cc-to-cid-calculator,https://tools.yalla-calculator.co.uk/cc-to-cid-calculator/,calculator,True,
Cd Calculator,cd-calculator,https://tools.yalla-calculator.co.uk/cd-calculator/,calculator,True,Financial
Ceiling Grid Calculator,ceiling-grid-calculator,https://tools.yalla-calculator.co.uk/ceiling-grid-calculator/,calculator,True,
Ceiling Height Calculator,ceiling-height-calculator,https://tools.yalla-calculator.co.uk/ceiling-height-calculator/,calculator,True,
Ceiling Lighting Calculator,ceiling-lighting-calculator,https://tools.yalla-calculator.co.uk/ceiling-lighting-calculator/,calculator,True,
Ceiling Paint Calculator,ceiling-paint-calculator,https://tools.yalla-calculator.co.uk/ceiling-paint-calculator/,calculator,True,
Ceiling Panel Calculator,ceiling-panel-calculator,https://tools.yalla-calculator.co.uk/ceiling-panel-calculator/,calculator,True,
Ceiling Texture Calculator,ceiling-texture-calculator,https://tools.yalla-calculator.co.uk/ceiling-texture-calculator/,calculator,True,
Ceiling Tile Calculator,ceiling-tile-calculator,https://tools.yalla-calculator.co.uk/ceiling-tile-calculator/,calculator,True,
Cellulose Insulation Calculator,cellulose-insulation-calculator,https://tools.yalla-calculator.co.uk/cellulose-insulation-calculator/,calculator,True,
Celsius To Fahrenheit Converter,celsius-to-fahrenheit-converter,https://tools.yalla-calculator.co.uk/celsius-to-fahrenheit-converter/,converter,True,
Celsius To Fahrenheit Oven Temperature Converter,celsius-to-fahrenheit-oven-temperature-converter,https://tools.yalla-calculator.co.uk/celsius-to-fahrenheit-oven-temperature-converter/,converter,True,
Celsius To Kelvin Converter,celsius-to-kelvin-converter,https://tools.yalla-calculator.co.uk/celsius-to-kelvin-converter/,converter,True,
Cement Calculator,cement-calculator,https://tools.yalla-calculator.co.uk/cement-calculator/,calculator,True,
Centenarian Calculator,centenarian-calculator,https://tools.yalla-calculator.co.uk/centenarian-calculator/,calculator,True,
Centrifugal Pump Calculator,centrifugal-pump-calculator,https://tools.yalla-calculator.co.uk/centrifugal-pump-calculator/,calculator,True,
Century Calculator,century-calculator,https://tools.yalla-calculator.co.uk/century-calculator/,calculator,True,Time Date
Certification Renewal Calculator,certification-renewal-calculator,https://tools.yalla-calculator.co.uk/certification-renewal-calculator/,calculator,True,
Cfm Calculator 2,cfm-calculator-2,https://tools.yalla-calculator.co.uk/cfm-calculator-2/,calculator,True,
Cfm Calculator,cfm-calculator,https://tools.yalla-calculator.co.uk/cfm-calculator/,calculator,True,Construction
Cgm Settings Calculator,cgm-settings-calculator,https://tools.yalla-calculator.co.uk/cgm-settings-calculator/,calculator,True,
Cgt Allowance Calculator,cgt-allowance-calculator,https://tools.yalla-calculator.co.uk/cgt-allowance-calculator/,calculator,True,
Cgt Exemption Calculator,cgt-exemption-calculator,https://tools.yalla-calculator.co.uk/cgt-exemption-calculator/,calculator,True,
Cgt Loss Calculator,cgt-loss-calculator,https://tools.yalla-calculator.co.uk/cgt-loss-calculator/,calculator,True,
Cgt Payment Calculator,cgt-payment-calculator,https://tools.yalla-calculator.co.uk/cgt-payment-calculator/,calculator,True,
Cgt Rate Calculator,cgt-rate-calculator,https://tools.yalla-calculator.co.uk/cgt-rate-calculator/,calculator,True,
Chads2 Vasc Score Calculator,chads2-vasc-score-calculator,https://tools.yalla-calculator.co.uk/chads2-vasc-score-calculator/,calculator,True,
Chain Link Calculator,chain-link-calculator,https://tools.yalla-calculator.co.uk/chain-link-calculator/,calculator,True,
Chain Link Fence Calculator,chain-link-fence-calculator,https://tools.yalla-calculator.co.uk/chain-link-fence-calculator/,calculator,True,
Chain Link Fence Cost Calculator,chain-link-fence-cost-calculator,https://tools.yalla-calculator.co.uk/chain-link-fence-cost-calculator/,calculator,True,
Channel Drain Calculator,channel-drain-calculator,https://tools.yalla-calculator.co.uk/channel-drain-calculator/,calculator,True,
Charitable Giving Calculator,charitable-giving-calculator,https://tools.yalla-calculator.co.uk/charitable-giving-calculator/,calculator,True,
Chemistry Calculators,chemistry-calculators,https://tools.yalla-calculator.co.uk/chemistry-calculators/,category,True,
Chicken Cooking Time Calculator,chicken-cooking-time-calculator,https://tools.yalla-calculator.co.uk/chicken-cooking-time-calculator/,calculator,True,Cooking
Child Pugh Score Calculator,child-pugh-score-calculator,https://tools.yalla-calculator.co.uk/child-pugh-score-calculator/,calculator,True,
Chimney Flashing Calculator,chimney-flashing-calculator,https://tools.yalla-calculator.co.uk/chimney-flashing-calculator/,calculator,True,
Cholesterol Goal Calculator,cholesterol-goal-calculator,https://tools.yalla-calculator.co.uk/cholesterol-goal-calculator/,calculator,True,
Cholesterol Intake Calculator,cholesterol-intake-calculator,https://tools.yalla-calculator.co.uk/cholesterol-intake-calculator/,calculator,True,
Cholesterol Ratio Calculator,cholesterol-ratio-calculator,https://tools.yalla-calculator.co.uk/cholesterol-ratio-calculator/,calculator,True,Health
Cholesterol Risk Calculator,cholesterol-risk-calculator,https://tools.yalla-calculator.co.uk/cholesterol-risk-calculator/,calculator,True,
Chronological Age Calculator,chronological-age-calculator,https://tools.yalla-calculator.co.uk/chronological-age-calculator/,calculator,True,Health
Cid Calculator,cid-calculator,https://tools.yalla-calculator.co.uk/cid-calculator/,calculator,True,
Cid To Cc Calculator,cid-to-cc-calculator,https://tools.yalla-calculator.co.uk/cid-to-cc-calculator/,calculator,True,
Cinder Block Calculator,cinder-block-calculator,https://tools.yalla-calculator.co.uk/cinder-block-calculator/,calculator,True,
Circadian Rhythm Calculator,circadian-rhythm-calculator,https://tools.yalla-calculator.co.uk/circadian-rhythm-calculator/,calculator,True,
Circle Calculator,circle-calculator,https://tools.yalla-calculator.co.uk/circle-calculator/,calculator,True,Math
City Comparison Calculator,city-comparison-calculator,https://tools.yalla-calculator.co.uk/city-comparison-calculator/,calculator,True,
Clapboard And Lap Board Siding Calculator,clapboard-and-lap-board-siding-calculator,https://tools.yalla-calculator.co.uk/clapboard-and-lap-board-siding-calculator/,calculator,True,Construction
Cleaner Calculator,cleaner-calculator,https://tools.yalla-calculator.co.uk/cleaner-calculator/,calculator,True,
Cleaning Schedule Calculator,cleaning-schedule-calculator,https://tools.yalla-calculator.co.uk/cleaning-schedule-calculator/,calculator,True,
Cleaning Solution Calculator,cleaning-solution-calculator,https://tools.yalla-calculator.co.uk/cleaning-solution-calculator/,calculator,True,
Closing Costs Calculator,closing-costs-calculator,https://tools.yalla-calculator.co.uk/closing-costs-calculator/,calculator,True,
Clothing Size Calculator,clothing-size-calculator,https://tools.yalla-calculator.co.uk/clothing-size-calculator/,calculator,True,
Cm To Inches,cm-to-inches,https://tools.yalla-calculator.co.uk/cm-to-inches/,page,False,Conversion
Cmu Calculator,cmu-calculator,https://tools.yalla-calculator.co.uk/cmu-calculator/,calculator,True,
Cng Calculator,cng-calculator,https://tools.yalla-calculator.co.uk/cng-calculator/,calculator,True,
CO2 Calculator,co2-calculator,https://tools.yalla-calculator.co.uk/co2-calculator/,calculator,True,
CO2 Emissions Calculator,co2-emissions-calculator,https://tools.yalla-calculator.co.uk/co2-emissions-calculator/,calculator,True,
Coffee Nap Calculator,coffee-nap-calculator,https://tools.yalla-calculator.co.uk/coffee-nap-calculator/,calculator,True,
Coil Calculator,coil-calculator,https://tools.yalla-calculator.co.uk/coil-calculator/,calculator,True,
Cold Tire Pressure Calculator,cold-tire-pressure-calculator,https://tools.yalla-calculator.co.uk/cold-tire-pressure-calculator/,calculator,True,
College Fund Calculator,college-fund-calculator,https://tools.yalla-calculator.co.uk/college-fund-calculator/,calculator,True,
College Savings Calculator,college-savings-calculator,https://tools.yalla-calculator.co.uk/college-savings-calculator/,calculator,True,Financial
Color Scheme Calculator,color-scheme-calculator,https://tools.yalla-calculator.co.uk/color-scheme-calculator/,calculator,True,
Commercial Cash Flow Calculator,commercial-cash-flow-calculator,https://tools.yalla-calculator.co.uk/commercial-cash-flow-calculator/,calculator,True,
Commercial Insurance Calculator,commercial-insurance-calculator,https://tools.yalla-calculator.co.uk/commercial-insurance-calculator/,calculator,True,
Commercial Lease Calculator,commercial-lease-calculator,https://tools.yalla-calculator.co.uk/commercial-lease-calculator/,calculator,True,
Commercial Load Calculator,commercial-load-calculator,https://tools.yalla-calculator.co.uk/commercial-load-calculator/,calculator,True,Electrical
Commercial Mortgage Calculator,commercial-mortgage-calculator,https://tools.yalla-calculator.co.uk/commercial-mortgage-calculator/,calculator,True,
Commercial Property Calculator,commercial-property-calculator,https://tools.yalla-calculator.co.uk/commercial-property-calculator/,calculator,True,
Commercial Property Valuation Calculator,commercial-property-valuation-calculator,https://tools.yalla-calculator.co.uk/commercial-property-valuation-calculator/,calculator,True,
Communication Style Assessment,communication-style-assessment,https://tools.yalla-calculator.co.uk/communication-style-assessment/,assessment,True,
Company Valuation Calculator,company-valuation-calculator,https://tools.yalla-calculator.co.uk/company-valuation-calculator/,calculator,True,
Compare Fractions Calculator,compare-fractions-calculator,https://tools.yalla-calculator.co.uk/compare-fractions-calculator/,calculator,True,
Comparison Calculator,comparison-calculator,https://tools.yalla-calculator.co.uk/comparison-calculator/,calculator,True,
Competency Tracker Calculator,competency-tracker-calculator,https://tools.yalla-calculator.co.uk/competency-tracker-calculator/,calculator,True,
Complex Fractions Calculator,complex-fractions-calculator,https://tools.yalla-calculator.co.uk/complex-fractions-calculator/,calculator,True,
Compliance Audit Calculator,compliance-audit-calculator,https://tools.yalla-calculator.co.uk/compliance-audit-calculator/,calculator,True,
Compliance Calculator,compliance-calculator,https://tools.yalla-calculator.co.uk/compliance-calculator/,calculator,True,
Compliance Reporting Calculator,compliance-reporting-calculator,https://tools.yalla-calculator.co.uk/compliance-reporting-calculator/,calculator,True,
Composite Deck Care Calculator,composite-deck-care-calculator,https://tools.yalla-calculator.co.uk/composite-deck-care-calculator/,calculator,True,
Composite Fence Calculator,composite-fence-calculator,https://tools.yalla-calculator.co.uk/composite-fence-calculator/,calculator,True,
Composite Railing Calculator,composite-railing-calculator,https://tools.yalla-calculator.co.uk/composite-railing-calculator/,calculator,True,
Compost Calculator,compost-calculator,https://tools.yalla-calculator.co.uk/compost-calculator/,calculator,True,
Compound Annual Growth Calculator,compound-annual-growth-calculator,https://tools.yalla-calculator.co.uk/compound-annual-growth-calculator/,calculator,True,
Compound Interest Auto Calculator,compound-interest-auto-calculator,https://tools.yalla-calculator.co.uk/compound-interest-auto-calculator/,calculator,True,
Compound Interest Calculator,compound-interest-calculator,https://tools.yalla-calculator.co.uk/compound-interest-calculator/,calculator,True,Financial
Comprehensive Retirement Calculator,comprehensive-retirement-calculator,https://tools.yalla-calculator.co.uk/comprehensive-retirement-calculator/,calculator,True,
Comprehensive Wellness Assessment,comprehensive-wellness-assessment,https://tools.yalla-calculator.co.uk/comprehensive-wellness-assessment/,assessment,True,
Compression Ratio Calculator,compression-ratio-calculator,https://tools.yalla-calculator.co.uk/compression-ratio-calculator/,calculator,True,
Compressive Strength Calculator,compressive-strength-calculator,https://tools.yalla-calculator.co.uk/compressive-strength-calculator/,calculator,True,
Compressor Map Calculator,compressor-map-calculator,https://tools.yalla-calculator.co.uk/compressor-map-calculator/,calculator,True,
Compressor Sizing Calculator,compressor-sizing-calculator,https://tools.yalla-calculator.co.uk/compressor-sizing-calculator/,calculator,True,
Conception Calculator,conception-calculator,https://tools.yalla-calculator.co.uk/conception-calculator/,calculator,True,Health
Concrete Admixture Calculator,concrete-admixture-calculator,https://tools.yalla-calculator.co.uk/concrete-admixture-calculator/,calculator,True,
Concrete Bag Calculator,concrete-bag-calculator,https://tools.yalla-calculator.co.uk/concrete-bag-calculator/,calculator,True,
Concrete Bags Calculator,concrete-bags-calculator,https://tools.yalla-calculator.co.uk/concrete-bags-calculator/,calculator,True,
Concrete Base Calculator,concrete-base-calculator,https://tools.yalla-calculator.co.uk/concrete-base-calculator/,calculator,True,
Concrete Batch Calculator,concrete-batch-calculator,https://tools.yalla-calculator.co.uk/concrete-batch-calculator/,calculator,True,
Concrete Bid Calculator,concrete-bid-calculator,https://tools.yalla-calculator.co.uk/concrete-bid-calculator/,calculator,True,
Concrete Block Calculator 2,concrete-block-calculator-2,https://tools.yalla-calculator.co.uk/concrete-block-calculator-2/,calculator,True,
Concrete Block Calculator,concrete-block-calculator,https://tools.yalla-calculator.co.uk/concrete-block-calculator/,calculator,True,Construction
Concrete Block Fill Calculator,concrete-block-fill-calculator,https://tools.yalla-calculator.co.uk/concrete-block-fill-calculator/,calculator,True,Construction
Concrete Block Wall Cost Guide,concrete-block-wall-cost-guide,https://tools.yalla-calculator.co.uk/concrete-block-wall-cost-guide/,guide,True,
Concrete Border Calculator,concrete-border-calculator,https://tools.yalla-calculator.co.uk/concrete-border-calculator/,calculator,True,
Concrete Calculator 2,concrete-calculator-2,https://tools.yalla-calculator.co.uk/concrete-calculator-2/,calculator,True,
Concrete Calculator,concrete-calculator,https://tools.yalla-calculator.co.uk/concrete-calculator/,calculator,True,Construction
Concrete Column Calculator,concrete-column-calculator,https://tools.yalla-calculator.co.uk/concrete-column-calculator/,calculator,True,
Concrete Control Joint Calculator,concrete-control-joint-calculator,https://tools.yalla-calculator.co.uk/concrete-control-joint-calculator/,calculator,True,
Concrete Cost Calculator 2,concrete-cost-calculator-2,https://tools.yalla-calculator.co.uk/concrete-cost-calculator-2/,calculator,True,
Concrete Cost Calculator,concrete-cost-calculator,https://tools.yalla-calculator.co.uk/concrete-cost-calculator/,calculator,True,
Concrete Curb Calculator,concrete-curb-calculator,https://tools.yalla-calculator.co.uk/concrete-curb-calculator/,calculator,True,
Concrete Curing Calculator,concrete-curing-calculator,https://tools.yalla-calculator.co.uk/concrete-curing-calculator/,calculator,True,
Concrete Curing Time Calculator,concrete-curing-time-calculator,https://tools.yalla-calculator.co.uk/concrete-curing-time-calculator/,calculator,True,
Concrete Delivery Calculator,concrete-delivery-calculator,https://tools.yalla-calculator.co.uk/concrete-delivery-calculator/,calculator,True,
Concrete Density Calculator,concrete-density-calculator,https://tools.yalla-calculator.co.uk/concrete-density-calculator/,calculator,True,
Concrete Driveway Calculator 2,concrete-driveway-calculator-2,https://tools.yalla-calculator.co.uk/concrete-driveway-calculator-2/,calculator,True,
Concrete Driveway Calculator,concrete-driveway-calculator,https://tools.yalla-calculator.co.uk/concrete-driveway-calculator/,calculator,True,Construction
Concrete Driveway Cost Guide,concrete-driveway-cost-guide,https://tools.yalla-calculator.co.uk/concrete-driveway-cost-guide/,guide,True,
Concrete Edging Calculator,concrete-edging-calculator,https://tools.yalla-calculator.co.uk/concrete-edging-calculator/,calculator,True,
Concrete Estimator,concrete-estimator,https://tools.yalla-calculator.co.uk/concrete-estimator/,estimator,True,
Concrete Expansion Joint Calculator,concrete-expansion-joint-calculator,https://tools.yalla-calculator.co.uk/concrete-expansion-joint-calculator/,calculator,True,
Concrete Finish Calculator,concrete-finish-calculator,https://tools.yalla-calculator.co.uk/concrete-finish-calculator/,calculator,True,
Concrete Finishing Calculator,concrete-finishing-calculator,https://tools.yalla-calculator.co.uk/concrete-finishing-calculator/,calculator,True,
Concrete Footing Calculator 2,concrete-footing-calculator-2,https://tools.yalla-calculator.co.uk/concrete-footing-calculator-2/,calculator,True,
Concrete Footing Calculator,concrete-footing-calculator,https://tools.yalla-calculator.co.uk/concrete-footing-calculator/,calculator,True,Construction
Concrete Footings Cost Guide,concrete-footings-cost-guide,https://tools.yalla-calculator.co.uk/concrete-footings-cost-guide/,guide,True,
Concrete Formwork Calculator,concrete-formwork-calculator,https://tools.yalla-calculator.co.uk/concrete-formwork-calculator/,calculator,True,
Concrete Foundation Cost Guide,concrete-foundation-cost-guide,https://tools.yalla-calculator.co.uk/concrete-foundation-cost-guide/,guide,True,
Concrete Grinding Calculator,concrete-grinding-calculator,https://tools.yalla-calculator.co.uk/concrete-grinding-calculator/,calculator,True,
Concrete Labor Cost Calculator,concrete-labor-cost-calculator,https://tools.yalla-calculator.co.uk/concrete-labor-cost-calculator/,calculator,True,
Concrete Landing Calculator,concrete-landing-calculator,https://tools.yalla-calculator.co.uk/concrete-landing-calculator/,calculator,True,
Concrete Load Calculator,concrete-load-calculator,https://tools.yalla-calculator.co.uk/concrete-load-calculator/,calculator,True,
Concrete Masonry,concrete-masonry,https://tools.yalla-calculator.co.uk/concrete-masonry/,page,False,
Concrete Material Calculator,concrete-material-calculator,https://tools.yalla-calculator.co.uk/concrete-material-calculator/,calculator,True,
Concrete Material Cost Calculator,concrete-material-cost-calculator,https://tools.yalla-calculator.co.uk/concrete-material-cost-calculator/,calculator,True,
Concrete Mix Calculator 2,concrete-mix-calculator-2,https://tools.yalla-calculator.co.uk/concrete-mix-calculator-2/,calculator,True,
Concrete Mix Calculator,concrete-mix-calculator,https://tools.yalla-calculator.co.uk/concrete-mix-calculator/,calculator,True,Construction
Concrete Mix Design Calculator,concrete-mix-design-calculator,https://tools.yalla-calculator.co.uk/concrete-mix-design-calculator/,calculator,True,
Concrete Mixer Calculator,concrete-mixer-calculator,https://tools.yalla-calculator.co.uk/concrete-mixer-calculator/,calculator,True,
Concrete Overlay Calculator,concrete-overlay-calculator,https://tools.yalla-calculator.co.uk/concrete-overlay-calculator/,calculator,True,
Concrete Pad Calculator,concrete-pad-calculator,https://tools.yalla-calculator.co.uk/concrete-pad-calculator/,calculator,True,
Concrete Patio Calculator 2,concrete-patio-calculator-2,https://tools.yalla-calculator.co.uk/concrete-patio-calculator-2/,calculator,True,
Concrete Patio Calculator,concrete-patio-calculator,https://tools.yalla-calculator.co.uk/concrete-patio-calculator/,calculator,True,
Concrete Patio Cost Guide,concrete-patio-cost-guide,https://tools.yalla-calculator.co.uk/concrete-patio-cost-guide/,guide,True,
Concrete Paver Calculator,concrete-paver-calculator,https://tools.yalla-calculator.co.uk/concrete-paver-calculator/,calculator,True,
Concrete Polishing Calculator,concrete-polishing-calculator,https://tools.yalla-calculator.co.uk/concrete-polishing-calculator/,calculator,True,
Concrete Pour Calculator,concrete-pour-calculator,https://tools.yalla-calculator.co.uk/concrete-pour-calculator/,calculator,True,
Concrete Price Calculator,concrete-price-calculator,https://tools.yalla-calculator.co.uk/concrete-price-calculator/,calculator,True,
Concrete Price Per Yard Calculator,concrete-price-per-yard-calculator,https://tools.yalla-calculator.co.uk/concrete-price-per-yard-calculator/,calculator,True,
Concrete Project Cost Calculator,concrete-project-cost-calculator,https://tools.yalla-calculator.co.uk/concrete-project-cost-calculator/,calculator,True,
Concrete Proportion Calculator,concrete-proportion-calculator,https://tools.yalla-calculator.co.uk/concrete-proportion-calculator/,calculator,True,
Concrete PSI Calculator,concrete-psi-calculator,https://tools.yalla-calculator.co.uk/concrete-psi-calculator/,calculator,True,
Concrete Rebar Calculator,concrete-rebar-calculator,https://tools.yalla-calculator.co.uk/concrete-rebar-calculator/,calculator,True,
Concrete Reinforcing Mesh Calculator 2,concrete-reinforcing-mesh-calculator-2,https://tools.yalla-calculator.co.uk/concrete-reinforcing-mesh-calculator-2/,calculator,True,
Concrete Reinforcing Mesh Calculator,concrete-reinforcing-mesh-calculator,https://tools.yalla-calculator.co.uk/concrete-reinforcing-mesh-calculator/,calculator,True,Construction
Concrete Resurfacer Calculator,concrete-resurfacer-calculator,https://tools.yalla-calculator.co.uk/concrete-resurfacer-calculator/,calculator,True,
Concrete Sealer Calculator,concrete-sealer-calculator,https://tools.yalla-calculator.co.uk/concrete-sealer-calculator/,calculator,True,
Concrete Set Time Calculator,concrete-set-time-calculator,https://tools.yalla-calculator.co.uk/concrete-set-time-calculator/,calculator,True,
Concrete Setting Time Calculator,concrete-setting-time-calculator,https://tools.yalla-calculator.co.uk/concrete-setting-time-calculator/,calculator,True,
Concrete Slab Calculator 2,concrete-slab-calculator-2,https://tools.yalla-calculator.co.uk/concrete-slab-calculator-2/,calculator,True,
Concrete Slab Calculator,concrete-slab-calculator,https://tools.yalla-calculator.co.uk/concrete-slab-calculator/,calculator,True,
Concrete Slab Cost Guide,concrete-slab-cost-guide,https://tools.yalla-calculator.co.uk/concrete-slab-cost-guide/,guide,True,
Concrete Slab Demolition Cost Guide,concrete-slab-demolition-cost-guide,https://tools.yalla-calculator.co.uk/concrete-slab-demolition-cost-guide/,guide,True,
Concrete Stain Calculator,concrete-stain-calculator,https://tools.yalla-calculator.co.uk/concrete-stain-calculator/,calculator,True,
Concrete Stair Calculator,concrete-stair-calculator,https://tools.yalla-calculator.co.uk/concrete-stair-calculator/,calculator,True,
Concrete Stairs Calculator,concrete-stairs-calculator,https://tools.yalla-calculator.co.uk/concrete-stairs-calculator/,calculator,True,
Concrete Steps Calculator 2,concrete-steps-calculator-2,https://tools.yalla-calculator.co.uk/concrete-steps-calculator-2/,calculator,True,
Concrete Steps Calculator,concrete-steps-calculator,https://tools.yalla-calculator.co.uk/concrete-steps-calculator/,calculator,True,Construction
Concrete Strength Calculator,concrete-strength-calculator,https://tools.yalla-calculator.co.uk/concrete-strength-calculator/,calculator,True,
Concrete Subbase Calculator,concrete-subbase-calculator,https://tools.yalla-calculator.co.uk/concrete-subbase-calculator/,calculator,True,
Concrete Thickness Calculator 2,concrete-thickness-calculator-2,https://tools.yalla-calculator.co.uk/concrete-thickness-calculator-2/,calculator,True,
Concrete Thickness Calculator,concrete-thickness-calculator,https://tools.yalla-calculator.co.uk/concrete-thickness-calculator/,calculator,True,
Concrete Truck Calculator,concrete-truck-calculator,https://tools.yalla-calculator.co.uk/concrete-truck-calculator/,calculator,True,
Concrete Tube Calculator,concrete-tube-calculator,https://tools.yalla-calculator.co.uk/concrete-tube-calculator/,calculator,True,
Concrete Vapor Barrier Calculator,concrete-vapor-barrier-calculator,https://tools.yalla-calculator.co.uk/concrete-vapor-barrier-calculator/,calculator,True,
Concrete Walkway Calculator,concrete-walkway-calculator,https://tools.yalla-calculator.co.uk/concrete-walkway-calculator/,calculator,True,
Concrete Wall Calculator,concrete-wall-calculator,https://tools.yalla-calculator.co.uk/concrete-wall-calculator/,calculator,True,
Concrete Waste Calculator,concrete-waste-calculator,https://tools.yalla-calculator.co.uk/concrete-waste-calculator/,calculator,True,
Concrete Weight Calculator 2,concrete-weight-calculator-2,https://tools.yalla-calculator.co.uk/concrete-weight-calculator-2/,calculator,True,
Concrete Weight Calculator,concrete-weight-calculator,https://tools.yalla-calculator.co.uk/concrete-weight-calculator/,calculator,True,Construction
Concrete Yardage Calculator,concrete-yardage-calculator,https://tools.yalla-calculator.co.uk/concrete-yardage-calculator/,calculator,True,
Concrete Yield Calculator,concrete-yield-calculator,https://tools.yalla-calculator.co.uk/concrete-yield-calculator/,calculator,True,
Condition Monitoring Calculator,condition-monitoring-calculator,https://tools.yalla-calculator.co.uk/condition-monitoring-calculator/,calculator,True,
Conduit Bending Calculator,conduit-bending-calculator,https://tools.yalla-calculator.co.uk/conduit-bending-calculator/,calculator,True,Electrical
Conduit Expansion Calculator,conduit-expansion-calculator,https://tools.yalla-calculator.co.uk/conduit-expansion-calculator/,calculator,True,Electrical
Conduit Fill Calculator,conduit-fill-calculator,https://tools.yalla-calculator.co.uk/conduit-fill-calculator/,calculator,True,Electrical
Conduit Sealing Calculator,conduit-sealing-calculator,https://tools.yalla-calculator.co.uk/conduit-sealing-calculator/,calculator,True,Electrical
Conduit Size Calculator,conduit-size-calculator,https://tools.yalla-calculator.co.uk/conduit-size-calculator/,calculator,True,Electrical
Conduit Support Calculator,conduit-support-calculator,https://tools.yalla-calculator.co.uk/conduit-support-calculator/,calculator,True,Electrical
Conflict Resolution Calculator,conflict-resolution-calculator,https://tools.yalla-calculator.co.uk/conflict-resolution-calculator/,calculator,True,
Construction Calculators,construction-calculators,https://tools.yalla-calculator.co.uk/construction-calculators/,category,True,Financial
Construction Fraction Calculator,construction-fraction-calculator,https://tools.yalla-calculator.co.uk/construction-fraction-calculator/,calculator,True,
Construction Waste Calculator,construction-waste-calculator,https://tools.yalla-calculator.co.uk/construction-waste-calculator/,calculator,True,
Container Garden Calculator,container-garden-calculator,https://tools.yalla-calculator.co.uk/container-garden-calculator/,calculator,True,
Continued Fractions Calculator,continued-fractions-calculator,https://tools.yalla-calculator.co.uk/continued-fractions-calculator/,calculator,True,
Continuous Compounding Calculator,continuous-compounding-calculator,https://tools.yalla-calculator.co.uk/continuous-compounding-calculator/,calculator,True,
Contractor Rate Calculator,contractor-rate-calculator,https://tools.yalla-calculator.co.uk/contractor-rate-calculator/,calculator,True,
Contribution Margin Calculator,contribution-margin-calculator,https://tools.yalla-calculator.co.uk/contribution-margin-calculator/,calculator,True,
Conventional Loan Calculator,conventional-loan-calculator,https://tools.yalla-calculator.co.uk/conventional-loan-calculator/,calculator,True,
Conversion Calculators,conversion-calculators,https://tools.yalla-calculator.co.uk/conversion-calculators/,category,True,Financial
Cookie Scoop Calculator,cookie-scoop-calculator,https://tools.yalla-calculator.co.uk/cookie-scoop-calculator/,calculator,True,Cooking
Cooking Conversion Calculator,cooking-conversion-calculator,https://tools.yalla-calculator.co.uk/cooking-conversion-calculator/,calculator,True,
Cooking Measurement Calculator,cooking-measurement-calculator,https://tools.yalla-calculator.co.uk/cooking-measurement-calculator/,calculator,True,
Cooking,cooking,https://tools.yalla-calculator.co.uk/cooking/,category,False,Financial
Coolant Flow Calculator,coolant-flow-calculator,https://tools.yalla-calculator.co.uk/coolant-flow-calculator/,calculator,True,
Cooling Capacity Calculator,cooling-capacity-calculator,https://tools.yalla-calculator.co.uk/cooling-capacity-calculator/,calculator,True,
Cooling Load Calculator,cooling-load-calculator,https://tools.yalla-calculator.co.uk/cooling-load-calculator/,calculator,True,
Cooling System Efficiency Calculator,cooling-system-efficiency-calculator,https://tools.yalla-calculator.co.uk/cooling-system-efficiency-calculator/,calculator,True,
Corner Angle Calculator,corner-angle-calculator,https://tools.yalla-calculator.co.uk/corner-angle-calculator/,calculator,True,
Corner Post Calculator,corner-post-calculator,https://tools.yalla-calculator.co.uk/corner-post-calculator/,calculator,True,
Corner Trim Calculator,corner-trim-calculator,https://tools.yalla-calculator.co.uk/corner-trim-calculator/,calculator,True,
Cornering Force Calculator,cornering-force-calculator,https://tools.yalla-calculator.co.uk/cornering-force-calculator/,calculator,True,
Corporate Tax Calculator,corporate-tax-calculator,https://tools.yalla-calculator.co.uk/corporate-tax-calculator/,calculator,True,
Corporation Tax Calculator,corporation-tax-calculator,https://tools.yalla-calculator.co.uk/corporation-tax-calculator/,calculator,True,
Corrected Calcium Calculator,corrected-calcium-calculator,https://tools.yalla-calculator.co.uk/corrected-calcium-calculator/,calculator,True,
Correction Dose Calculator,correction-dose-calculator,https://tools.yalla-calculator.co.uk/correction-dose-calculator/,calculator,True,
Correlation Calculator,correlation-calculator,https://tools.yalla-calculator.co.uk/correlation-calculator/,calculator,True,
Corrugated Metal Calculator,corrugated-metal-calculator,https://tools.yalla-calculator.co.uk/corrugated-metal-calculator/,calculator,True,
Cost Comparison Calculator 2,cost-comparison-calculator-2,https://tools.yalla-calculator.co.uk/cost-comparison-calculator-2/,calculator,True,
Cost Comparison Calculator,cost-comparison-calculator,https://tools.yalla-calculator.co.uk/cost-comparison-calculator/,calculator,True,
Cost Of Living Calculator,cost-of-living-calculator,https://tools.yalla-calculator.co.uk/cost-of-living-calculator/,calculator,True,Financial
Cost Per Mile Calculator,cost-per-mile-calculator,https://tools.yalla-calculator.co.uk/cost-per-mile-calculator/,calculator,True,
Council Tax Calculator,council-tax-calculator,https://tools.yalla-calculator.co.uk/council-tax-calculator/,calculator,True,
Countdown Calculator Calculate Time Until Your Event,countdown-calculator-calculate-time-until-your-event,https://tools.yalla-calculator.co.uk/countdown-calculator-calculate-time-until-your-event/,calculator,True,
Countdown Calculators,countdown-calculators,https://tools.yalla-calculator.co.uk/countdown-calculators/,category,True,
Countdown Timer,countdown-timer,https://tools.yalla-calculator.co.uk/countdown-timer/,timer,True,
Countertop Installation Cost Guide,countertop-installation-cost-guide,https://tools.yalla-calculator.co.uk/countertop-installation-cost-guide/,guide,True,
Coverage Amount Calculator,coverage-amount-calculator,https://tools.yalla-calculator.co.uk/coverage-amount-calculator/,calculator,True,
Coverage Calculator,coverage-calculator,https://tools.yalla-calculator.co.uk/coverage-calculator/,calculator,True,Financial
Coverage Comparison Calculator,coverage-comparison-calculator,https://tools.yalla-calculator.co.uk/coverage-comparison-calculator/,calculator,True,
Crack Filling Calculator,crack-filling-calculator,https://tools.yalla-calculator.co.uk/crack-filling-calculator/,calculator,True,
Creatine Loading Calculator,creatine-loading-calculator,https://tools.yalla-calculator.co.uk/creatine-loading-calculator/,calculator,True,
Creatinine Clearance Calculator,creatinine-clearance-calculator,https://tools.yalla-calculator.co.uk/creatinine-clearance-calculator/,calculator,True,Health
Credit Age Calculator,credit-age-calculator,https://tools.yalla-calculator.co.uk/credit-age-calculator/,calculator,True,
Credit Building Calculator,credit-building-calculator,https://tools.yalla-calculator.co.uk/credit-building-calculator/,calculator,True,
Credit Card Calculators,credit-card-calculators,https://tools.yalla-calculator.co.uk/credit-card-calculators/,category,True,
Credit Card Comparison Calculator,credit-card-comparison-calculator,https://tools.yalla-calculator.co.uk/credit-card-comparison-calculator/,calculator,True,
Credit Card Interest Calculator,credit-card-interest-calculator,https://tools.yalla-calculator.co.uk/credit-card-interest-calculator/,calculator,True,Financial
Credit Card Payment Calculator,credit-card-payment-calculator,https://tools.yalla-calculator.co.uk/credit-card-payment-calculator/,calculator,True,
Credit Card Payoff Calculator 2,credit-card-payoff-calculator-2,https://tools.yalla-calculator.co.uk/credit-card-payoff-calculator-2/,calculator,True,
Credit Card Payoff Calculator,credit-card-payoff-calculator,https://tools.yalla-calculator.co.uk/credit-card-payoff-calculator/,calculator,True,Financial
Credit Card Rewards Calculator,credit-card-rewards-calculator,https://tools.yalla-calculator.co.uk/credit-card-rewards-calculator/,calculator,True,Financial
Credit Limit Increase Calculator,credit-limit-increase-calculator,https://tools.yalla-calculator.co.uk/credit-limit-increase-calculator/,calculator,True,
Credit Mix Calculator,credit-mix-calculator,https://tools.yalla-calculator.co.uk/credit-mix-calculator/,calculator,True,
Credit Score Impact Calculator,credit-score-impact-calculator,https://tools.yalla-calculator.co.uk/credit-score-impact-calculator/,calculator,True,
Credit Utilization Calculator,credit-utilization-calculator,https://tools.yalla-calculator.co.uk/credit-utilization-calculator/,calculator,True,Financial
Crew Size Calculator 2,crew-size-calculator-2,https://tools.yalla-calculator.co.uk/crew-size-calculator-2/,calculator,True,
Crew Size Calculator,crew-size-calculator,https://tools.yalla-calculator.co.uk/crew-size-calculator/,calculator,True,
Crisis Intervention Planner,crisis-intervention-planner,https://tools.yalla-calculator.co.uk/crisis-intervention-planner/,planner,True,
Crisis Safety Planner,crisis-safety-planner,https://tools.yalla-calculator.co.uk/crisis-safety-planner/,planner,True,
Cross Border Fees Calculator,cross-border-fees-calculator,https://tools.yalla-calculator.co.uk/cross-border-fees-calculator/,calculator,True,
Cross Border Payment Calculator,cross-border-payment-calculator,https://tools.yalla-calculator.co.uk/cross-border-payment-calculator/,calculator,True,
Cross Currency Calculator,cross-currency-calculator,https://tools.yalla-calculator.co.uk/cross-currency-calculator/,calculator,True,
Cross Currency Invoicing Calculator,cross-currency-invoicing-calculator,https://tools.yalla-calculator.co.uk/cross-currency-invoicing-calculator/,calculator,True,
Crown Molding Calculator,crown-molding-calculator,https://tools.yalla-calculator.co.uk/crown-molding-calculator/,calculator,True,
Crown Molding Cost Guide,crown-molding-cost-guide,https://tools.yalla-calculator.co.uk/crown-molding-cost-guide/,guide,True,
Cruise Control Efficiency Calculator,cruise-control-efficiency-calculator,https://tools.yalla-calculator.co.uk/cruise-control-efficiency-calculator/,calculator,True,
Crushed Stone Base Calculator,crushed-stone-base-calculator,https://tools.yalla-calculator.co.uk/crushed-stone-base-calculator/,calculator,True,
Crushed Stone Calculator,crushed-stone-calculator,https://tools.yalla-calculator.co.uk/crushed-stone-calculator/,calculator,True,
Crypto Converter,crypto-converter,https://tools.yalla-calculator.co.uk/crypto-converter/,converter,True,
Crypto Investment Calculator,crypto-investment-calculator,https://tools.yalla-calculator.co.uk/crypto-investment-calculator/,calculator,True,
Cubic Centimeters To Cubic Inches Converter,cubic-centimeters-to-cubic-inches-converter,https://tools.yalla-calculator.co.uk/cubic-centimeters-to-cubic-inches-converter/,converter,True,
Cubic Feet Calculator,cubic-feet-calculator,https://tools.yalla-calculator.co.uk/cubic-feet-calculator/,calculator,True,Construction
Cubic Feet To Cubic Meters Converter,cubic-feet-to-cubic-meters-converter,https://tools.yalla-calculator.co.uk/cubic-feet-to-cubic-meters-converter/,converter,True,
Cubic Inches Calculator,cubic-inches-calculator,https://tools.yalla-calculator.co.uk/cubic-inches-calculator/,calculator,True,Construction
Cubic Inches To Cubic Centimeters Converter,cubic-inches-to-cubic-centimeters-converter,https://tools.yalla-calculator.co.uk/cubic-inches-to-cubic-centimeters-converter/,converter,True,
Cubic Meters Calculator,cubic-meters-calculator,https://tools.yalla-calculator.co.uk/cubic-meters-calculator/,calculator,True,Construction
Cubic Meters To Cubic Feet Converter,cubic-meters-to-cubic-feet-converter,https://tools.yalla-calculator.co.uk/cubic-meters-to-cubic-feet-converter/,converter,True,
Cubic Yards Calculator,cubic-yards-calculator,https://tools.yalla-calculator.co.uk/cubic-yards-calculator/,calculator,True,Construction
Cubic Yards Concrete Calculator,cubic-yards-concrete-calculator,https://tools.yalla-calculator.co.uk/cubic-yards-concrete-calculator/,calculator,True,
Cups To Fluid Ounces Converter,cups-to-fluid-ounces-converter,https://tools.yalla-calculator.co.uk/cups-to-fluid-ounces-converter/,converter,True,
Cups To Grams Converter,cups-to-grams-converter,https://tools.yalla-calculator.co.uk/cups-to-grams-converter/,converter,True,
Cups To Milliliters Converter,cups-to-milliliters-converter,https://tools.yalla-calculator.co.uk/cups-to-milliliters-converter/,converter,True,
Cups To Ounces Converter,cups-to-ounces-converter,https://tools.yalla-calculator.co.uk/cups-to-ounces-converter/,converter,True,
Cups To Pints Converter,cups-to-pints-converter,https://tools.yalla-calculator.co.uk/cups-to-pints-converter/,converter,True,
Cups To Quarts Converter,cups-to-quarts-converter,https://tools.yalla-calculator.co.uk/cups-to-quarts-converter/,converter,True,
Cups To Tablespoons Converter,cups-to-tablespoons-converter,https://tools.yalla-calculator.co.uk/cups-to-tablespoons-converter/,converter,True,
Currency Buying Calculator,currency-buying-calculator,https://tools.yalla-calculator.co.uk/currency-buying-calculator/,calculator,True,
Currency Calculators,currency-calculators,https://tools.yalla-calculator.co.uk/currency-calculators/,category,True,
Currency Comparison Calculator,currency-comparison-calculator,https://tools.yalla-calculator.co.uk/currency-comparison-calculator/,calculator,True,
Currency Conversion Calculator,currency-conversion-calculator,https://tools.yalla-calculator.co.uk/currency-conversion-calculator/,calculator,True,
Currency Conversion Table,currency-conversion-table,https://tools.yalla-calculator.co.uk/currency-conversion-table/,table,True,
Currency Converter,currency-converter,https://tools.yalla-calculator.co.uk/currency-converter/,converter,True,Financial
Currency Correlation Calculator,currency-correlation-calculator,https://tools.yalla-calculator.co.uk/currency-correlation-calculator/,calculator,True,
Currency Exchange Fees Calculator,currency-exchange-fees-calculator,https://tools.yalla-calculator.co.uk/currency-exchange-fees-calculator/,calculator,True,
Currency Exposure Calculator,currency-exposure-calculator,https://tools.yalla-calculator.co.uk/currency-exposure-calculator/,calculator,True,
Currency For Travel Calculator,currency-for-travel-calculator,https://tools.yalla-calculator.co.uk/currency-for-travel-calculator/,calculator,True,
Currency Hedging Calculator,currency-hedging-calculator,https://tools.yalla-calculator.co.uk/currency-hedging-calculator/,calculator,True,
Currency Invoicing Calculator,currency-invoicing-calculator,https://tools.yalla-calculator.co.uk/currency-invoicing-calculator/,calculator,True,
Currency Pair Converter,currency-pair-converter,https://tools.yalla-calculator.co.uk/currency-pair-converter/,converter,True,
Currency Performance Calculator,currency-performance-calculator,https://tools.yalla-calculator.co.uk/currency-performance-calculator/,calculator,True,
Currency Risk Calculator,currency-risk-calculator,https://tools.yalla-calculator.co.uk/currency-risk-calculator/,calculator,True,Financial
Currency Strength Calculator,currency-strength-calculator,https://tools.yalla-calculator.co.uk/currency-strength-calculator/,calculator,True,
Currency Trend Analysis Calculator,currency-trend-analysis-calculator,https://tools.yalla-calculator.co.uk/currency-trend-analysis-calculator/,calculator,True,
Currency Volatility Calculator,currency-volatility-calculator,https://tools.yalla-calculator.co.uk/currency-volatility-calculator/,calculator,True,
Current Draw Calculator,current-draw-calculator,https://tools.yalla-calculator.co.uk/current-draw-calculator/,calculator,True,
Current Ratio Calculator,current-ratio-calculator,https://tools.yalla-calculator.co.uk/current-ratio-calculator/,calculator,True,
Current Transformer Calculator,current-transformer-calculator,https://tools.yalla-calculator.co.uk/current-transformer-calculator/,calculator,True,Electrical
Curved Deck Calculator,curved-deck-calculator,https://tools.yalla-calculator.co.uk/curved-deck-calculator/,calculator,True,
Cycling Calculator,cycling-calculator,https://tools.yalla-calculator.co.uk/cycling-calculator/,calculator,True,
Cylinder Cubic Footage Calculator,cylinder-cubic-footage-calculator,https://tools.yalla-calculator.co.uk/cylinder-cubic-footage-calculator/,calculator,True,Construction
Cylinder Cubic Yardage Calculator,cylinder-cubic-yardage-calculator,https://tools.yalla-calculator.co.uk/cylinder-cubic-yardage-calculator/,calculator,True,Construction
Cylinder Tank Calculator,cylinder-tank-calculator,https://tools.yalla-calculator.co.uk/cylinder-tank-calculator/,calculator,True,
Daily Calorie Calculator,daily-calorie-calculator,https://tools.yalla-calculator.co.uk/daily-calorie-calculator/,calculator,True,
Daily Compound Interest Calculator,daily-compound-interest-calculator,https://tools.yalla-calculator.co.uk/daily-compound-interest-calculator/,calculator,True,
Daily Expense Calculator,daily-expense-calculator,https://tools.yalla-calculator.co.uk/daily-expense-calculator/,calculator,True,
Daily Interest Calculator,daily-interest-calculator,https://tools.yalla-calculator.co.uk/daily-interest-calculator/,calculator,True,
Daily Stress Tracker,daily-stress-tracker,https://tools.yalla-calculator.co.uk/daily-stress-tracker/,tracker,True,
Daily Wellness Score Calculator,daily-wellness-score-calculator,https://tools.yalla-calculator.co.uk/daily-wellness-score-calculator/,calculator,True,
Dairy Free Calculator,dairy-free-calculator,https://tools.yalla-calculator.co.uk/dairy-free-calculator/,calculator,True,
Dairy Free Conversion Calculator,dairy-free-conversion-calculator,https://tools.yalla-calculator.co.uk/dairy-free-conversion-calculator/,calculator,True,Cooking
Data Storage Converter,data-storage-converter,https://tools.yalla-calculator.co.uk/data-storage-converter/,converter,True,
Data Upload Calculator,data-upload-calculator,https://tools.yalla-calculator.co.uk/data-upload-calculator/,calculator,True,
Date Calculator,date-calculator,https://tools.yalla-calculator.co.uk/date-calculator/,calculator,True,Health
Day Of Week Calculator,day-of-week-calculator,https://tools.yalla-calculator.co.uk/day-of-week-calculator/,calculator,True,
Days Alive Calculator,days-alive-calculator,https://tools.yalla-calculator.co.uk/days-alive-calculator/,calculator,True,
Days Between Dates Calculator,days-between-dates-calculator,https://tools.yalla-calculator.co.uk/days-between-dates-calculator/,calculator,True,Time Date
Days To Hours Calculator,days-to-hours-calculator,https://tools.yalla-calculator.co.uk/days-to-hours-calculator/,calculator,True,
Days To Weeks Calculator,days-to-weeks-calculator,https://tools.yalla-calculator.co.uk/days-to-weeks-calculator/,calculator,True,
Dc To Ac Calculator,dc-to-ac-calculator,https://tools.yalla-calculator.co.uk/dc-to-ac-calculator/,calculator,True,Electrical
Debt Avalanche Calculator,debt-avalanche-calculator,https://tools.yalla-calculator.co.uk/debt-avalanche-calculator/,calculator,True,Financial
Debt Consolidation Calculator,debt-consolidation-calculator,https://tools.yalla-calculator.co.uk/debt-consolidation-calculator/,calculator,True,
Debt Free Calculator,debt-free-calculator,https://tools.yalla-calculator.co.uk/debt-free-calculator/,calculator,True,
Debt Free Date Calculator,debt-free-date-calculator,https://tools.yalla-calculator.co.uk/debt-free-date-calculator/,calculator,True,
Debt Management Calculator,debt-management-calculator,https://tools.yalla-calculator.co.uk/debt-management-calculator/,calculator,True,
Debt Payoff Calculator,debt-payoff-calculator,https://tools.yalla-calculator.co.uk/debt-payoff-calculator/,calculator,True,
Debt Payoff Timeline Calculator,debt-payoff-timeline-calculator,https://tools.yalla-calculator.co.uk/debt-payoff-timeline-calculator/,calculator,True,
Debt Service Coverage Ratio Calculator,debt-service-coverage-ratio-calculator,https://tools.yalla-calculator.co.uk/debt-service-coverage-ratio-calculator/,calculator,True,
Debt Snowball Calculator,debt-snowball-calculator,https://tools.yalla-calculator.co.uk/debt-snowball-calculator/,calculator,True,Financial
Debt To Equity Calculator,debt-to-equity-calculator,https://tools.yalla-calculator.co.uk/debt-to-equity-calculator/,calculator,True,
Debt To Income Auto Calculator,debt-to-income-auto-calculator,https://tools.yalla-calculator.co.uk/debt-to-income-auto-calculator/,calculator,True,
Debt To Income Calculator,debt-to-income-calculator,https://tools.yalla-calculator.co.uk/debt-to-income-calculator/,calculator,True,Financial
Debt To Income Ratio Calculator,debt-to-income-ratio-calculator,https://tools.yalla-calculator.co.uk/debt-to-income-ratio-calculator/,calculator,True,
Decade Calculator,decade-calculator,https://tools.yalla-calculator.co.uk/decade-calculator/,calculator,True,Time Date
Decimal To Fraction Calculator,decimal-to-fraction-calculator,https://tools.yalla-calculator.co.uk/decimal-to-fraction-calculator/,calculator,True,Math
Deck Angle Calculator,deck-angle-calculator,https://tools.yalla-calculator.co.uk/deck-angle-calculator/,calculator,True,
Deck Beam Calculator,deck-beam-calculator,https://tools.yalla-calculator.co.uk/deck-beam-calculator/,calculator,True,
Deck Board Calculator,deck-board-calculator,https://tools.yalla-calculator.co.uk/deck-board-calculator/,calculator,True,
Deck Board Material Calculator,deck-board-material-calculator,https://tools.yalla-calculator.co.uk/deck-board-material-calculator/,calculator,True,Construction
Deck Board Spacing Calculator 2,deck-board-spacing-calculator-2,https://tools.yalla-calculator.co.uk/deck-board-spacing-calculator-2/,calculator,True,
Deck Board Spacing Calculator,deck-board-spacing-calculator,https://tools.yalla-calculator.co.uk/deck-board-spacing-calculator/,calculator,True,
Deck Calculator,deck-calculator,https://tools.yalla-calculator.co.uk/deck-calculator/,calculator,True,
Deck Cost Calculator,deck-cost-calculator,https://tools.yalla-calculator.co.uk/deck-cost-calculator/,calculator,True,
Deck Drainage Calculator,deck-drainage-calculator,https://tools.yalla-calculator.co.uk/deck-drainage-calculator/,calculator,True,
Deck Footing Calculator,deck-footing-calculator,https://tools.yalla-calculator.co.uk/deck-footing-calculator/,calculator,True,
Deck Footings Cost Guide,deck-footings-cost-guide,https://tools.yalla-calculator.co.uk/deck-footings-cost-guide/,guide,True,
Deck Installation Cost Guide 2,deck-installation-cost-guide-2,https://tools.yalla-calculator.co.uk/deck-installation-cost-guide-2/,guide,True,
Deck Installation Cost Guide,deck-installation-cost-guide,https://tools.yalla-calculator.co.uk/deck-installation-cost-guide/,guide,True,
Deck Joist Calculator 2,deck-joist-calculator-2,https://tools.yalla-calculator.co.uk/deck-joist-calculator-2/,calculator,True,
Deck Joist Calculator,deck-joist-calculator,https://tools.yalla-calculator.co.uk/deck-joist-calculator/,calculator,True,
Deck Layout Calculator,deck-layout-calculator,https://tools.yalla-calculator.co.uk/deck-layout-calculator/,calculator,True,
Deck Lighting Calculator,deck-lighting-calculator,https://tools.yalla-calculator.co.uk/deck-lighting-calculator/,calculator,True,
Deck Lighting Cost Calculator,deck-lighting-cost-calculator,https://tools.yalla-calculator.co.uk/deck-lighting-cost-calculator/,calculator,True,
Deck Material Calculator,deck-material-calculator,https://tools.yalla-calculator.co.uk/deck-material-calculator/,calculator,True,
Deck Material Cost Calculator,deck-material-cost-calculator,https://tools.yalla-calculator.co.uk/deck-material-cost-calculator/,calculator,True,
Deck Patio,deck-patio,https://tools.yalla-calculator.co.uk/deck-patio/,page,False,
Deck Post Calculator,deck-post-calculator,https://tools.yalla-calculator.co.uk/deck-post-calculator/,calculator,True,
Deck Railing Calculator,deck-railing-calculator,https://tools.yalla-calculator.co.uk/deck-railing-calculator/,calculator,True,
Deck Repair Calculator,deck-repair-calculator,https://tools.yalla-calculator.co.uk/deck-repair-calculator/,calculator,True,
Deck Repair Cost Calculator,deck-repair-cost-calculator,https://tools.yalla-calculator.co.uk/deck-repair-cost-calculator/,calculator,True,
Deck Repair Cost Guide,deck-repair-cost-guide,https://tools.yalla-calculator.co.uk/deck-repair-cost-guide/,guide,True,
Deck Sealer Calculator,deck-sealer-calculator,https://tools.yalla-calculator.co.uk/deck-sealer-calculator/,calculator,True,
Deck Stain Calculator 2,deck-stain-calculator-2,https://tools.yalla-calculator.co.uk/deck-stain-calculator-2/,calculator,True,
Deck Stain Calculator,deck-stain-calculator,https://tools.yalla-calculator.co.uk/deck-stain-calculator/,calculator,True,Construction
Deck Stair Calculator,deck-stair-calculator,https://tools.yalla-calculator.co.uk/deck-stair-calculator/,calculator,True,
Declining Balance Depreciation Calculator,declining-balance-depreciation-calculator,https://tools.yalla-calculator.co.uk/declining-balance-depreciation-calculator/,calculator,True,
Decorative Fence Calculator,decorative-fence-calculator,https://tools.yalla-calculator.co.uk/decorative-fence-calculator/,calculator,True,
Deductible Calculator,deductible-calculator,https://tools.yalla-calculator.co.uk/deductible-calculator/,calculator,True,
Deep Sleep Calculator,deep-sleep-calculator,https://tools.yalla-calculator.co.uk/deep-sleep-calculator/,calculator,True,
Deer Fence Calculator,deer-fence-calculator,https://tools.yalla-calculator.co.uk/deer-fence-calculator/,calculator,True,
Deficiency Risk Calculator,deficiency-risk-calculator,https://tools.yalla-calculator.co.uk/deficiency-risk-calculator/,calculator,True,Health
Deficit Calculator,deficit-calculator,https://tools.yalla-calculator.co.uk/deficit-calculator/,calculator,True,
Defined Benefit Calculator,defined-benefit-calculator,https://tools.yalla-calculator.co.uk/defined-benefit-calculator/,calculator,True,
Degrees To Radians,degrees-to-radians,https://tools.yalla-calculator.co.uk/degrees-to-radians/,page,False,
Delivery Cost Calculator,delivery-cost-calculator,https://tools.yalla-calculator.co.uk/delivery-cost-calculator/,calculator,True,
Density Calculators,density-calculators,https://tools.yalla-calculator.co.uk/density-calculators/,category,True,
Depreciation Calculator,depreciation-calculator,https://tools.yalla-calculator.co.uk/depreciation-calculator/,calculator,True,Automotive
Depreciation Rate Calculator,depreciation-rate-calculator,https://tools.yalla-calculator.co.uk/depreciation-rate-calculator/,calculator,True,
Depreciation Schedule Calculator,depreciation-schedule-calculator,https://tools.yalla-calculator.co.uk/depreciation-schedule-calculator/,calculator,True,
Depression Recovery Tracker,depression-recovery-tracker,https://tools.yalla-calculator.co.uk/depression-recovery-tracker/,tracker,True,
Depression Screening Calculator,depression-screening-calculator,https://tools.yalla-calculator.co.uk/depression-screening-calculator/,calculator,True,Health
Depression Screening Test,depression-screening-test,https://tools.yalla-calculator.co.uk/depression-screening-test/,test,True,
Depression Severity Index Calculator,depression-severity-index-calculator,https://tools.yalla-calculator.co.uk/depression-severity-index-calculator/,calculator,True,
Depression Symptom Tracker,depression-symptom-tracker,https://tools.yalla-calculator.co.uk/depression-symptom-tracker/,tracker,True,
Design Layout Calculator,design-layout-calculator,https://tools.yalla-calculator.co.uk/design-layout-calculator/,calculator,True,
Device Cost Calculator,device-cost-calculator,https://tools.yalla-calculator.co.uk/device-cost-calculator/,calculator,True,
Devine Calculator,devine-calculator,https://tools.yalla-calculator.co.uk/devine-calculator/,calculator,True,
Diabetes Calculators,diabetes-calculators,https://tools.yalla-calculator.co.uk/diabetes-calculators/,category,True,
Diabetes Management Calculator,diabetes-management-calculator,https://tools.yalla-calculator.co.uk/diabetes-management-calculator/,calculator,True,Health
Diabetes Risk Calculator,diabetes-risk-calculator,https://tools.yalla-calculator.co.uk/diabetes-risk-calculator/,calculator,True,Health
Diabetic Diet Calculator,diabetic-diet-calculator,https://tools.yalla-calculator.co.uk/diabetic-diet-calculator/,calculator,True,
Diabetic Exchange Calculator,diabetic-exchange-calculator,https://tools.yalla-calculator.co.uk/diabetic-exchange-calculator/,calculator,True,Cooking
Diabetic Retinopathy Risk Calculator,diabetic-retinopathy-risk-calculator,https://tools.yalla-calculator.co.uk/diabetic-retinopathy-risk-calculator/,calculator,True,
Diagonal Layout Calculator,diagonal-layout-calculator,https://tools.yalla-calculator.co.uk/diagonal-layout-calculator/,calculator,True,
Diaper Cost Calculator,diaper-cost-calculator,https://tools.yalla-calculator.co.uk/diaper-cost-calculator/,calculator,True,
Diet Comparison Calculator,diet-comparison-calculator,https://tools.yalla-calculator.co.uk/diet-comparison-calculator/,calculator,True,
Diet Planner,diet-planner,https://tools.yalla-calculator.co.uk/diet-planner/,planner,True,
Dietary Restriction Calculator,dietary-restriction-calculator,https://tools.yalla-calculator.co.uk/dietary-restriction-calculator/,calculator,True,Cooking
Disability Insurance Calculator,disability-insurance-calculator,https://tools.yalla-calculator.co.uk/disability-insurance-calculator/,calculator,True,Financial
Discount Calculator,discount-calculator,https://tools.yalla-calculator.co.uk/discount-calculator/,calculator,True,
Discounted Cash Flow Calculator,discounted-cash-flow-calculator,https://tools.yalla-calculator.co.uk/discounted-cash-flow-calculator/,calculator,True,
Distance Fuel Calculator,distance-fuel-calculator,https://tools.yalla-calculator.co.uk/distance-fuel-calculator/,calculator,True,
Distance Per Revolution Calculator,distance-per-revolution-calculator,https://tools.yalla-calculator.co.uk/distance-per-revolution-calculator/,calculator,True,
Diversification Calculator,diversification-calculator,https://tools.yalla-calculator.co.uk/diversification-calculator/,calculator,True,
Dividend Tax Calculator,dividend-tax-calculator,https://tools.yalla-calculator.co.uk/dividend-tax-calculator/,calculator,True,
Documentation Tracker Calculator,documentation-tracker-calculator,https://tools.yalla-calculator.co.uk/documentation-tracker-calculator/,calculator,True,
Dog Calculators,dog-calculators,https://tools.yalla-calculator.co.uk/dog-calculators/,category,True,
Dog Fence Calculator,dog-fence-calculator,https://tools.yalla-calculator.co.uk/dog-fence-calculator/,calculator,True,
Door Sizing Calculator,door-sizing-calculator,https://tools.yalla-calculator.co.uk/door-sizing-calculator/,calculator,True,
Dormer Calculator,dormer-calculator,https://tools.yalla-calculator.co.uk/dormer-calculator/,calculator,True,
Dosage Calculator,dosage-calculator,https://tools.yalla-calculator.co.uk/dosage-calculator/,calculator,True,Health
Dosage Cost Calculator,dosage-cost-calculator,https://tools.yalla-calculator.co.uk/dosage-cost-calculator/,calculator,True,
Dosage Optimization Calculator,dosage-optimization-calculator,https://tools.yalla-calculator.co.uk/dosage-optimization-calculator/,calculator,True,
Dosage Timing Calculator,dosage-timing-calculator,https://tools.yalla-calculator.co.uk/dosage-timing-calculator/,calculator,True,
Double Gate Calculator,double-gate-calculator,https://tools.yalla-calculator.co.uk/double-gate-calculator/,calculator,True,
Double Taxation Calculator,double-taxation-calculator,https://tools.yalla-calculator.co.uk/double-taxation-calculator/,calculator,True,
Dovetail Calculator,dovetail-calculator,https://tools.yalla-calculator.co.uk/dovetail-calculator/,calculator,True,
Down Payment Calculator,down-payment-calculator,https://tools.yalla-calculator.co.uk/down-payment-calculator/,calculator,True,
Down Payment Impact Calculator,down-payment-impact-calculator,https://tools.yalla-calculator.co.uk/down-payment-impact-calculator/,calculator,True,
Down Payment Percentage Calculator,down-payment-percentage-calculator,https://tools.yalla-calculator.co.uk/down-payment-percentage-calculator/,calculator,True,
Down Payment Savings Calculator,down-payment-savings-calculator,https://tools.yalla-calculator.co.uk/down-payment-savings-calculator/,calculator,True,
Down Syndrome Risk Calculator,down-syndrome-risk-calculator,https://tools.yalla-calculator.co.uk/down-syndrome-risk-calculator/,calculator,True,
Downspout Calculator,downspout-calculator,https://tools.yalla-calculator.co.uk/downspout-calculator/,calculator,True,
Downspout Size Calculator,downspout-size-calculator,https://tools.yalla-calculator.co.uk/downspout-size-calculator/,calculator,True,
Downtime Calculator,downtime-calculator,https://tools.yalla-calculator.co.uk/downtime-calculator/,calculator,True,
Drain Cleaning Cost Guide,drain-cleaning-cost-guide,https://tools.yalla-calculator.co.uk/drain-cleaning-cost-guide/,guide,True,
Drain Pipe Calculator,drain-pipe-calculator,https://tools.yalla-calculator.co.uk/drain-pipe-calculator/,calculator,True,
Drain Pipe Size Calculator,drain-pipe-size-calculator,https://tools.yalla-calculator.co.uk/drain-pipe-size-calculator/,calculator,True,
Drain Slope Calculator,drain-slope-calculator,https://tools.yalla-calculator.co.uk/drain-slope-calculator/,calculator,True,
Drainage Calculator,drainage-calculator,https://tools.yalla-calculator.co.uk/drainage-calculator/,calculator,True,
Drainage Slope Calculator,drainage-slope-calculator,https://tools.yalla-calculator.co.uk/drainage-slope-calculator/,calculator,True,
Dress Size Calculator,dress-size-calculator,https://tools.yalla-calculator.co.uk/dress-size-calculator/,calculator,True,
Drip Edge Calculator,drip-edge-calculator,https://tools.yalla-calculator.co.uk/drip-edge-calculator/,calculator,True,
Drip Irrigation Calculator,drip-irrigation-calculator,https://tools.yalla-calculator.co.uk/drip-irrigation-calculator/,calculator,True,
Drip Rate Calculator,drip-rate-calculator,https://tools.yalla-calculator.co.uk/drip-rate-calculator/,calculator,True,
Driver Performance Calculator,driver-performance-calculator,https://tools.yalla-calculator.co.uk/driver-performance-calculator/,calculator,True,
Drivetrain Loss Calculator,drivetrain-loss-calculator,https://tools.yalla-calculator.co.uk/drivetrain-loss-calculator/,calculator,True,
Driveway Area Calculator,driveway-area-calculator,https://tools.yalla-calculator.co.uk/driveway-area-calculator/,calculator,True,
Driveway Base Calculator,driveway-base-calculator,https://tools.yalla-calculator.co.uk/driveway-base-calculator/,calculator,True,
Driveway Base Material Calculator,driveway-base-material-calculator,https://tools.yalla-calculator.co.uk/driveway-base-material-calculator/,calculator,True,
Driveway Cost Estimator,driveway-cost-estimator,https://tools.yalla-calculator.co.uk/driveway-cost-estimator/,estimator,True,
Driveway Curve Calculator,driveway-curve-calculator,https://tools.yalla-calculator.co.uk/driveway-curve-calculator/,calculator,True,
Driveway Dimensions Calculator,driveway-dimensions-calculator,https://tools.yalla-calculator.co.uk/driveway-dimensions-calculator/,calculator,True,
Driveway Drainage Calculator,driveway-drainage-calculator,https://tools.yalla-calculator.co.uk/driveway-drainage-calculator/,calculator,True,
Driveway Gate Calculator,driveway-gate-calculator,https://tools.yalla-calculator.co.uk/driveway-gate-calculator/,calculator,True,
Driveway Grading Calculator,driveway-grading-calculator,https://tools.yalla-calculator.co.uk/driveway-grading-calculator/,calculator,True,
Driveway Installation Cost Calculator,driveway-installation-cost-calculator,https://tools.yalla-calculator.co.uk/driveway-installation-cost-calculator/,calculator,True,
Driveway Labor Cost Calculator,driveway-labor-cost-calculator,https://tools.yalla-calculator.co.uk/driveway-labor-cost-calculator/,calculator,True,
Driveway Layout Calculator,driveway-layout-calculator,https://tools.yalla-calculator.co.uk/driveway-layout-calculator/,calculator,True,
Driveway Lighting Calculator,driveway-lighting-calculator,https://tools.yalla-calculator.co.uk/driveway-lighting-calculator/,calculator,True,
Driveway Maintenance Cost Calculator,driveway-maintenance-cost-calculator,https://tools.yalla-calculator.co.uk/driveway-maintenance-cost-calculator/,calculator,True,
Driveway Material Comparison Calculator,driveway-material-comparison-calculator,https://tools.yalla-calculator.co.uk/driveway-material-comparison-calculator/,calculator,True,
Driveway Material Cost Calculator,driveway-material-cost-calculator,https://tools.yalla-calculator.co.uk/driveway-material-cost-calculator/,calculator,True,
Driveway Perimeter Calculator,driveway-perimeter-calculator,https://tools.yalla-calculator.co.uk/driveway-perimeter-calculator/,calculator,True,
Driveway Permit Calculator,driveway-permit-calculator,https://tools.yalla-calculator.co.uk/driveway-permit-calculator/,calculator,True,
Driveway Repair Cost Calculator,driveway-repair-cost-calculator,https://tools.yalla-calculator.co.uk/driveway-repair-cost-calculator/,calculator,True,
Driveway Replacement Cost Calculator,driveway-replacement-cost-calculator,https://tools.yalla-calculator.co.uk/driveway-replacement-cost-calculator/,calculator,True,
Driveway Resurfacing Cost Calculator,driveway-resurfacing-cost-calculator,https://tools.yalla-calculator.co.uk/driveway-resurfacing-cost-calculator/,calculator,True,
Driveway Runoff Calculator,driveway-runoff-calculator,https://tools.yalla-calculator.co.uk/driveway-runoff-calculator/,calculator,True,
Driveway Sealer Calculator,driveway-sealer-calculator,https://tools.yalla-calculator.co.uk/driveway-sealer-calculator/,calculator,True,
Driveway Slope Calculator,driveway-slope-calculator,https://tools.yalla-calculator.co.uk/driveway-slope-calculator/,calculator,True,
Driveway,driveway,https://tools.yalla-calculator.co.uk/driveway/,page,False,
Driving Habits Efficiency Calculator,driving-habits-efficiency-calculator,https://tools.yalla-calculator.co.uk/driving-habits-efficiency-calculator/,calculator,True,
Driving Style Efficiency Calculator,driving-style-efficiency-calculator,https://tools.yalla-calculator.co.uk/driving-style-efficiency-calculator/,calculator,True,
Drop Ceiling Calculator,drop-ceiling-calculator,https://tools.yalla-calculator.co.uk/drop-ceiling-calculator/,calculator,True,
Drug Interaction Calculator,drug-interaction-calculator,https://tools.yalla-calculator.co.uk/drug-interaction-calculator/,calculator,True,
Drug Interaction Risk Calculator,drug-interaction-risk-calculator,https://tools.yalla-calculator.co.uk/drug-interaction-risk-calculator/,calculator,True,
Drywall Calculator,drywall-calculator,https://tools.yalla-calculator.co.uk/drywall-calculator/,calculator,True,Construction
Drywall Installation Cost Guide,drywall-installation-cost-guide,https://tools.yalla-calculator.co.uk/drywall-installation-cost-guide/,guide,True,
Drywall Labor Cost Calculator,drywall-labor-cost-calculator,https://tools.yalla-calculator.co.uk/drywall-labor-cost-calculator/,calculator,True,
Drywall Lift Rental Calculator,drywall-lift-rental-calculator,https://tools.yalla-calculator.co.uk/drywall-lift-rental-calculator/,calculator,True,
Drywall Mud Calculator,drywall-mud-calculator,https://tools.yalla-calculator.co.uk/drywall-mud-calculator/,calculator,True,
Drywall Repair Cost Guide,drywall-repair-cost-guide,https://tools.yalla-calculator.co.uk/drywall-repair-cost-guide/,guide,True,
Drywall Screws Calculator,drywall-screws-calculator,https://tools.yalla-calculator.co.uk/drywall-screws-calculator/,calculator,True,
Drywall Sheets Calculator,drywall-sheets-calculator,https://tools.yalla-calculator.co.uk/drywall-sheets-calculator/,calculator,True,
Drywall Tape Calculator,drywall-tape-calculator,https://tools.yalla-calculator.co.uk/drywall-tape-calculator/,calculator,True,
Drywall Weight Calculator,drywall-weight-calculator,https://tools.yalla-calculator.co.uk/drywall-weight-calculator/,calculator,True,
Dscr Calculator,dscr-calculator,https://tools.yalla-calculator.co.uk/dscr-calculator/,calculator,True,
Duct Size Calculator,duct-size-calculator,https://tools.yalla-calculator.co.uk/duct-size-calculator/,calculator,True,
Ductless Mini Split Cost Guide,ductless-mini-split-cost-guide,https://tools.yalla-calculator.co.uk/ductless-mini-split-cost-guide/,guide,True,
Ductwork Calculator,ductwork-calculator,https://tools.yalla-calculator.co.uk/ductwork-calculator/,calculator,True,
Due Date Calculator,due-date-calculator,https://tools.yalla-calculator.co.uk/due-date-calculator/,calculator,True,Health
Dwelling Unit Calculator,dwelling-unit-calculator,https://tools.yalla-calculator.co.uk/dwelling-unit-calculator/,calculator,True,Electrical
Dyno Calculator,dyno-calculator,https://tools.yalla-calculator.co.uk/dyno-calculator/,calculator,True,
Dyno Correction Calculator,dyno-correction-calculator,https://tools.yalla-calculator.co.uk/dyno-correction-calculator/,calculator,True,
Early Payoff Calculator,early-payoff-calculator,https://tools.yalla-calculator.co.uk/early-payoff-calculator/,calculator,True,
Early Retirement Calculator,early-retirement-calculator,https://tools.yalla-calculator.co.uk/early-retirement-calculator/,calculator,True,
Earth Electrode Calculator,earth-electrode-calculator,https://tools.yalla-calculator.co.uk/earth-electrode-calculator/,calculator,True,Electrical
Easement Calculator,easement-calculator,https://tools.yalla-calculator.co.uk/easement-calculator/,calculator,True,
Ebitda Multiple Calculator,ebitda-multiple-calculator,https://tools.yalla-calculator.co.uk/ebitda-multiple-calculator/,calculator,True,
Eco Driving Calculator,eco-driving-calculator,https://tools.yalla-calculator.co.uk/eco-driving-calculator/,calculator,True,
Education Cost Calculator,education-cost-calculator,https://tools.yalla-calculator.co.uk/education-cost-calculator/,calculator,True,
Education Goal Calculator,education-goal-calculator,https://tools.yalla-calculator.co.uk/education-goal-calculator/,calculator,True,
Education Inflation Calculator,education-inflation-calculator,https://tools.yalla-calculator.co.uk/education-inflation-calculator/,calculator,True,
Effective APR Calculator,effective-apr-calculator,https://tools.yalla-calculator.co.uk/effective-apr-calculator/,calculator,True,
Effective Gearing Calculator,effective-gearing-calculator,https://tools.yalla-calculator.co.uk/effective-gearing-calculator/,calculator,True,
Effective Interest Rate Calculator,effective-interest-rate-calculator,https://tools.yalla-calculator.co.uk/effective-interest-rate-calculator/,calculator,True,
Effective Tax Rate Calculator,effective-tax-rate-calculator,https://tools.yalla-calculator.co.uk/effective-tax-rate-calculator/,calculator,True,
Efficiency Improvement Calculator,efficiency-improvement-calculator,https://tools.yalla-calculator.co.uk/efficiency-improvement-calculator/,calculator,True,
Efficiency Ratio Calculator,efficiency-ratio-calculator,https://tools.yalla-calculator.co.uk/efficiency-ratio-calculator/,calculator,True,
Egg Cooking Time Calculator,egg-cooking-time-calculator,https://tools.yalla-calculator.co.uk/egg-cooking-time-calculator/,calculator,True,Cooking
Egyptian Fractions Calculator,egyptian-fractions-calculator,https://tools.yalla-calculator.co.uk/egyptian-fractions-calculator/,calculator,True,
Ejection Fraction Calculator,ejection-fraction-calculator,https://tools.yalla-calculator.co.uk/ejection-fraction-calculator/,calculator,True,
Electric Vehicle Charging Cost Calculator,electric-vehicle-charging-cost-calculator,https://tools.yalla-calculator.co.uk/electric-vehicle-charging-cost-calculator/,calculator,True,Automotive
Electric Vehicle Charging Time Calculator,electric-vehicle-charging-time-calculator,https://tools.yalla-calculator.co.uk/electric-vehicle-charging-time-calculator/,calculator,True,Automotive
Electrical Cost Calculators,electrical-cost-calculators,https://tools.yalla-calculator.co.uk/electrical-cost-calculators/,category,True,Construction
Electrical Inspection Calculator,electrical-inspection-calculator,https://tools.yalla-calculator.co.uk/electrical-inspection-calculator/,calculator,True,
Electrical Load Calculator,electrical-load-calculator,https://tools.yalla-calculator.co.uk/electrical-load-calculator/,calculator,True,
Electrical Panel Upgrade Cost Guide,electrical-panel-upgrade-cost-guide,https://tools.yalla-calculator.co.uk/electrical-panel-upgrade-cost-guide/,guide,True,
Electrical Power Calculator 2,electrical-power-calculator-2,https://tools.yalla-calculator.co.uk/electrical-power-calculator-2/,calculator,True,
Electrical Wire Calculator,electrical-wire-calculator,https://tools.yalla-calculator.co.uk/electrical-wire-calculator/,calculator,True,
Electrical Wiring Calculator,electrical-wiring-calculator,https://tools.yalla-calculator.co.uk/electrical-wiring-calculator/,calculator,True,
Electrical,electrical,https://tools.yalla-calculator.co.uk/electrical/,category,False,Financial
Electrician Cost Guide,electrician-cost-guide,https://tools.yalla-calculator.co.uk/electrician-cost-guide/,guide,True,
Electricity Cost Calculator,electricity-cost-calculator,https://tools.yalla-calculator.co.uk/electricity-cost-calculator/,calculator,True,
Electrolyte Balance Calculator,electrolyte-balance-calculator,https://tools.yalla-calculator.co.uk/electrolyte-balance-calculator/,calculator,True,
Electrolyte Calculator,electrolyte-calculator,https://tools.yalla-calculator.co.uk/electrolyte-calculator/,calculator,True,
Electrolyte Replacement Calculator,electrolyte-replacement-calculator,https://tools.yalla-calculator.co.uk/electrolyte-replacement-calculator/,calculator,True,
Elevation Calculator,elevation-calculator,https://tools.yalla-calculator.co.uk/elevation-calculator/,calculator,True,
Elevation Grade Calculator,elevation-grade-calculator,https://tools.yalla-calculator.co.uk/elevation-grade-calculator/,calculator,True,Construction
Emergency Coping Calculator,emergency-coping-calculator,https://tools.yalla-calculator.co.uk/emergency-coping-calculator/,calculator,True,
Emergency Fund Calculator,emergency-fund-calculator,https://tools.yalla-calculator.co.uk/emergency-fund-calculator/,calculator,True,Financial
Emergency Severity Index Calculator,emergency-severity-index-calculator,https://tools.yalla-calculator.co.uk/emergency-severity-index-calculator/,calculator,True,
Emissions Comparison Calculator,emissions-comparison-calculator,https://tools.yalla-calculator.co.uk/emissions-comparison-calculator/,calculator,True,
Emotional Health Screener,emotional-health-screener,https://tools.yalla-calculator.co.uk/emotional-health-screener/,screener,True,
Employee Cost Calculator,employee-cost-calculator,https://tools.yalla-calculator.co.uk/employee-cost-calculator/,calculator,True,
Employer Tax Calculator,employer-tax-calculator,https://tools.yalla-calculator.co.uk/employer-tax-calculator/,calculator,True,
End Post Calculator,end-post-calculator,https://tools.yalla-calculator.co.uk/end-post-calculator/,calculator,True,
Endurance Calculator,endurance-calculator,https://tools.yalla-calculator.co.uk/endurance-calculator/,calculator,True,
Endurance Nutrition Calculator,endurance-nutrition-calculator,https://tools.yalla-calculator.co.uk/endurance-nutrition-calculator/,calculator,True,
Endurance Training Calculator,endurance-training-calculator,https://tools.yalla-calculator.co.uk/endurance-training-calculator/,calculator,True,
Energy Consumption Calculator,energy-consumption-calculator,https://tools.yalla-calculator.co.uk/energy-consumption-calculator/,calculator,True,Electrical
Energy Converter,energy-converter,https://tools.yalla-calculator.co.uk/energy-converter/,converter,True,
Energy Efficiency Calculator,energy-efficiency-calculator,https://tools.yalla-calculator.co.uk/energy-efficiency-calculator/,calculator,True,
Energy Savings Calculator,energy-savings-calculator,https://tools.yalla-calculator.co.uk/energy-savings-calculator/,calculator,True,
Engine Compression Ratio Calculator,engine-compression-ratio-calculator,https://tools.yalla-calculator.co.uk/engine-compression-ratio-calculator/,calculator,True,Automotive
Engine Displacement Calculator,engine-displacement-calculator,https://tools.yalla-calculator.co.uk/engine-displacement-calculator/,calculator,True,Automotive
Engine Horsepower Calculator,engine-horsepower-calculator,https://tools.yalla-calculator.co.uk/engine-horsepower-calculator/,calculator,True,
Engine Management Calculator,engine-management-calculator,https://tools.yalla-calculator.co.uk/engine-management-calculator/,calculator,True,Automotive
Engine Performance Calculators,engine-performance-calculators,https://tools.yalla-calculator.co.uk/engine-performance-calculators/,category,True,
Engine Size Calculator,engine-size-calculator,https://tools.yalla-calculator.co.uk/engine-size-calculator/,calculator,True,
Engine Tuning Calculator,engine-tuning-calculator,https://tools.yalla-calculator.co.uk/engine-tuning-calculator/,calculator,True,Automotive
Enterprise Value Calculator,enterprise-value-calculator,https://tools.yalla-calculator.co.uk/enterprise-value-calculator/,calculator,True,
Envelope Budget Calculator,envelope-budget-calculator,https://tools.yalla-calculator.co.uk/envelope-budget-calculator/,calculator,True,
Environmental Impact Calculator,environmental-impact-calculator,https://tools.yalla-calculator.co.uk/environmental-impact-calculator/,calculator,True,
Epdm Roof Calculator,epdm-roof-calculator,https://tools.yalla-calculator.co.uk/epdm-roof-calculator/,calculator,True,
Equipment Cost Calculator,equipment-cost-calculator,https://tools.yalla-calculator.co.uk/equipment-cost-calculator/,calculator,True,
Equipment Financing Calculator,equipment-financing-calculator,https://tools.yalla-calculator.co.uk/equipment-financing-calculator/,calculator,True,
Equipment Grounding Conductor Calculator,equipment-grounding-conductor-calculator,https://tools.yalla-calculator.co.uk/equipment-grounding-conductor-calculator/,calculator,True,Electrical
Equipment Lease Calculator,equipment-lease-calculator,https://tools.yalla-calculator.co.uk/equipment-lease-calculator/,calculator,True,
Equipment Lifespan Calculator,equipment-lifespan-calculator,https://tools.yalla-calculator.co.uk/equipment-lifespan-calculator/,calculator,True,
Equipment Rental Calculator,equipment-rental-calculator,https://tools.yalla-calculator.co.uk/equipment-rental-calculator/,calculator,True,
Equipment Storage Calculator,equipment-storage-calculator,https://tools.yalla-calculator.co.uk/equipment-storage-calculator/,calculator,True,
Equivalent Fractions Calculator,equivalent-fractions-calculator,https://tools.yalla-calculator.co.uk/equivalent-fractions-calculator/,calculator,True,Math
Equivalent Ratios Calculator,equivalent-ratios-calculator,https://tools.yalla-calculator.co.uk/equivalent-ratios-calculator/,calculator,True,
Essential Amino Acids Calculator,essential-amino-acids-calculator,https://tools.yalla-calculator.co.uk/essential-amino-acids-calculator/,calculator,True,
Estate Planning Calculator,estate-planning-calculator,https://tools.yalla-calculator.co.uk/estate-planning-calculator/,calculator,True,
Estate Tax Calculator,estate-tax-calculator,https://tools.yalla-calculator.co.uk/estate-tax-calculator/,calculator,True,
Estimated Average Glucose Calculator,estimated-average-glucose-calculator,https://tools.yalla-calculator.co.uk/estimated-average-glucose-calculator/,calculator,True,
Estimated Tax Calculator,estimated-tax-calculator,https://tools.yalla-calculator.co.uk/estimated-tax-calculator/,calculator,True,Financial
Et Calculator,et-calculator,https://tools.yalla-calculator.co.uk/et-calculator/,calculator,True,
Etf Calculator,etf-calculator,https://tools.yalla-calculator.co.uk/etf-calculator/,calculator,True,
Ethanol Fuel Calculator,ethanol-fuel-calculator,https://tools.yalla-calculator.co.uk/ethanol-fuel-calculator/,calculator,True,
European Cooking Conversion Tool,european-cooking-conversion-tool,https://tools.yalla-calculator.co.uk/european-cooking-conversion-tool/,tool,True,
Ev Charging Cost Calculator,ev-charging-cost-calculator,https://tools.yalla-calculator.co.uk/ev-charging-cost-calculator/,calculator,True,
Ev Charging Time Calculator,ev-charging-time-calculator,https://tools.yalla-calculator.co.uk/ev-charging-time-calculator/,calculator,True,
Ev Cost Per Mile Calculator,ev-cost-per-mile-calculator,https://tools.yalla-calculator.co.uk/ev-cost-per-mile-calculator/,calculator,True,
Ev Efficiency Calculator,ev-efficiency-calculator,https://tools.yalla-calculator.co.uk/ev-efficiency-calculator/,calculator,True,
Ev Range Calculator,ev-range-calculator,https://tools.yalla-calculator.co.uk/ev-range-calculator/,calculator,True,
Ev Vs Gas Calculator,ev-vs-gas-calculator,https://tools.yalla-calculator.co.uk/ev-vs-gas-calculator/,calculator,True,
Evapotranspiration Calculator,evapotranspiration-calculator,https://tools.yalla-calculator.co.uk/evapotranspiration-calculator/,calculator,True,
Exchange Rate Alert Calculator,exchange-rate-alert-calculator,https://tools.yalla-calculator.co.uk/exchange-rate-alert-calculator/,calculator,True,
Exchange Rate Calculator,exchange-rate-calculator,https://tools.yalla-calculator.co.uk/exchange-rate-calculator/,calculator,True,Financial
Exchange Rate Fees Calculator,exchange-rate-fees-calculator,https://tools.yalla-calculator.co.uk/exchange-rate-fees-calculator/,calculator,True,
Exchange Rate History Calculator,exchange-rate-history-calculator,https://tools.yalla-calculator.co.uk/exchange-rate-history-calculator/,calculator,True,
Exchange Rate Risk Calculator,exchange-rate-risk-calculator,https://tools.yalla-calculator.co.uk/exchange-rate-risk-calculator/,calculator,True,
Exercise Calorie Calculator,exercise-calorie-calculator,https://tools.yalla-calculator.co.uk/exercise-calorie-calculator/,calculator,True,Health
Exercise Impact Calculator,exercise-impact-calculator,https://tools.yalla-calculator.co.uk/exercise-impact-calculator/,calculator,True,
Exercise Intensity Calculator,exercise-intensity-calculator,https://tools.yalla-calculator.co.uk/exercise-intensity-calculator/,calculator,True,
Exercise Longevity Calculator,exercise-longevity-calculator,https://tools.yalla-calculator.co.uk/exercise-longevity-calculator/,calculator,True,
Exhaust Flow Calculator,exhaust-flow-calculator,https://tools.yalla-calculator.co.uk/exhaust-flow-calculator/,calculator,True,
Exhaust Scavenging Calculator,exhaust-scavenging-calculator,https://tools.yalla-calculator.co.uk/exhaust-scavenging-calculator/,calculator,True,
Exhaust Temp Calculator,exhaust-temp-calculator,https://tools.yalla-calculator.co.uk/exhaust-temp-calculator/,calculator,True,
Exhaust Velocity Calculator,exhaust-velocity-calculator,https://tools.yalla-calculator.co.uk/exhaust-velocity-calculator/,calculator,True,
Expat Tax Calculator,expat-tax-calculator,https://tools.yalla-calculator.co.uk/expat-tax-calculator/,calculator,True,
Expense Calculator,expense-calculator,https://tools.yalla-calculator.co.uk/expense-calculator/,calculator,True,Financial
Expense Categorization Calculator,expense-categorization-calculator,https://tools.yalla-calculator.co.uk/expense-categorization-calculator/,calculator,True,
Expense Forecasting Calculator,expense-forecasting-calculator,https://tools.yalla-calculator.co.uk/expense-forecasting-calculator/,calculator,True,
Expense Ratio Calculator,expense-ratio-calculator,https://tools.yalla-calculator.co.uk/expense-ratio-calculator/,calculator,True,
Expense Reduction Calculator,expense-reduction-calculator,https://tools.yalla-calculator.co.uk/expense-reduction-calculator/,calculator,True,
Expense Tracker,expense-tracker,https://tools.yalla-calculator.co.uk/expense-tracker/,tracker,True,
Expense Trend Calculator,expense-trend-calculator,https://tools.yalla-calculator.co.uk/expense-trend-calculator/,calculator,True,
Expiration Date Calculator,expiration-date-calculator,https://tools.yalla-calculator.co.uk/expiration-date-calculator/,calculator,True,Cooking
Exponent Calculator,exponent-calculator,https://tools.yalla-calculator.co.uk/exponent-calculator/,calculator,True,Math
Exterior Paint Calculator,exterior-paint-calculator,https://tools.yalla-calculator.co.uk/exterior-paint-calculator/,calculator,True,
Extra Payment Calculator,extra-payment-calculator,https://tools.yalla-calculator.co.uk/extra-payment-calculator/,calculator,True,
Fahrenheit To Celsius Converter,fahrenheit-to-celsius-converter,https://tools.yalla-calculator.co.uk/fahrenheit-to-celsius-converter/,converter,True,
Fahrenheit To Celsius Oven Calculator,fahrenheit-to-celsius-oven-calculator,https://tools.yalla-calculator.co.uk/fahrenheit-to-celsius-oven-calculator/,calculator,True,
Fahrenheit To Kelvin Converter,fahrenheit-to-kelvin-converter,https://tools.yalla-calculator.co.uk/fahrenheit-to-kelvin-converter/,converter,True,
Failure Prediction Calculator,failure-prediction-calculator,https://tools.yalla-calculator.co.uk/failure-prediction-calculator/,calculator,True,
Fall Cleanup Calculator,fall-cleanup-calculator,https://tools.yalla-calculator.co.uk/fall-cleanup-calculator/,calculator,True,
Fall Protection Calculator,fall-protection-calculator,https://tools.yalla-calculator.co.uk/fall-protection-calculator/,calculator,True,
Family History Risk Calculator,family-history-risk-calculator,https://tools.yalla-calculator.co.uk/family-history-risk-calculator/,calculator,True,
Fastener Calculator,fastener-calculator,https://tools.yalla-calculator.co.uk/fastener-calculator/,calculator,True,
Fat Calculator,fat-calculator,https://tools.yalla-calculator.co.uk/fat-calculator/,calculator,True,
Fat Intake Calculator,fat-intake-calculator,https://tools.yalla-calculator.co.uk/fat-intake-calculator/,calculator,True,
Fat Soluble Vitamins Calculator,fat-soluble-vitamins-calculator,https://tools.yalla-calculator.co.uk/fat-soluble-vitamins-calculator/,calculator,True,
Faucet Installation Cost Guide,faucet-installation-cost-guide,https://tools.yalla-calculator.co.uk/faucet-installation-cost-guide/,guide,True,
Fee Comparison Calculator,fee-comparison-calculator,https://tools.yalla-calculator.co.uk/fee-comparison-calculator/,calculator,True,
Fee Waiver Calculator,fee-waiver-calculator,https://tools.yalla-calculator.co.uk/fee-waiver-calculator/,calculator,True,
Feeder Calculator,feeder-calculator,https://tools.yalla-calculator.co.uk/feeder-calculator/,calculator,True,Electrical
Feeding Calculator,feeding-calculator,https://tools.yalla-calculator.co.uk/feeding-calculator/,calculator,True,
Feet And Inches Length Calculator,feet-and-inches-length-calculator,https://tools.yalla-calculator.co.uk/feet-and-inches-length-calculator/,calculator,True,Construction
Feet Per Second To MPH,feet-per-second-to-mph,https://tools.yalla-calculator.co.uk/feet-per-second-to-mph/,page,False,
Feet To Meters Converter,feet-to-meters-converter,https://tools.yalla-calculator.co.uk/feet-to-meters-converter/,converter,True,
Fence Area Calculator,fence-area-calculator,https://tools.yalla-calculator.co.uk/fence-area-calculator/,calculator,True,
Fence Calculator,fence-calculator,https://tools.yalla-calculator.co.uk/fence-calculator/,calculator,True,Construction
Fence Cap Calculator,fence-cap-calculator,https://tools.yalla-calculator.co.uk/fence-cap-calculator/,calculator,True,
Fence Cleaner Calculator,fence-cleaner-calculator,https://tools.yalla-calculator.co.uk/fence-cleaner-calculator/,calculator,True,
Fence Concrete Calculator,fence-concrete-calculator,https://tools.yalla-calculator.co.uk/fence-concrete-calculator/,calculator,True,
Fence Cost Calculator,fence-cost-calculator,https://tools.yalla-calculator.co.uk/fence-cost-calculator/,calculator,True,
Fence Crew Calculator,fence-crew-calculator,https://tools.yalla-calculator.co.uk/fence-crew-calculator/,calculator,True,
Fence Foundation Calculator,fence-foundation-calculator,https://tools.yalla-calculator.co.uk/fence-foundation-calculator/,calculator,True,
Fence Gate Cost Guide,fence-gate-cost-guide,https://tools.yalla-calculator.co.uk/fence-gate-cost-guide/,guide,True,
Fence Height Calculator,fence-height-calculator,https://tools.yalla-calculator.co.uk/fence-height-calculator/,calculator,True,
Fence Inspection Calculator,fence-inspection-calculator,https://tools.yalla-calculator.co.uk/fence-inspection-calculator/,calculator,True,
Fence Installation Cost Calculator,fence-installation-cost-calculator,https://tools.yalla-calculator.co.uk/fence-installation-cost-calculator/,calculator,True,
Fence Installation Cost Guide,fence-installation-cost-guide,https://tools.yalla-calculator.co.uk/fence-installation-cost-guide/,guide,True,
Fence Installation Time Calculator,fence-installation-time-calculator,https://tools.yalla-calculator.co.uk/fence-installation-time-calculator/,calculator,True,
Fence Labor Cost Calculator,fence-labor-cost-calculator,https://tools.yalla-calculator.co.uk/fence-labor-cost-calculator/,calculator,True,
Fence Labor Time Calculator,fence-labor-time-calculator,https://tools.yalla-calculator.co.uk/fence-labor-time-calculator/,calculator,True,
Fence Layout Calculator,fence-layout-calculator,https://tools.yalla-calculator.co.uk/fence-layout-calculator/,calculator,True,
Fence Maintenance Calculator,fence-maintenance-calculator,https://tools.yalla-calculator.co.uk/fence-maintenance-calculator/,calculator,True,
Fence Maintenance Schedule Calculator,fence-maintenance-schedule-calculator,https://tools.yalla-calculator.co.uk/fence-maintenance-schedule-calculator/,calculator,True,
Fence Material Cost Calculator,fence-material-cost-calculator,https://tools.yalla-calculator.co.uk/fence-material-cost-calculator/,calculator,True,
Fence Paint Calculator,fence-paint-calculator,https://tools.yalla-calculator.co.uk/fence-paint-calculator/,calculator,True,
Fence Painting Staining Cost Guide,fence-painting-staining-cost-guide,https://tools.yalla-calculator.co.uk/fence-painting-staining-cost-guide/,guide,True,
Fence Panel Calculator,fence-panel-calculator,https://tools.yalla-calculator.co.uk/fence-panel-calculator/,calculator,True,
Fence Perimeter Calculator,fence-perimeter-calculator,https://tools.yalla-calculator.co.uk/fence-perimeter-calculator/,calculator,True,
Fence Post Calculator,fence-post-calculator,https://tools.yalla-calculator.co.uk/fence-post-calculator/,calculator,True,
Fence Post Depth Calculator,fence-post-depth-calculator,https://tools.yalla-calculator.co.uk/fence-post-depth-calculator/,calculator,True,
Fence Post Spacing Calculator,fence-post-spacing-calculator,https://tools.yalla-calculator.co.uk/fence-post-spacing-calculator/,calculator,True,
Fence Project Time Calculator,fence-project-time-calculator,https://tools.yalla-calculator.co.uk/fence-project-time-calculator/,calculator,True,
Fence Removal Calculator,fence-removal-calculator,https://tools.yalla-calculator.co.uk/fence-removal-calculator/,calculator,True,
Fence Repair Cost Calculator,fence-repair-cost-calculator,https://tools.yalla-calculator.co.uk/fence-repair-cost-calculator/,calculator,True,
Fence Repair Cost Guide,fence-repair-cost-guide,https://tools.yalla-calculator.co.uk/fence-repair-cost-guide/,guide,True,
Fence Repair Time Calculator,fence-repair-time-calculator,https://tools.yalla-calculator.co.uk/fence-repair-time-calculator/,calculator,True,
Fence Setback Calculator,fence-setback-calculator,https://tools.yalla-calculator.co.uk/fence-setback-calculator/,calculator,True,
Fence Stain Calculator,fence-stain-calculator,https://tools.yalla-calculator.co.uk/fence-stain-calculator/,calculator,True,Construction
Fence Tool Calculator,fence-tool-calculator,https://tools.yalla-calculator.co.uk/fence-tool-calculator/,calculator,True,
Fence Topper Calculator,fence-topper-calculator,https://tools.yalla-calculator.co.uk/fence-topper-calculator/,calculator,True,
Fence Trim Calculator,fence-trim-calculator,https://tools.yalla-calculator.co.uk/fence-trim-calculator/,calculator,True,
Fence,fence,https://tools.yalla-calculator.co.uk/fence/,page,False,
Fender Clearance Calculator,fender-clearance-calculator,https://tools.yalla-calculator.co.uk/fender-clearance-calculator/,calculator,True,
Fertile Window Calculator,fertile-window-calculator,https://tools.yalla-calculator.co.uk/fertile-window-calculator/,calculator,True,
Fertility Calculator,fertility-calculator,https://tools.yalla-calculator.co.uk/fertility-calculator/,calculator,True,Health
Fertilizer Application Calculator,fertilizer-application-calculator,https://tools.yalla-calculator.co.uk/fertilizer-application-calculator/,calculator,True,
Fertilizer Calculator,fertilizer-calculator,https://tools.yalla-calculator.co.uk/fertilizer-calculator/,calculator,True,
Fetal Growth Calculator,fetal-growth-calculator,https://tools.yalla-calculator.co.uk/fetal-growth-calculator/,calculator,True,
Fetal Milestone Calculator,fetal-milestone-calculator,https://tools.yalla-calculator.co.uk/fetal-milestone-calculator/,calculator,True,
Fetal Weight Calculator,fetal-weight-calculator,https://tools.yalla-calculator.co.uk/fetal-weight-calculator/,calculator,True,
Ffmi Calculator,ffmi-calculator,https://tools.yalla-calculator.co.uk/ffmi-calculator/,calculator,True,
Fha Loan Calculator,fha-loan-calculator,https://tools.yalla-calculator.co.uk/fha-loan-calculator/,calculator,True,
Fha Refinance Calculator,fha-refinance-calculator,https://tools.yalla-calculator.co.uk/fha-refinance-calculator/,calculator,True,
Fiber Calculator,fiber-calculator,https://tools.yalla-calculator.co.uk/fiber-calculator/,calculator,True,
Fiber Cement Siding Calculator,fiber-cement-siding-calculator,https://tools.yalla-calculator.co.uk/fiber-cement-siding-calculator/,calculator,True,
Fiber Impact Calculator,fiber-impact-calculator,https://tools.yalla-calculator.co.uk/fiber-impact-calculator/,calculator,True,
Fiberglass Insulation Calculator,fiberglass-insulation-calculator,https://tools.yalla-calculator.co.uk/fiberglass-insulation-calculator/,calculator,True,
Filter Calculator,filter-calculator,https://tools.yalla-calculator.co.uk/filter-calculator/,calculator,True,
Filter Media Calculator,filter-media-calculator,https://tools.yalla-calculator.co.uk/filter-media-calculator/,calculator,True,
Final Drive Ratio Calculator,final-drive-ratio-calculator,https://tools.yalla-calculator.co.uk/final-drive-ratio-calculator/,calculator,True,
Financial Cushion Calculator,financial-cushion-calculator,https://tools.yalla-calculator.co.uk/financial-cushion-calculator/,calculator,True,
Financial Forecast Calculator,financial-forecast-calculator,https://tools.yalla-calculator.co.uk/financial-forecast-calculator/,calculator,True,
Financial Freedom Calculator,financial-freedom-calculator,https://tools.yalla-calculator.co.uk/financial-freedom-calculator/,calculator,True,
Financial Goal Calculator,financial-goal-calculator,https://tools.yalla-calculator.co.uk/financial-goal-calculator/,calculator,True,Financial
Financial Health Score Calculator,financial-health-score-calculator,https://tools.yalla-calculator.co.uk/financial-health-score-calculator/,calculator,True,
Financial Independence Calculator,financial-independence-calculator,https://tools.yalla-calculator.co.uk/financial-independence-calculator/,calculator,True,
Financial Product Comparison Calculator,financial-product-comparison-calculator,https://tools.yalla-calculator.co.uk/financial-product-comparison-calculator/,calculator,True,
Financial Ratio Calculator,financial-ratio-calculator,https://tools.yalla-calculator.co.uk/financial-ratio-calculator/,calculator,True,
Financial Stress Calculator,financial-stress-calculator,https://tools.yalla-calculator.co.uk/financial-stress-calculator/,calculator,True,
Financial Wellness Assessment,financial-wellness-assessment,https://tools.yalla-calculator.co.uk/financial-wellness-assessment/,assessment,True,
Financial,financial,https://tools.yalla-calculator.co.uk/financial/,category,False,Automotive
Find Your Calculator,find-your-calculator,https://tools.yalla-calculator.co.uk/find-your-calculator/,calculator,True,
Fire Pit Calculator,fire-pit-calculator,https://tools.yalla-calculator.co.uk/fire-pit-calculator/,calculator,True,
Fire Pit Cost Guide,fire-pit-cost-guide,https://tools.yalla-calculator.co.uk/fire-pit-cost-guide/,guide,True,
Fire Safety Inspection Calculator,fire-safety-inspection-calculator,https://tools.yalla-calculator.co.uk/fire-safety-inspection-calculator/,calculator,True,
Fish Compatibility Calculator,fish-compatibility-calculator,https://tools.yalla-calculator.co.uk/fish-compatibility-calculator/,calculator,True,
Fish Cooking Time Calculator,fish-cooking-time-calculator,https://tools.yalla-calculator.co.uk/fish-cooking-time-calculator/,calculator,True,Cooking
Fish Cost Calculator,fish-cost-calculator,https://tools.yalla-calculator.co.uk/fish-cost-calculator/,calculator,True,
Fish Growth Calculator,fish-growth-calculator,https://tools.yalla-calculator.co.uk/fish-growth-calculator/,calculator,True,
Fitness Age Calculator,fitness-age-calculator,https://tools.yalla-calculator.co.uk/fitness-age-calculator/,calculator,True,Health
Fitness Assessment Calculator,fitness-assessment-calculator,https://tools.yalla-calculator.co.uk/fitness-assessment-calculator/,calculator,True,
Fitness Comparison Calculator,fitness-comparison-calculator,https://tools.yalla-calculator.co.uk/fitness-comparison-calculator/,calculator,True,
Fitness Exercise,fitness-exercise,https://tools.yalla-calculator.co.uk/fitness-exercise/,page,False,
Fitness Goal Calculator,fitness-goal-calculator,https://tools.yalla-calculator.co.uk/fitness-goal-calculator/,calculator,True,
Fitness Level Calculator,fitness-level-calculator,https://tools.yalla-calculator.co.uk/fitness-level-calculator/,calculator,True,
Fitness Progress Calculator,fitness-progress-calculator,https://tools.yalla-calculator.co.uk/fitness-progress-calculator/,calculator,True,
Fitness Tracker Calculator,fitness-tracker-calculator,https://tools.yalla-calculator.co.uk/fitness-tracker-calculator/,calculator,True,
Fitness Tracker,fitness-tracker,https://tools.yalla-calculator.co.uk/fitness-tracker/,tracker,True,
Fixed Payment Calculator,fixed-payment-calculator,https://tools.yalla-calculator.co.uk/fixed-payment-calculator/,calculator,True,
Fixed Vs Variable Expenses Calculator,fixed-vs-variable-expenses-calculator,https://tools.yalla-calculator.co.uk/fixed-vs-variable-expenses-calculator/,calculator,True,
Flat Roof Calculator,flat-roof-calculator,https://tools.yalla-calculator.co.uk/flat-roof-calculator/,calculator,True,
Flat Roof Slope Calculator,flat-roof-slope-calculator,https://tools.yalla-calculator.co.uk/flat-roof-slope-calculator/,calculator,True,
Fleet Efficiency Calculator,fleet-efficiency-calculator,https://tools.yalla-calculator.co.uk/fleet-efficiency-calculator/,calculator,True,
Fleet Fuel Cost Calculator,fleet-fuel-cost-calculator,https://tools.yalla-calculator.co.uk/fleet-fuel-cost-calculator/,calculator,True,
Fleet Maintenance Cost Calculator,fleet-maintenance-cost-calculator,https://tools.yalla-calculator.co.uk/fleet-maintenance-cost-calculator/,calculator,True,
Fleet Tco Calculator,fleet-tco-calculator,https://tools.yalla-calculator.co.uk/fleet-tco-calculator/,calculator,True,
Flip Financing Calculator,flip-financing-calculator,https://tools.yalla-calculator.co.uk/flip-financing-calculator/,calculator,True,
Flip ROI Calculator,flip-roi-calculator,https://tools.yalla-calculator.co.uk/flip-roi-calculator/,calculator,True,
Flip Timeline Calculator,flip-timeline-calculator,https://tools.yalla-calculator.co.uk/flip-timeline-calculator/,calculator,True,
Flipping Calculator,flipping-calculator,https://tools.yalla-calculator.co.uk/flipping-calculator/,calculator,True,
Flipping Profit Calculator,flipping-profit-calculator,https://tools.yalla-calculator.co.uk/flipping-profit-calculator/,calculator,True,
Floating Stair Calculator,floating-stair-calculator,https://tools.yalla-calculator.co.uk/floating-stair-calculator/,calculator,True,
Flood Insurance Calculator,flood-insurance-calculator,https://tools.yalla-calculator.co.uk/flood-insurance-calculator/,calculator,True,
Floor Area Calculator,floor-area-calculator,https://tools.yalla-calculator.co.uk/floor-area-calculator/,calculator,True,
Floor Leveling Calculator,floor-leveling-calculator,https://tools.yalla-calculator.co.uk/floor-leveling-calculator/,calculator,True,
Floor Prep Calculator,floor-prep-calculator,https://tools.yalla-calculator.co.uk/floor-prep-calculator/,calculator,True,
Flooring Budget Calculator,flooring-budget-calculator,https://tools.yalla-calculator.co.uk/flooring-budget-calculator/,calculator,True,
Flooring Calculator,flooring-calculator,https://tools.yalla-calculator.co.uk/flooring-calculator/,calculator,True,Construction
Flooring Cost Calculator,flooring-cost-calculator,https://tools.yalla-calculator.co.uk/flooring-cost-calculator/,calculator,True,
Flooring,flooring,https://tools.yalla-calculator.co.uk/flooring/,page,False,
Flour Weight Calculator,flour-weight-calculator,https://tools.yalla-calculator.co.uk/flour-weight-calculator/,calculator,True,Cooking
Flow Rate Calculator,flow-rate-calculator,https://tools.yalla-calculator.co.uk/flow-rate-calculator/,calculator,True,Construction
Flow Rate Pressure Calculator,flow-rate-pressure-calculator,https://tools.yalla-calculator.co.uk/flow-rate-pressure-calculator/,calculator,True,
Flow Unit Converter,flow-unit-converter,https://tools.yalla-calculator.co.uk/flow-unit-converter/,converter,True,
Fluid Ounces To Cups Converter,fluid-ounces-to-cups-converter,https://tools.yalla-calculator.co.uk/fluid-ounces-to-cups-converter/,converter,True,
Fluid Ounces To Milliliters Converter,fluid-ounces-to-milliliters-converter,https://tools.yalla-calculator.co.uk/fluid-ounces-to-milliliters-converter/,converter,True,
Food Budget Calculator,food-budget-calculator,https://tools.yalla-calculator.co.uk/food-budget-calculator/,calculator,True,
Food Calorie Calculator,food-calorie-calculator,https://tools.yalla-calculator.co.uk/food-calorie-calculator/,calculator,True,Health
Food Comparison Calculator,food-comparison-calculator,https://tools.yalla-calculator.co.uk/food-comparison-calculator/,calculator,True,
Food Cost Calculator,food-cost-calculator,https://tools.yalla-calculator.co.uk/food-cost-calculator/,calculator,True,Cooking
Food Diary Calculator,food-diary-calculator,https://tools.yalla-calculator.co.uk/food-diary-calculator/,calculator,True,
Food Exchange Calculator,food-exchange-calculator,https://tools.yalla-calculator.co.uk/food-exchange-calculator/,calculator,True,
Food Preservation Calculator,food-preservation-calculator,https://tools.yalla-calculator.co.uk/food-preservation-calculator/,calculator,True,Cooking
Foot Candles To Lux Calculator,foot-candles-to-lux-calculator,https://tools.yalla-calculator.co.uk/foot-candles-to-lux-calculator/,calculator,True,Electrical
Foreign Income Tax Calculator,foreign-income-tax-calculator,https://tools.yalla-calculator.co.uk/foreign-income-tax-calculator/,calculator,True,
Foreign Investment Calculator,foreign-investment-calculator,https://tools.yalla-calculator.co.uk/foreign-investment-calculator/,calculator,True,
Foreign Tax Calculator,foreign-tax-calculator,https://tools.yalla-calculator.co.uk/foreign-tax-calculator/,calculator,True,
Foreign Tax Credit Calculator,foreign-tax-credit-calculator,https://tools.yalla-calculator.co.uk/foreign-tax-credit-calculator/,calculator,True,
Foreign Transaction Fee Calculator,foreign-transaction-fee-calculator,https://tools.yalla-calculator.co.uk/foreign-transaction-fee-calculator/,calculator,True,
Foreign Transfer Calculator,foreign-transfer-calculator,https://tools.yalla-calculator.co.uk/foreign-transfer-calculator/,calculator,True,
Forex Calculator,forex-calculator,https://tools.yalla-calculator.co.uk/forex-calculator/,calculator,True,Financial
Forex Profit Calculator,forex-profit-calculator,https://tools.yalla-calculator.co.uk/forex-profit-calculator/,calculator,True,
Forex Risk Calculator,forex-risk-calculator,https://tools.yalla-calculator.co.uk/forex-risk-calculator/,calculator,True,
Forex Risk Management Calculator,forex-risk-management-calculator,https://tools.yalla-calculator.co.uk/forex-risk-management-calculator/,calculator,True,
Forward Contract Calculator,forward-contract-calculator,https://tools.yalla-calculator.co.uk/forward-contract-calculator/,calculator,True,
Foundation Depth Calculator,foundation-depth-calculator,https://tools.yalla-calculator.co.uk/foundation-depth-calculator/,calculator,True,
Foundation Repair Cost Guide,foundation-repair-cost-guide,https://tools.yalla-calculator.co.uk/foundation-repair-cost-guide/,guide,True,
Fountain Calculator,fountain-calculator,https://tools.yalla-calculator.co.uk/fountain-calculator/,calculator,True,
Fraction Addition Calculator,fraction-addition-calculator,https://tools.yalla-calculator.co.uk/fraction-addition-calculator/,calculator,True,
Fraction Calculators,fraction-calculators,https://tools.yalla-calculator.co.uk/fraction-calculators/,category,True,Math
Fraction Converter,fraction-converter,https://tools.yalla-calculator.co.uk/fraction-converter/,converter,True,
Fraction Derivative Calculator,fraction-derivative-calculator,https://tools.yalla-calculator.co.uk/fraction-derivative-calculator/,calculator,True,
Fraction Division Calculator,fraction-division-calculator,https://tools.yalla-calculator.co.uk/fraction-division-calculator/,calculator,True,
Fraction Exponents Calculator,fraction-exponents-calculator,https://tools.yalla-calculator.co.uk/fraction-exponents-calculator/,calculator,True,
Fraction Games Calculator,fraction-games-calculator,https://tools.yalla-calculator.co.uk/fraction-games-calculator/,calculator,True,
Fraction Integral Calculator,fraction-integral-calculator,https://tools.yalla-calculator.co.uk/fraction-integral-calculator/,calculator,True,
Fraction Limit Calculator,fraction-limit-calculator,https://tools.yalla-calculator.co.uk/fraction-limit-calculator/,calculator,True,
Fraction Multiplication Calculator,fraction-multiplication-calculator,https://tools.yalla-calculator.co.uk/fraction-multiplication-calculator/,calculator,True,
Fraction Operations Calculator,fraction-operations-calculator,https://tools.yalla-calculator.co.uk/fraction-operations-calculator/,calculator,True,
Fraction Practice Calculator,fraction-practice-calculator,https://tools.yalla-calculator.co.uk/fraction-practice-calculator/,calculator,True,
Fraction Quiz Calculator,fraction-quiz-calculator,https://tools.yalla-calculator.co.uk/fraction-quiz-calculator/,calculator,True,
Fraction Series Calculator,fraction-series-calculator,https://tools.yalla-calculator.co.uk/fraction-series-calculator/,calculator,True,
Fraction Simplification Calculator,fraction-simplification-calculator,https://tools.yalla-calculator.co.uk/fraction-simplification-calculator/,calculator,True,
Fraction Sqrt Calculator,fraction-sqrt-calculator,https://tools.yalla-calculator.co.uk/fraction-sqrt-calculator/,calculator,True,
Fraction Subtraction Calculator,fraction-subtraction-calculator,https://tools.yalla-calculator.co.uk/fraction-subtraction-calculator/,calculator,True,
Fraction To Decimal Calculator,fraction-to-decimal-calculator,https://tools.yalla-calculator.co.uk/fraction-to-decimal-calculator/,calculator,True,Math
Fraction To Inches Calculator,fraction-to-inches-calculator,https://tools.yalla-calculator.co.uk/fraction-to-inches-calculator/,calculator,True,
Fraction To mm Calculator,fraction-to-mm-calculator,https://tools.yalla-calculator.co.uk/fraction-to-mm-calculator/,calculator,True,
Fraction To Percent Calculator,fraction-to-percent-calculator,https://tools.yalla-calculator.co.uk/fraction-to-percent-calculator/,calculator,True,Math
Fraction To Percentage Calculator,fraction-to-percentage-calculator,https://tools.yalla-calculator.co.uk/fraction-to-percentage-calculator/,calculator,True,
Fraction To Ratio Calculator,fraction-to-ratio-calculator,https://tools.yalla-calculator.co.uk/fraction-to-ratio-calculator/,calculator,True,Math
Fraction Tutor Calculator,fraction-tutor-calculator,https://tools.yalla-calculator.co.uk/fraction-tutor-calculator/,calculator,True,
Fraction Visualizer,fraction-visualizer,https://tools.yalla-calculator.co.uk/fraction-visualizer/,visualizer,True,
Fraction Worksheet Generator,fraction-worksheet-generator,https://tools.yalla-calculator.co.uk/fraction-worksheet-generator/,generator,True,
Fractional Feet Calculator,fractional-feet-calculator,https://tools.yalla-calculator.co.uk/fractional-feet-calculator/,calculator,True,
Fractional Flow Reserve Calculator,fractional-flow-reserve-calculator,https://tools.yalla-calculator.co.uk/fractional-flow-reserve-calculator/,calculator,True,
Framing Calculator,framing-calculator,https://tools.yalla-calculator.co.uk/framing-calculator/,calculator,True,Construction
Framingham Risk Score Calculator,framingham-risk-score-calculator,https://tools.yalla-calculator.co.uk/framingham-risk-score-calculator/,calculator,True,
Free Cash Flow Calculator,free-cash-flow-calculator,https://tools.yalla-calculator.co.uk/free-cash-flow-calculator/,calculator,True,
Freezing Time Calculator,freezing-time-calculator,https://tools.yalla-calculator.co.uk/freezing-time-calculator/,calculator,True,Cooking
French Drain Calculator,french-drain-calculator,https://tools.yalla-calculator.co.uk/french-drain-calculator/,calculator,True,
Frequency Calculator,frequency-calculator,https://tools.yalla-calculator.co.uk/frequency-calculator/,calculator,True,Science
Frost Date Calculator,frost-date-calculator,https://tools.yalla-calculator.co.uk/frost-date-calculator/,calculator,True,
Frost Depth Calculator,frost-depth-calculator,https://tools.yalla-calculator.co.uk/frost-depth-calculator/,calculator,True,
Fsa Calculator,fsa-calculator,https://tools.yalla-calculator.co.uk/fsa-calculator/,calculator,True,
Fuel Budget Calculator,fuel-budget-calculator,https://tools.yalla-calculator.co.uk/fuel-budget-calculator/,calculator,True,
Fuel Card Savings Calculator,fuel-card-savings-calculator,https://tools.yalla-calculator.co.uk/fuel-card-savings-calculator/,calculator,True,
Fuel Consumption Calculator,fuel-consumption-calculator,https://tools.yalla-calculator.co.uk/fuel-consumption-calculator/,calculator,True,Automotive
Fuel Cost Calculator 2,fuel-cost-calculator-2,https://tools.yalla-calculator.co.uk/fuel-cost-calculator-2/,calculator,True,
Fuel Cost Calculator,fuel-cost-calculator,https://tools.yalla-calculator.co.uk/fuel-cost-calculator/,calculator,True,Automotive
Fuel Economy Calculators,fuel-economy-calculators,https://tools.yalla-calculator.co.uk/fuel-economy-calculators/,category,True,
Fuel Economy Comparison Calculator,fuel-economy-comparison-calculator,https://tools.yalla-calculator.co.uk/fuel-economy-comparison-calculator/,calculator,True,
Fuel Economy Conversion Chart,fuel-economy-conversion-chart,https://tools.yalla-calculator.co.uk/fuel-economy-conversion-chart/,chart,True,
Fuel Economy Unit Converter,fuel-economy-unit-converter,https://tools.yalla-calculator.co.uk/fuel-economy-unit-converter/,converter,True,Automotive
Fuel Efficiency Calculator 2,fuel-efficiency-calculator-2,https://tools.yalla-calculator.co.uk/fuel-efficiency-calculator-2/,calculator,True,
Fuel Efficiency Calculator,fuel-efficiency-calculator,https://tools.yalla-calculator.co.uk/fuel-efficiency-calculator/,calculator,True,Automotive
Fuel Filter Replacement Calculator,fuel-filter-replacement-calculator,https://tools.yalla-calculator.co.uk/fuel-filter-replacement-calculator/,calculator,True,
Fuel Flow Calculator,fuel-flow-calculator,https://tools.yalla-calculator.co.uk/fuel-flow-calculator/,calculator,True,
Fuel Mapping Calculator,fuel-mapping-calculator,https://tools.yalla-calculator.co.uk/fuel-mapping-calculator/,calculator,True,
Fuel Pressure Calculator,fuel-pressure-calculator,https://tools.yalla-calculator.co.uk/fuel-pressure-calculator/,calculator,True,
Fuel Price Comparison Calculator,fuel-price-comparison-calculator,https://tools.yalla-calculator.co.uk/fuel-price-comparison-calculator/,calculator,True,
Fuel Price Forecast Calculator,fuel-price-forecast-calculator,https://tools.yalla-calculator.co.uk/fuel-price-forecast-calculator/,calculator,True,
Fuel Rebate Calculator,fuel-rebate-calculator,https://tools.yalla-calculator.co.uk/fuel-rebate-calculator/,calculator,True,
Fuel Savings Calculator,fuel-savings-calculator,https://tools.yalla-calculator.co.uk/fuel-savings-calculator/,calculator,True,
Fuel Savings Comparison Calculator,fuel-savings-comparison-calculator,https://tools.yalla-calculator.co.uk/fuel-savings-comparison-calculator/,calculator,True,
Fuel Stops Calculator,fuel-stops-calculator,https://tools.yalla-calculator.co.uk/fuel-stops-calculator/,calculator,True,
Fuel System Cleaner Calculator,fuel-system-cleaner-calculator,https://tools.yalla-calculator.co.uk/fuel-system-cleaner-calculator/,calculator,True,
Fuel Tax Calculator,fuel-tax-calculator,https://tools.yalla-calculator.co.uk/fuel-tax-calculator/,calculator,True,
Fuel Usage Calculator,fuel-usage-calculator,https://tools.yalla-calculator.co.uk/fuel-usage-calculator/,calculator,True,
Full Coverage Calculator,full-coverage-calculator,https://tools.yalla-calculator.co.uk/full-coverage-calculator/,calculator,True,
Fund Comparison Calculator,fund-comparison-calculator,https://tools.yalla-calculator.co.uk/fund-comparison-calculator/,calculator,True,
Furnace BTU Calculator,furnace-btu-calculator,https://tools.yalla-calculator.co.uk/furnace-btu-calculator/,calculator,True,Construction
Furnace Installation Cost Guide,furnace-installation-cost-guide,https://tools.yalla-calculator.co.uk/furnace-installation-cost-guide/,guide,True,
Furnace Repair Cost Guide,furnace-repair-cost-guide,https://tools.yalla-calculator.co.uk/furnace-repair-cost-guide/,guide,True,
Furniture Dimension Calculator,furniture-dimension-calculator,https://tools.yalla-calculator.co.uk/furniture-dimension-calculator/,calculator,True,
Future Age Calculator,future-age-calculator,https://tools.yalla-calculator.co.uk/future-age-calculator/,calculator,True,
Future Value Calculator Auto,future-value-calculator-auto,https://tools.yalla-calculator.co.uk/future-value-calculator-auto/,calculator,True,
Gable Roof Calculator,gable-roof-calculator,https://tools.yalla-calculator.co.uk/gable-roof-calculator/,calculator,True,
Gable Siding Calculator,gable-siding-calculator,https://tools.yalla-calculator.co.uk/gable-siding-calculator/,calculator,True,
Gallons Per Mile Calculator,gallons-per-mile-calculator,https://tools.yalla-calculator.co.uk/gallons-per-mile-calculator/,calculator,True,
Gallons To Liters Converter,gallons-to-liters-converter,https://tools.yalla-calculator.co.uk/gallons-to-liters-converter/,converter,True,
Gallons To Quarts Converter,gallons-to-quarts-converter,https://tools.yalla-calculator.co.uk/gallons-to-quarts-converter/,converter,True,
Gambrel Roof Calculator,gambrel-roof-calculator,https://tools.yalla-calculator.co.uk/gambrel-roof-calculator/,calculator,True,
Gap Insurance Calculator,gap-insurance-calculator,https://tools.yalla-calculator.co.uk/gap-insurance-calculator/,calculator,True,
Garage Door Installation Cost Guide,garage-door-installation-cost-guide,https://tools.yalla-calculator.co.uk/garage-door-installation-cost-guide/,guide,True,
Garage Door Repair Cost Guide,garage-door-repair-cost-guide,https://tools.yalla-calculator.co.uk/garage-door-repair-cost-guide/,guide,True,
Garage Floor Epoxy Cost Guide,garage-floor-epoxy-cost-guide,https://tools.yalla-calculator.co.uk/garage-floor-epoxy-cost-guide/,guide,True,
Garden Bed Calculator,garden-bed-calculator,https://tools.yalla-calculator.co.uk/garden-bed-calculator/,calculator,True,
Garden Border Calculator,garden-border-calculator,https://tools.yalla-calculator.co.uk/garden-border-calculator/,calculator,True,
Garden Budget Calculator,garden-budget-calculator,https://tools.yalla-calculator.co.uk/garden-budget-calculator/,calculator,True,
Garden Fence Calculator,garden-fence-calculator,https://tools.yalla-calculator.co.uk/garden-fence-calculator/,calculator,True,
Garden Layout Calculator,garden-layout-calculator,https://tools.yalla-calculator.co.uk/garden-layout-calculator/,calculator,True,
Garden Lighting Calculator,garden-lighting-calculator,https://tools.yalla-calculator.co.uk/garden-lighting-calculator/,calculator,True,
Garden Path Calculator,garden-path-calculator,https://tools.yalla-calculator.co.uk/garden-path-calculator/,calculator,True,
Garden Planner Calculator,garden-planner-calculator,https://tools.yalla-calculator.co.uk/garden-planner-calculator/,calculator,True,
Gas Cost Calculator,gas-cost-calculator,https://tools.yalla-calculator.co.uk/gas-cost-calculator/,calculator,True,
Gas Price Comparison Calculator,gas-price-comparison-calculator,https://tools.yalla-calculator.co.uk/gas-price-comparison-calculator/,calculator,True,
Gate Calculator,gate-calculator,https://tools.yalla-calculator.co.uk/gate-calculator/,calculator,True,
Gate Hardware Calculator,gate-hardware-calculator,https://tools.yalla-calculator.co.uk/gate-hardware-calculator/,calculator,True,
Gate Hinge Calculator,gate-hinge-calculator,https://tools.yalla-calculator.co.uk/gate-hinge-calculator/,calculator,True,
Gate Latch Calculator,gate-latch-calculator,https://tools.yalla-calculator.co.uk/gate-latch-calculator/,calculator,True,
Gate Post Calculator,gate-post-calculator,https://tools.yalla-calculator.co.uk/gate-post-calculator/,calculator,True,
Gate Size Calculator,gate-size-calculator,https://tools.yalla-calculator.co.uk/gate-size-calculator/,calculator,True,
Gazebo Cost Guide,gazebo-cost-guide,https://tools.yalla-calculator.co.uk/gazebo-cost-guide/,guide,True,
Gear Ratio Calculator,gear-ratio-calculator,https://tools.yalla-calculator.co.uk/gear-ratio-calculator/,calculator,True,
Generalized Anxiety Calculator,generalized-anxiety-calculator,https://tools.yalla-calculator.co.uk/generalized-anxiety-calculator/,calculator,True,
Generation Calculator,generation-calculator,https://tools.yalla-calculator.co.uk/generation-calculator/,calculator,True,
Generation Gap Calculator,generation-gap-calculator,https://tools.yalla-calculator.co.uk/generation-gap-calculator/,calculator,True,
Generational Comparison Calculator,generational-comparison-calculator,https://tools.yalla-calculator.co.uk/generational-comparison-calculator/,calculator,True,
Genetic Nutrition Calculator,genetic-nutrition-calculator,https://tools.yalla-calculator.co.uk/genetic-nutrition-calculator/,calculator,True,
Geometry Calculators,geometry-calculators,https://tools.yalla-calculator.co.uk/geometry-calculators/,category,True,
Gestational Age Calculator,gestational-age-calculator,https://tools.yalla-calculator.co.uk/gestational-age-calculator/,calculator,True,
Gestational Diabetes Calculator,gestational-diabetes-calculator,https://tools.yalla-calculator.co.uk/gestational-diabetes-calculator/,calculator,True,
Gestational Diabetes Risk Calculator,gestational-diabetes-risk-calculator,https://tools.yalla-calculator.co.uk/gestational-diabetes-risk-calculator/,calculator,True,
Gestational Weight Calculator,gestational-weight-calculator,https://tools.yalla-calculator.co.uk/gestational-weight-calculator/,calculator,True,
Gfr Calculator,gfr-calculator,https://tools.yalla-calculator.co.uk/gfr-calculator/,calculator,True,Health
Gift Tax Calculator,gift-tax-calculator,https://tools.yalla-calculator.co.uk/gift-tax-calculator/,calculator,True,
Gigabytes To Megabytes Converter,gigabytes-to-megabytes-converter,https://tools.yalla-calculator.co.uk/gigabytes-to-megabytes-converter/,converter,True,
Gigabytes To Terabytes Converter,gigabytes-to-terabytes-converter,https://tools.yalla-calculator.co.uk/gigabytes-to-terabytes-converter/,converter,True,
Glasgow Coma Scale Calculator,glasgow-coma-scale-calculator,https://tools.yalla-calculator.co.uk/glasgow-coma-scale-calculator/,calculator,True,
Glass Railing Calculator,glass-railing-calculator,https://tools.yalla-calculator.co.uk/glass-railing-calculator/,calculator,True,
Glass Shower Door Cost Guide,glass-shower-door-cost-guide,https://tools.yalla-calculator.co.uk/glass-shower-door-cost-guide/,guide,True,
Glp1 Dosage Calculator,glp1-dosage-calculator,https://tools.yalla-calculator.co.uk/glp1-dosage-calculator/,calculator,True,
Glucose Target Pregnancy Calculator,glucose-target-pregnancy-calculator,https://tools.yalla-calculator.co.uk/glucose-target-pregnancy-calculator/,calculator,True,
Glucose Variability Calculator,glucose-variability-calculator,https://tools.yalla-calculator.co.uk/glucose-variability-calculator/,calculator,True,
Gluten Free Calculator,gluten-free-calculator,https://tools.yalla-calculator.co.uk/gluten-free-calculator/,calculator,True,
Gluten Free Conversion Calculator,gluten-free-conversion-calculator,https://tools.yalla-calculator.co.uk/gluten-free-conversion-calculator/,calculator,True,Cooking
Glycemic Index Calculator,glycemic-index-calculator,https://tools.yalla-calculator.co.uk/glycemic-index-calculator/,calculator,True,
Glycemic Load Calculator,glycemic-load-calculator,https://tools.yalla-calculator.co.uk/glycemic-load-calculator/,calculator,True,
Goal Pace Calculator,goal-pace-calculator,https://tools.yalla-calculator.co.uk/goal-pace-calculator/,calculator,True,
Goal Progress Calculator 2,goal-progress-calculator-2,https://tools.yalla-calculator.co.uk/goal-progress-calculator-2/,calculator,True,
Goal Progress Calculator,goal-progress-calculator,https://tools.yalla-calculator.co.uk/goal-progress-calculator/,calculator,True,
Goal Weight Calculator,goal-weight-calculator,https://tools.yalla-calculator.co.uk/goal-weight-calculator/,calculator,True,Health
Golden Ratio Calculator,golden-ratio-calculator,https://tools.yalla-calculator.co.uk/golden-ratio-calculator/,calculator,True,Math
Gpa Calculator,gpa-calculator,https://tools.yalla-calculator.co.uk/gpa-calculator/,calculator,True,Math
Gpm Calculator,gpm-calculator,https://tools.yalla-calculator.co.uk/gpm-calculator/,calculator,True,
Grace Period Calculator,grace-period-calculator,https://tools.yalla-calculator.co.uk/grace-period-calculator/,calculator,True,
Grade Calculators,grade-calculators,https://tools.yalla-calculator.co.uk/grade-calculators/,category,True,
Grading Calculator,grading-calculator,https://tools.yalla-calculator.co.uk/grading-calculator/,calculator,True,
Grams To Cups Converter,grams-to-cups-converter,https://tools.yalla-calculator.co.uk/grams-to-cups-converter/,converter,True,
Grams To ml Converter,grams-to-ml-converter,https://tools.yalla-calculator.co.uk/grams-to-ml-converter/,converter,True,
Grams To Moles Calculator,grams-to-moles-calculator,https://tools.yalla-calculator.co.uk/grams-to-moles-calculator/,calculator,True,
Grams To Ounces Converter,grams-to-ounces-converter,https://tools.yalla-calculator.co.uk/grams-to-ounces-converter/,converter,True,
Grass Seed Calculator,grass-seed-calculator,https://tools.yalla-calculator.co.uk/grass-seed-calculator/,calculator,True,Construction
Gravel Base Calculator,gravel-base-calculator,https://tools.yalla-calculator.co.uk/gravel-base-calculator/,calculator,True,
Gravel Calculator Concrete,gravel-calculator-concrete,https://tools.yalla-calculator.co.uk/gravel-calculator-concrete/,calculator,True,
Gravel Calculator,gravel-calculator,https://tools.yalla-calculator.co.uk/gravel-calculator/,calculator,True,Construction
Gravel Compaction Calculator,gravel-compaction-calculator,https://tools.yalla-calculator.co.uk/gravel-compaction-calculator/,calculator,True,
Gravel Cost Calculator,gravel-cost-calculator,https://tools.yalla-calculator.co.uk/gravel-cost-calculator/,calculator,True,
Gravel Depth Calculator,gravel-depth-calculator,https://tools.yalla-calculator.co.uk/gravel-depth-calculator/,calculator,True,
Gravel Driveway Calculator,gravel-driveway-calculator,https://tools.yalla-calculator.co.uk/gravel-driveway-calculator/,calculator,True,Construction
Gravel Tonnage Calculator,gravel-tonnage-calculator,https://tools.yalla-calculator.co.uk/gravel-tonnage-calculator/,calculator,True,
Greatest Common Factor Calculator,greatest-common-factor-calculator,https://tools.yalla-calculator.co.uk/greatest-common-factor-calculator/,calculator,True,Math
Green Maintenance Calculator,green-maintenance-calculator,https://tools.yalla-calculator.co.uk/green-maintenance-calculator/,calculator,True,
Greenhouse Gas Calculator,greenhouse-gas-calculator,https://tools.yalla-calculator.co.uk/greenhouse-gas-calculator/,calculator,True,
Grilling Temperature Guide,grilling-temperature-guide,https://tools.yalla-calculator.co.uk/grilling-temperature-guide/,guide,True,Cooking
Grocery Calculator,grocery-calculator,https://tools.yalla-calculator.co.uk/grocery-calculator/,calculator,True,
Gross Margin Calculator,gross-margin-calculator,https://tools.yalla-calculator.co.uk/gross-margin-calculator/,calculator,True,
Gross Profit Calculator,gross-profit-calculator,https://tools.yalla-calculator.co.uk/gross-profit-calculator/,calculator,True,
Ground Fault Calculator,ground-fault-calculator,https://tools.yalla-calculator.co.uk/ground-fault-calculator/,calculator,True,Electrical
Ground Resistance Calculator,ground-resistance-calculator,https://tools.yalla-calculator.co.uk/ground-resistance-calculator/,calculator,True,Electrical
Grounding Conductor Calculator,grounding-conductor-calculator,https://tools.yalla-calculator.co.uk/grounding-conductor-calculator/,calculator,True,Electrical
Grounding Electrode Calculator,grounding-electrode-calculator,https://tools.yalla-calculator.co.uk/grounding-electrode-calculator/,calculator,True,Electrical
Grout Calculator,grout-calculator,https://tools.yalla-calculator.co.uk/grout-calculator/,calculator,True,
Growing Season Calculator,growing-season-calculator,https://tools.yalla-calculator.co.uk/growing-season-calculator/,calculator,True,
Growth Percentile Calculator,growth-percentile-calculator,https://tools.yalla-calculator.co.uk/growth-percentile-calculator/,calculator,True,
Gutter Calculator,gutter-calculator,https://tools.yalla-calculator.co.uk/gutter-calculator/,calculator,True,
Gutter Capacity Calculator,gutter-capacity-calculator,https://tools.yalla-calculator.co.uk/gutter-capacity-calculator/,calculator,True,
Gutter Guard Calculator,gutter-guard-calculator,https://tools.yalla-calculator.co.uk/gutter-guard-calculator/,calculator,True,
Gutter Installation Cost Guide,gutter-installation-cost-guide,https://tools.yalla-calculator.co.uk/gutter-installation-cost-guide/,guide,True,
Gutter Pitch Calculator,gutter-pitch-calculator,https://tools.yalla-calculator.co.uk/gutter-pitch-calculator/,calculator,True,
Gutter Replacement Cost Calculator,gutter-replacement-cost-calculator,https://tools.yalla-calculator.co.uk/gutter-replacement-cost-calculator/,calculator,True,
Gutter Size Calculator,gutter-size-calculator,https://tools.yalla-calculator.co.uk/gutter-size-calculator/,calculator,True,
Half Birthday Calculator,half-birthday-calculator,https://tools.yalla-calculator.co.uk/half-birthday-calculator/,calculator,True,
Hamwi Calculator,hamwi-calculator,https://tools.yalla-calculator.co.uk/hamwi-calculator/,calculator,True,
Hardwood Board Calculator,hardwood-board-calculator,https://tools.yalla-calculator.co.uk/hardwood-board-calculator/,calculator,True,
Hardwood Finish Calculator,hardwood-finish-calculator,https://tools.yalla-calculator.co.uk/hardwood-finish-calculator/,calculator,True,
Hardwood Floor Installation Cost Guide,hardwood-floor-installation-cost-guide,https://tools.yalla-calculator.co.uk/hardwood-floor-installation-cost-guide/,guide,True,
Hardwood Floor Refinishing Cost Guide,hardwood-floor-refinishing-cost-guide,https://tools.yalla-calculator.co.uk/hardwood-floor-refinishing-cost-guide/,guide,True,
Hardwood Flooring Calculator,hardwood-flooring-calculator,https://tools.yalla-calculator.co.uk/hardwood-flooring-calculator/,calculator,True,
Hardwood Installation Calculator,hardwood-installation-calculator,https://tools.yalla-calculator.co.uk/hardwood-installation-calculator/,calculator,True,
Hardwood Maintenance Calculator,hardwood-maintenance-calculator,https://tools.yalla-calculator.co.uk/hardwood-maintenance-calculator/,calculator,True,
Hardwood Transition Calculator,hardwood-transition-calculator,https://tools.yalla-calculator.co.uk/hardwood-transition-calculator/,calculator,True,
Hardwood Underlayment Calculator,hardwood-underlayment-calculator,https://tools.yalla-calculator.co.uk/hardwood-underlayment-calculator/,calculator,True,
Hardwood Waste Calculator,hardwood-waste-calculator,https://tools.yalla-calculator.co.uk/hardwood-waste-calculator/,calculator,True,
Harris Benedict Calculator,harris-benedict-calculator,https://tools.yalla-calculator.co.uk/harris-benedict-calculator/,calculator,True,
Has Bled Score Calculator,has-bled-score-calculator,https://tools.yalla-calculator.co.uk/has-bled-score-calculator/,calculator,True,
Head Loss Calculator,head-loss-calculator,https://tools.yalla-calculator.co.uk/head-loss-calculator/,calculator,True,
Header Size Calculator,header-size-calculator,https://tools.yalla-calculator.co.uk/header-size-calculator/,calculator,True,
Health Age Calculator,health-age-calculator,https://tools.yalla-calculator.co.uk/health-age-calculator/,calculator,True,Health
Health Insurance Calculator,health-insurance-calculator,https://tools.yalla-calculator.co.uk/health-insurance-calculator/,calculator,True,Financial
Health Insurance Comparison Calculator,health-insurance-comparison-calculator,https://tools.yalla-calculator.co.uk/health-insurance-comparison-calculator/,calculator,True,
Health Insurance Cost Calculator,health-insurance-cost-calculator,https://tools.yalla-calculator.co.uk/health-insurance-cost-calculator/,calculator,True,
Health Insurance Deductible Calculator,health-insurance-deductible-calculator,https://tools.yalla-calculator.co.uk/health-insurance-deductible-calculator/,calculator,True,
Health Insurance Premium Calculator,health-insurance-premium-calculator,https://tools.yalla-calculator.co.uk/health-insurance-premium-calculator/,calculator,True,
Health Investment Calculator,health-investment-calculator,https://tools.yalla-calculator.co.uk/health-investment-calculator/,calculator,True,
Health Metric Comparison Calculator,health-metric-comparison-calculator,https://tools.yalla-calculator.co.uk/health-metric-comparison-calculator/,calculator,True,
Health Optimization Calculator,health-optimization-calculator,https://tools.yalla-calculator.co.uk/health-optimization-calculator/,calculator,True,
Health Risk Assessment Calculator,health-risk-assessment-calculator,https://tools.yalla-calculator.co.uk/health-risk-assessment-calculator/,calculator,True,
Health Risk Calculator,health-risk-calculator,https://tools.yalla-calculator.co.uk/health-risk-calculator/,calculator,True,
Health Savings Account Calculator,health-savings-account-calculator,https://tools.yalla-calculator.co.uk/health-savings-account-calculator/,calculator,True,
Health Score Calculator,health-score-calculator,https://tools.yalla-calculator.co.uk/health-score-calculator/,calculator,True,
Health,health,https://tools.yalla-calculator.co.uk/health/,category,False,Financial
Healthcare Cost Calculator,healthcare-cost-calculator,https://tools.yalla-calculator.co.uk/healthcare-cost-calculator/,calculator,True,
Healthspan Calculator,healthspan-calculator,https://tools.yalla-calculator.co.uk/healthspan-calculator/,calculator,True,
Healthy Habits Builder,healthy-habits-builder,https://tools.yalla-calculator.co.uk/healthy-habits-builder/,page,False,
Healthy Weight Calculator,healthy-weight-calculator,https://tools.yalla-calculator.co.uk/healthy-weight-calculator/,calculator,True,
Heart Age Calculator,heart-age-calculator,https://tools.yalla-calculator.co.uk/heart-age-calculator/,calculator,True,Health
Heart Disease Risk Calculator,heart-disease-risk-calculator,https://tools.yalla-calculator.co.uk/heart-disease-risk-calculator/,calculator,True,
Heart Health Score Calculator,heart-health-score-calculator,https://tools.yalla-calculator.co.uk/heart-health-score-calculator/,calculator,True,
Heart Health,heart-health,https://tools.yalla-calculator.co.uk/heart-health/,page,False,
Heart Healthy Diet Score Calculator,heart-healthy-diet-score-calculator,https://tools.yalla-calculator.co.uk/heart-healthy-diet-score-calculator/,calculator,True,
Heart Rate Calculator,heart-rate-calculator,https://tools.yalla-calculator.co.uk/heart-rate-calculator/,calculator,True,Health
Heart Rate Recovery Calculator,heart-rate-recovery-calculator,https://tools.yalla-calculator.co.uk/heart-rate-recovery-calculator/,calculator,True,
Heart Rate Variability Calculator,heart-rate-variability-calculator,https://tools.yalla-calculator.co.uk/heart-rate-variability-calculator/,calculator,True,
Heart Rate Zone Calculator,heart-rate-zone-calculator,https://tools.yalla-calculator.co.uk/heart-rate-zone-calculator/,calculator,True,Health
Heat Exchanger Calculator,heat-exchanger-calculator,https://tools.yalla-calculator.co.uk/heat-exchanger-calculator/,calculator,True,
Heat Gain Calculator,heat-gain-calculator,https://tools.yalla-calculator.co.uk/heat-gain-calculator/,calculator,True,
Heat Loss Calculator,heat-loss-calculator,https://tools.yalla-calculator.co.uk/heat-loss-calculator/,calculator,True,
Heat Pump Cost Guide,heat-pump-cost-guide,https://tools.yalla-calculator.co.uk/heat-pump-cost-guide/,guide,True,
Heat Pump Water Heater Calculator,heat-pump-water-heater-calculator,https://tools.yalla-calculator.co.uk/heat-pump-water-heater-calculator/,calculator,True,
Heat Transfer Calculator,heat-transfer-calculator,https://tools.yalla-calculator.co.uk/heat-transfer-calculator/,calculator,True,Science
Heated Bathroom Flooring Cost Guide,heated-bathroom-flooring-cost-guide,https://tools.yalla-calculator.co.uk/heated-bathroom-flooring-cost-guide/,guide,True,
Heater Calculator,heater-calculator,https://tools.yalla-calculator.co.uk/heater-calculator/,calculator,True,
Hectares To Acres Converter,hectares-to-acres-converter,https://tools.yalla-calculator.co.uk/hectares-to-acres-converter/,converter,True,
Hedge Calculator,hedge-calculator,https://tools.yalla-calculator.co.uk/hedge-calculator/,calculator,True,
Hedging Cost Calculator,hedging-cost-calculator,https://tools.yalla-calculator.co.uk/hedging-cost-calculator/,calculator,True,
Height Converter,height-converter,https://tools.yalla-calculator.co.uk/height-converter/,converter,True,
Heloc Calculator,heloc-calculator,https://tools.yalla-calculator.co.uk/heloc-calculator/,calculator,True,
Heparin Drip Calculator,heparin-drip-calculator,https://tools.yalla-calculator.co.uk/heparin-drip-calculator/,calculator,True,
Herbal Extract Calculator,herbal-extract-calculator,https://tools.yalla-calculator.co.uk/herbal-extract-calculator/,calculator,True,
Herbal Safety Calculator,herbal-safety-calculator,https://tools.yalla-calculator.co.uk/herbal-safety-calculator/,calculator,True,
Herbal Tea Calculator,herbal-tea-calculator,https://tools.yalla-calculator.co.uk/herbal-tea-calculator/,calculator,True,
Hexadecimal Calculator,hexadecimal-calculator,https://tools.yalla-calculator.co.uk/hexadecimal-calculator/,calculator,True,Math
Hexagon Tank Calculator,hexagon-tank-calculator,https://tools.yalla-calculator.co.uk/hexagon-tank-calculator/,calculator,True,
High Yield Savings Calculator,high-yield-savings-calculator,https://tools.yalla-calculator.co.uk/high-yield-savings-calculator/,calculator,True,Financial
Hip Roof Calculator,hip-roof-calculator,https://tools.yalla-calculator.co.uk/hip-roof-calculator/,calculator,True,
Historical Age Calculator,historical-age-calculator,https://tools.yalla-calculator.co.uk/historical-age-calculator/,calculator,True,
Historical Exchange Rates Calculator,historical-exchange-rates-calculator,https://tools.yalla-calculator.co.uk/historical-exchange-rates-calculator/,calculator,True,
Holding Costs Calculator,holding-costs-calculator,https://tools.yalla-calculator.co.uk/holding-costs-calculator/,calculator,True,
Holiday Lighting Calculator,holiday-lighting-calculator,https://tools.yalla-calculator.co.uk/holiday-lighting-calculator/,calculator,True,
Holistic Health Assessment,holistic-health-assessment,https://tools.yalla-calculator.co.uk/holistic-health-assessment/,assessment,True,
Home Affordability Calculator,home-affordability-calculator,https://tools.yalla-calculator.co.uk/home-affordability-calculator/,calculator,True,
Home Buying Savings Calculator,home-buying-savings-calculator,https://tools.yalla-calculator.co.uk/home-buying-savings-calculator/,calculator,True,
Home Charging Cost Calculator,home-charging-cost-calculator,https://tools.yalla-calculator.co.uk/home-charging-cost-calculator/,calculator,True,
Home Electrical Rewire Cost Guide,home-electrical-rewire-cost-guide,https://tools.yalla-calculator.co.uk/home-electrical-rewire-cost-guide/,guide,True,
Home Equity Calculator,home-equity-calculator,https://tools.yalla-calculator.co.uk/home-equity-calculator/,calculator,True,Financial
Home Equity Loan Calculator,home-equity-loan-calculator,https://tools.yalla-calculator.co.uk/home-equity-loan-calculator/,calculator,True,
Home Improvement Cost,home-improvement-cost,https://tools.yalla-calculator.co.uk/home-improvement-cost/,page,False,
Home Improvement Savings Calculator,home-improvement-savings-calculator,https://tools.yalla-calculator.co.uk/home-improvement-savings-calculator/,calculator,True,
Home Insurance Calculator,home-insurance-calculator,https://tools.yalla-calculator.co.uk/home-insurance-calculator/,calculator,True,Financial
Home Insurance Coverage Calculator,home-insurance-coverage-calculator,https://tools.yalla-calculator.co.uk/home-insurance-coverage-calculator/,calculator,True,
Home Insurance Deductible Calculator,home-insurance-deductible-calculator,https://tools.yalla-calculator.co.uk/home-insurance-deductible-calculator/,calculator,True,
Home Insurance Premium Calculator,home-insurance-premium-calculator,https://tools.yalla-calculator.co.uk/home-insurance-premium-calculator/,calculator,True,
Home Maintenance Calculator,home-maintenance-calculator,https://tools.yalla-calculator.co.uk/home-maintenance-calculator/,calculator,True,
Home Replacement Cost Calculator,home-replacement-cost-calculator,https://tools.yalla-calculator.co.uk/home-replacement-cost-calculator/,calculator,True,
Homeowners Insurance Calculator,homeowners-insurance-calculator,https://tools.yalla-calculator.co.uk/homeowners-insurance-calculator/,calculator,True,
Horsepower Calculator,horsepower-calculator,https://tools.yalla-calculator.co.uk/horsepower-calculator/,calculator,True,Automotive
Horsepower Conversion Calculator,horsepower-conversion-calculator,https://tools.yalla-calculator.co.uk/horsepower-conversion-calculator/,calculator,True,
Horsepower From Et Calculator,horsepower-from-et-calculator,https://tools.yalla-calculator.co.uk/horsepower-from-et-calculator/,calculator,True,
Horsepower From Trap Speed Calculator,horsepower-from-trap-speed-calculator,https://tools.yalla-calculator.co.uk/horsepower-from-trap-speed-calculator/,calculator,True,
Horsepower Gain Calculator,horsepower-gain-calculator,https://tools.yalla-calculator.co.uk/horsepower-gain-calculator/,calculator,True,
Horsepower To Amps Calculator,horsepower-to-amps-calculator,https://tools.yalla-calculator.co.uk/horsepower-to-amps-calculator/,calculator,True,
Horsepower To Kilowatts Calculator,horsepower-to-kilowatts-calculator,https://tools.yalla-calculator.co.uk/horsepower-to-kilowatts-calculator/,calculator,True,
Horsepower To Torque Calculator,horsepower-to-torque-calculator,https://tools.yalla-calculator.co.uk/horsepower-to-torque-calculator/,calculator,True,
Horsepower To Watts Converter,horsepower-to-watts-converter,https://tools.yalla-calculator.co.uk/horsepower-to-watts-converter/,converter,True,
Hourly To Salary Calculator,hourly-to-salary-calculator,https://tools.yalla-calculator.co.uk/hourly-to-salary-calculator/,calculator,True,Financial
Hours To Days Calculator,hours-to-days-calculator,https://tools.yalla-calculator.co.uk/hours-to-days-calculator/,calculator,True,
Hours To Minutes Converter,hours-to-minutes-converter,https://tools.yalla-calculator.co.uk/hours-to-minutes-converter/,converter,True,
House Flipping Calculator,house-flipping-calculator,https://tools.yalla-calculator.co.uk/house-flipping-calculator/,calculator,True,Financial
House Fund Calculator,house-fund-calculator,https://tools.yalla-calculator.co.uk/house-fund-calculator/,calculator,True,
Household Budget Calculator,household-budget-calculator,https://tools.yalla-calculator.co.uk/household-budget-calculator/,calculator,True,
Housing Cost Calculator,housing-cost-calculator,https://tools.yalla-calculator.co.uk/housing-cost-calculator/,calculator,True,
Hp To Kw Calculator,hp-to-kw-calculator,https://tools.yalla-calculator.co.uk/hp-to-kw-calculator/,calculator,True,
Hp To Ps Calculator,hp-to-ps-calculator,https://tools.yalla-calculator.co.uk/hp-to-ps-calculator/,calculator,True,
Hsa Calculator,hsa-calculator,https://tools.yalla-calculator.co.uk/hsa-calculator/,calculator,True,
Hvac Cost Calculators,hvac-cost-calculators,https://tools.yalla-calculator.co.uk/hvac-cost-calculators/,category,True,Construction
Hvac Filter Replacement Calculator,hvac-filter-replacement-calculator,https://tools.yalla-calculator.co.uk/hvac-filter-replacement-calculator/,calculator,True,
Hvac Load Calculator,hvac-load-calculator,https://tools.yalla-calculator.co.uk/hvac-load-calculator/,calculator,True,
Hybrid Vs Gas Calculator,hybrid-vs-gas-calculator,https://tools.yalla-calculator.co.uk/hybrid-vs-gas-calculator/,calculator,True,
Hydration Calculator,hydration-calculator,https://tools.yalla-calculator.co.uk/hydration-calculator/,calculator,True,
Hydrogen Fuel Cost Calculator,hydrogen-fuel-cost-calculator,https://tools.yalla-calculator.co.uk/hydrogen-fuel-cost-calculator/,calculator,True,
Hyperglycemia Index Calculator,hyperglycemia-index-calculator,https://tools.yalla-calculator.co.uk/hyperglycemia-index-calculator/,calculator,True,
Hypertension Stage Calculator,hypertension-stage-calculator,https://tools.yalla-calculator.co.uk/hypertension-stage-calculator/,calculator,True,
Hypoglycemia Risk Calculator,hypoglycemia-risk-calculator,https://tools.yalla-calculator.co.uk/hypoglycemia-risk-calculator/,calculator,True,
Ice And Water Shield Calculator,ice-and-water-shield-calculator,https://tools.yalla-calculator.co.uk/ice-and-water-shield-calculator/,calculator,True,Construction
Ice Dam Protection Calculator,ice-dam-protection-calculator,https://tools.yalla-calculator.co.uk/ice-dam-protection-calculator/,calculator,True,
Ideal Body Fat Calculator,ideal-body-fat-calculator,https://tools.yalla-calculator.co.uk/ideal-body-fat-calculator/,calculator,True,
Ideal Weight Calculator,ideal-weight-calculator,https://tools.yalla-calculator.co.uk/ideal-weight-calculator/,calculator,True,Health
Ideal Weight Comparison Calculator,ideal-weight-comparison-calculator,https://tools.yalla-calculator.co.uk/ideal-weight-comparison-calculator/,calculator,True,
Idling Fuel Cost Calculator,idling-fuel-cost-calculator,https://tools.yalla-calculator.co.uk/idling-fuel-cost-calculator/,calculator,True,
Ignition System Calculator,ignition-system-calculator,https://tools.yalla-calculator.co.uk/ignition-system-calculator/,calculator,True,
Ignition Timing Calculator,ignition-timing-calculator,https://tools.yalla-calculator.co.uk/ignition-timing-calculator/,calculator,True,
Import Export Calculator,import-export-calculator,https://tools.yalla-calculator.co.uk/import-export-calculator/,calculator,True,
Improper Fraction To Mixed Number Calculator,improper-fraction-to-mixed-number-calculator,https://tools.yalla-calculator.co.uk/improper-fraction-to-mixed-number-calculator/,calculator,True,Math
Inch Fraction Calculator,inch-fraction-calculator,https://tools.yalla-calculator.co.uk/inch-fraction-calculator/,calculator,True,Construction
Inch Per Gallon Calculator,inch-per-gallon-calculator,https://tools.yalla-calculator.co.uk/inch-per-gallon-calculator/,calculator,True,
Inch To Metric Tire Calculator,inch-to-metric-tire-calculator,https://tools.yalla-calculator.co.uk/inch-to-metric-tire-calculator/,calculator,True,
Inches To Cm,inches-to-cm,https://tools.yalla-calculator.co.uk/inches-to-cm/,page,False,Conversion
Inches To Fraction Calculator,inches-to-fraction-calculator,https://tools.yalla-calculator.co.uk/inches-to-fraction-calculator/,calculator,True,
Incident Reporting Calculator,incident-reporting-calculator,https://tools.yalla-calculator.co.uk/incident-reporting-calculator/,calculator,True,
Income Based Car Calculator,income-based-car-calculator,https://tools.yalla-calculator.co.uk/income-based-car-calculator/,calculator,True,
Income Based Repayment Calculator,income-based-repayment-calculator,https://tools.yalla-calculator.co.uk/income-based-repayment-calculator/,calculator,True,
Income Replacement Calculator,income-replacement-calculator,https://tools.yalla-calculator.co.uk/income-replacement-calculator/,calculator,True,
Income Requirement Calculator,income-requirement-calculator,https://tools.yalla-calculator.co.uk/income-requirement-calculator/,calculator,True,
Income Tax Calculator,income-tax-calculator,https://tools.yalla-calculator.co.uk/income-tax-calculator/,calculator,True,Financial
Index Fund Calculator,index-fund-calculator,https://tools.yalla-calculator.co.uk/index-fund-calculator/,calculator,True,
Inductor Calculator,inductor-calculator,https://tools.yalla-calculator.co.uk/inductor-calculator/,calculator,True,Electrical
Inflation Adjusted Withdrawal Calculator,inflation-adjusted-withdrawal-calculator,https://tools.yalla-calculator.co.uk/inflation-adjusted-withdrawal-calculator/,calculator,True,
Inflation Calculator,inflation-calculator,https://tools.yalla-calculator.co.uk/inflation-calculator/,calculator,True,Financial
Inflation Exchange Rate Calculator,inflation-exchange-rate-calculator,https://tools.yalla-calculator.co.uk/inflation-exchange-rate-calculator/,calculator,True,
Inflation Impact Calculator,inflation-impact-calculator,https://tools.yalla-calculator.co.uk/inflation-impact-calculator/,calculator,True,
Ingredient Cost Calculator,ingredient-cost-calculator,https://tools.yalla-calculator.co.uk/ingredient-cost-calculator/,calculator,True,Cooking
Ingredient Scaler,ingredient-scaler,https://tools.yalla-calculator.co.uk/ingredient-scaler/,page,False,Cooking
Inheritance Calculator,inheritance-calculator,https://tools.yalla-calculator.co.uk/inheritance-calculator/,calculator,True,
Inheritance Tax Calculator,inheritance-tax-calculator,https://tools.yalla-calculator.co.uk/inheritance-tax-calculator/,calculator,True,
Inheritance Tax Exemption Calculator,inheritance-tax-exemption-calculator,https://tools.yalla-calculator.co.uk/inheritance-tax-exemption-calculator/,calculator,True,
Inheritance Tax Rate Calculator,inheritance-tax-rate-calculator,https://tools.yalla-calculator.co.uk/inheritance-tax-rate-calculator/,calculator,True,
Inheritance Tax Saving Calculator,inheritance-tax-saving-calculator,https://tools.yalla-calculator.co.uk/inheritance-tax-saving-calculator/,calculator,True,
Inheritance Tax Threshold Calculator,inheritance-tax-threshold-calculator,https://tools.yalla-calculator.co.uk/inheritance-tax-threshold-calculator/,calculator,True,
Injector Size Calculator,injector-size-calculator,https://tools.yalla-calculator.co.uk/injector-size-calculator/,calculator,True,
Injury Severity Score Calculator,injury-severity-score-calculator,https://tools.yalla-calculator.co.uk/injury-severity-score-calculator/,calculator,True,
Insomnia Severity Calculator,insomnia-severity-calculator,https://tools.yalla-calculator.co.uk/insomnia-severity-calculator/,calculator,True,
Inspection Calculator,inspection-calculator,https://tools.yalla-calculator.co.uk/inspection-calculator/,calculator,True,
Installation Cost Calculator,installation-cost-calculator,https://tools.yalla-calculator.co.uk/installation-cost-calculator/,calculator,True,
Installation Time Calculator,installation-time-calculator,https://tools.yalla-calculator.co.uk/installation-time-calculator/,calculator,True,
Insulation Calculator,insulation-calculator,https://tools.yalla-calculator.co.uk/insulation-calculator/,calculator,True,
Insulation Cost Calculator,insulation-cost-calculator,https://tools.yalla-calculator.co.uk/insulation-cost-calculator/,calculator,True,
Insulin Dosage Calculator,insulin-dosage-calculator,https://tools.yalla-calculator.co.uk/insulin-dosage-calculator/,calculator,True,Health
Insulin Dose Calculator,insulin-dose-calculator,https://tools.yalla-calculator.co.uk/insulin-dose-calculator/,calculator,True,
Insulin On Board Calculator,insulin-on-board-calculator,https://tools.yalla-calculator.co.uk/insulin-on-board-calculator/,calculator,True,
Insulin Pump Settings Calculator,insulin-pump-settings-calculator,https://tools.yalla-calculator.co.uk/insulin-pump-settings-calculator/,calculator,True,
Insulin Sensitivity Calculator,insulin-sensitivity-calculator,https://tools.yalla-calculator.co.uk/insulin-sensitivity-calculator/,calculator,True,Health
Insulin Storage Calculator,insulin-storage-calculator,https://tools.yalla-calculator.co.uk/insulin-storage-calculator/,calculator,True,
Insulin To Carb Ratio Calculator,insulin-to-carb-ratio-calculator,https://tools.yalla-calculator.co.uk/insulin-to-carb-ratio-calculator/,calculator,True,
Insurance Affordability Calculator,insurance-affordability-calculator,https://tools.yalla-calculator.co.uk/insurance-affordability-calculator/,calculator,True,
Insurance Calculators,insurance-calculators,https://tools.yalla-calculator.co.uk/insurance-calculators/,category,True,
Insurance Comparison Calculator,insurance-comparison-calculator,https://tools.yalla-calculator.co.uk/insurance-comparison-calculator/,calculator,True,
Insurance Cost Calculator,insurance-cost-calculator,https://tools.yalla-calculator.co.uk/insurance-cost-calculator/,calculator,True,
Insurance Coverage Calculator,insurance-coverage-calculator,https://tools.yalla-calculator.co.uk/insurance-coverage-calculator/,calculator,True,
Insurance Deductible Calculator,insurance-deductible-calculator,https://tools.yalla-calculator.co.uk/insurance-deductible-calculator/,calculator,True,
Insurance Discount Calculator,insurance-discount-calculator,https://tools.yalla-calculator.co.uk/insurance-discount-calculator/,calculator,True,
Insurance Needs Calculator,insurance-needs-calculator,https://tools.yalla-calculator.co.uk/insurance-needs-calculator/,calculator,True,
Insurance Payment Calculator,insurance-payment-calculator,https://tools.yalla-calculator.co.uk/insurance-payment-calculator/,calculator,True,
Insurance Policy Comparison Calculator,insurance-policy-comparison-calculator,https://tools.yalla-calculator.co.uk/insurance-policy-comparison-calculator/,calculator,True,
Insurance Premium Calculator,insurance-premium-calculator,https://tools.yalla-calculator.co.uk/insurance-premium-calculator/,calculator,True,Financial
Insurance Provider Comparison,insurance-provider-comparison,https://tools.yalla-calculator.co.uk/insurance-provider-comparison/,comparison,True,
Insurance ROI Calculator,insurance-roi-calculator,https://tools.yalla-calculator.co.uk/insurance-roi-calculator/,calculator,True,
Insurance Savings Calculator,insurance-savings-calculator,https://tools.yalla-calculator.co.uk/insurance-savings-calculator/,calculator,True,
Insurance Value Calculator,insurance-value-calculator,https://tools.yalla-calculator.co.uk/insurance-value-calculator/,calculator,True,
Intercooler Calculator,intercooler-calculator,https://tools.yalla-calculator.co.uk/intercooler-calculator/,calculator,True,
Interest Calculator,interest-calculator,https://tools.yalla-calculator.co.uk/interest-calculator/,calculator,True,
Interest Coverage Ratio Calculator,interest-coverage-ratio-calculator,https://tools.yalla-calculator.co.uk/interest-coverage-ratio-calculator/,calculator,True,
Interest Rate Comparison Calculator,interest-rate-comparison-calculator,https://tools.yalla-calculator.co.uk/interest-rate-comparison-calculator/,calculator,True,
Interest Savings Calculator,interest-savings-calculator,https://tools.yalla-calculator.co.uk/interest-savings-calculator/,calculator,True,
Intermittent Fasting Calculator,intermittent-fasting-calculator,https://tools.yalla-calculator.co.uk/intermittent-fasting-calculator/,calculator,True,
Internal Rate Of Return Calculator,internal-rate-of-return-calculator,https://tools.yalla-calculator.co.uk/internal-rate-of-return-calculator/,calculator,True,
Internal Temperature Calculator,internal-temperature-calculator,https://tools.yalla-calculator.co.uk/internal-temperature-calculator/,calculator,True,Cooking
International Mortgage Calculator,international-mortgage-calculator,https://tools.yalla-calculator.co.uk/international-mortgage-calculator/,calculator,True,
International Payment Calculator,international-payment-calculator,https://tools.yalla-calculator.co.uk/international-payment-calculator/,calculator,True,Financial
International Payment Cost Calculator,international-payment-cost-calculator,https://tools.yalla-calculator.co.uk/international-payment-cost-calculator/,calculator,True,
International Rental Calculator,international-rental-calculator,https://tools.yalla-calculator.co.uk/international-rental-calculator/,calculator,True,
International Salary Calculator,international-salary-calculator,https://tools.yalla-calculator.co.uk/international-salary-calculator/,calculator,True,
International Tax Comparison Calculator,international-tax-comparison-calculator,https://tools.yalla-calculator.co.uk/international-tax-comparison-calculator/,calculator,True,
International Trade Calculator,international-trade-calculator,https://tools.yalla-calculator.co.uk/international-trade-calculator/,calculator,True,
International Wire Calculator,international-wire-calculator,https://tools.yalla-calculator.co.uk/international-wire-calculator/,calculator,True,
Intra Workout Calculator,intra-workout-calculator,https://tools.yalla-calculator.co.uk/intra-workout-calculator/,calculator,True,
Inventory Cost Calculator,inventory-cost-calculator,https://tools.yalla-calculator.co.uk/inventory-cost-calculator/,calculator,True,
Inventory Level Calculator,inventory-level-calculator,https://tools.yalla-calculator.co.uk/inventory-level-calculator/,calculator,True,
Inventory Management Calculator,inventory-management-calculator,https://tools.yalla-calculator.co.uk/inventory-management-calculator/,calculator,True,
Inventory Turnover Calculator,inventory-turnover-calculator,https://tools.yalla-calculator.co.uk/inventory-turnover-calculator/,calculator,True,
Investment Calculators,investment-calculators,https://tools.yalla-calculator.co.uk/investment-calculators/,category,True,
Investment Comparison Calculator,investment-comparison-calculator,https://tools.yalla-calculator.co.uk/investment-comparison-calculator/,calculator,True,
Investment Gains Calculator,investment-gains-calculator,https://tools.yalla-calculator.co.uk/investment-gains-calculator/,calculator,True,
Investment Goal Calculator,investment-goal-calculator,https://tools.yalla-calculator.co.uk/investment-goal-calculator/,calculator,True,
Investment Growth Calculator,investment-growth-calculator,https://tools.yalla-calculator.co.uk/investment-growth-calculator/,calculator,True,Financial
Investment Property Mortgage Calculator,investment-property-mortgage-calculator,https://tools.yalla-calculator.co.uk/investment-property-mortgage-calculator/,calculator,True,
Investment Tax Calculator,investment-tax-calculator,https://tools.yalla-calculator.co.uk/investment-tax-calculator/,calculator,True,
Investment Time Calculator,investment-time-calculator,https://tools.yalla-calculator.co.uk/investment-time-calculator/,calculator,True,
Iron Deficiency Calculator,iron-deficiency-calculator,https://tools.yalla-calculator.co.uk/iron-deficiency-calculator/,calculator,True,
Irregular Room Calculator,irregular-room-calculator,https://tools.yalla-calculator.co.uk/irregular-room-calculator/,calculator,True,
Irrigation Pipe Calculator,irrigation-pipe-calculator,https://tools.yalla-calculator.co.uk/irrigation-pipe-calculator/,calculator,True,
Irrigation Water Usage Calculator,irrigation-water-usage-calculator,https://tools.yalla-calculator.co.uk/irrigation-water-usage-calculator/,calculator,True,
Itemized Deductions Calculator,itemized-deductions-calculator,https://tools.yalla-calculator.co.uk/itemized-deductions-calculator/,calculator,True,Financial
Iv Flow Rate Calculator,iv-flow-rate-calculator,https://tools.yalla-calculator.co.uk/iv-flow-rate-calculator/,calculator,True,Health
Iv Rate Calculator,iv-rate-calculator,https://tools.yalla-calculator.co.uk/iv-rate-calculator/,calculator,True,
Jean Size Calculator,jean-size-calculator,https://tools.yalla-calculator.co.uk/jean-size-calculator/,calculator,True,
Joules To BTU Calculator,joules-to-btu-calculator,https://tools.yalla-calculator.co.uk/joules-to-btu-calculator/,calculator,True,
Joules To Calories Converter,joules-to-calories-converter,https://tools.yalla-calculator.co.uk/joules-to-calories-converter/,converter,True,
Joules To Watt Hours Calculator,joules-to-watt-hours-calculator,https://tools.yalla-calculator.co.uk/joules-to-watt-hours-calculator/,calculator,True,
Juice Yield Calculator,juice-yield-calculator,https://tools.yalla-calculator.co.uk/juice-yield-calculator/,calculator,True,Cooking
Jumbo Loan Calculator,jumbo-loan-calculator,https://tools.yalla-calculator.co.uk/jumbo-loan-calculator/,calculator,True,
Kelvin To Celsius Converter,kelvin-to-celsius-converter,https://tools.yalla-calculator.co.uk/kelvin-to-celsius-converter/,converter,True,
Kelvin To Fahrenheit Converter,kelvin-to-fahrenheit-converter,https://tools.yalla-calculator.co.uk/kelvin-to-fahrenheit-converter/,converter,True,
Keto Calculator,keto-calculator,https://tools.yalla-calculator.co.uk/keto-calculator/,calculator,True,
Keto Macro Calculator,keto-macro-calculator,https://tools.yalla-calculator.co.uk/keto-macro-calculator/,calculator,True,
Keto Recipe Calculator,keto-recipe-calculator,https://tools.yalla-calculator.co.uk/keto-recipe-calculator/,calculator,True,Cooking
Kidney Function Calculator,kidney-function-calculator,https://tools.yalla-calculator.co.uk/kidney-function-calculator/,calculator,True,
Kilobytes To Megabytes Converter,kilobytes-to-megabytes-converter,https://tools.yalla-calculator.co.uk/kilobytes-to-megabytes-converter/,converter,True,
Kilograms To Pounds Converter,kilograms-to-pounds-converter,https://tools.yalla-calculator.co.uk/kilograms-to-pounds-converter/,converter,True,
Kilograms To Stone Converter,kilograms-to-stone-converter,https://tools.yalla-calculator.co.uk/kilograms-to-stone-converter/,converter,True,
Kilowatt Hours To Joules Converter,kilowatt-hours-to-joules-converter,https://tools.yalla-calculator.co.uk/kilowatt-hours-to-joules-converter/,converter,True,
Kilowatts To Amps Calculator,kilowatts-to-amps-calculator,https://tools.yalla-calculator.co.uk/kilowatts-to-amps-calculator/,calculator,True,
Kilowatts To Horsepower Converter,kilowatts-to-horsepower-converter,https://tools.yalla-calculator.co.uk/kilowatts-to-horsepower-converter/,converter,True,
Kitchen Backsplash Cost Guide,kitchen-backsplash-cost-guide,https://tools.yalla-calculator.co.uk/kitchen-backsplash-cost-guide/,guide,True,
Kitchen Cabinets Cost Guide,kitchen-cabinets-cost-guide,https://tools.yalla-calculator.co.uk/kitchen-cabinets-cost-guide/,guide,True,
Kitchen Remodel Cost Calculator,kitchen-remodel-cost-calculator,https://tools.yalla-calculator.co.uk/kitchen-remodel-cost-calculator/,calculator,True,
Kitchen Remodel Cost Guide,kitchen-remodel-cost-guide,https://tools.yalla-calculator.co.uk/kitchen-remodel-cost-guide/,guide,True,
Kitchen Renovation Cost Calculators,kitchen-renovation-cost-calculators,https://tools.yalla-calculator.co.uk/kitchen-renovation-cost-calculators/,category,True,Construction
km L Calculator,km-l-calculator,https://tools.yalla-calculator.co.uk/km-l-calculator/,calculator,True,
km L To MPG Calculator,km-l-to-mpg-calculator,https://tools.yalla-calculator.co.uk/km-l-to-mpg-calculator/,calculator,True,
km To Miles,km-to-miles,https://tools.yalla-calculator.co.uk/km-to-miles/,page,False,Conversion
Knots To MPH,knots-to-mph,https://tools.yalla-calculator.co.uk/knots-to-mph/,page,False,Conversion
Kph To MPH,kph-to-mph,https://tools.yalla-calculator.co.uk/kph-to-mph/,page,False,Conversion
Kph To Mps,kph-to-mps,https://tools.yalla-calculator.co.uk/kph-to-mps/,page,False,Conversion
Kpi Calculator,kpi-calculator,https://tools.yalla-calculator.co.uk/kpi-calculator/,calculator,True,
Kva Calculator,kva-calculator,https://tools.yalla-calculator.co.uk/kva-calculator/,calculator,True,Electrical
Kw To Hp Calculator,kw-to-hp-calculator,https://tools.yalla-calculator.co.uk/kw-to-hp-calculator/,calculator,True,
Kwh To BTU,kwh-to-btu,https://tools.yalla-calculator.co.uk/kwh-to-btu/,page,False,Conversion
L 100km Calculator,l-100km-calculator,https://tools.yalla-calculator.co.uk/l-100km-calculator/,calculator,True,
L 100km To MPG Calculator,l-100km-to-mpg-calculator,https://tools.yalla-calculator.co.uk/l-100km-to-mpg-calculator/,calculator,True,
Labor Cost Calculator 2,labor-cost-calculator-2,https://tools.yalla-calculator.co.uk/labor-cost-calculator-2/,calculator,True,
Labor Cost Calculator,labor-cost-calculator,https://tools.yalla-calculator.co.uk/labor-cost-calculator/,calculator,True,
Labor Efficiency Calculator,labor-efficiency-calculator,https://tools.yalla-calculator.co.uk/labor-efficiency-calculator/,calculator,True,
Laminate Board Calculator,laminate-board-calculator,https://tools.yalla-calculator.co.uk/laminate-board-calculator/,calculator,True,
Laminate Cleaning Calculator,laminate-cleaning-calculator,https://tools.yalla-calculator.co.uk/laminate-cleaning-calculator/,calculator,True,
Laminate Expansion Gap Calculator,laminate-expansion-gap-calculator,https://tools.yalla-calculator.co.uk/laminate-expansion-gap-calculator/,calculator,True,
Laminate Flooring Calculator,laminate-flooring-calculator,https://tools.yalla-calculator.co.uk/laminate-flooring-calculator/,calculator,True,
Laminate Flooring Cost Guide,laminate-flooring-cost-guide,https://tools.yalla-calculator.co.uk/laminate-flooring-cost-guide/,guide,True,
Laminate Installation Calculator,laminate-installation-calculator,https://tools.yalla-calculator.co.uk/laminate-installation-calculator/,calculator,True,
Laminate Transition Calculator,laminate-transition-calculator,https://tools.yalla-calculator.co.uk/laminate-transition-calculator/,calculator,True,
Laminate Underlayment Calculator,laminate-underlayment-calculator,https://tools.yalla-calculator.co.uk/laminate-underlayment-calculator/,calculator,True,
Laminate Waste Calculator,laminate-waste-calculator,https://tools.yalla-calculator.co.uk/laminate-waste-calculator/,calculator,True,
Land Transaction Tax Calculator,land-transaction-tax-calculator,https://tools.yalla-calculator.co.uk/land-transaction-tax-calculator/,calculator,True,
Landing Calculator,landing-calculator,https://tools.yalla-calculator.co.uk/landing-calculator/,calculator,True,
Landlord Mortgage Calculator,landlord-mortgage-calculator,https://tools.yalla-calculator.co.uk/landlord-mortgage-calculator/,calculator,True,
Landscape Block Calculator,landscape-block-calculator,https://tools.yalla-calculator.co.uk/landscape-block-calculator/,calculator,True,
Landscape Edging Calculator,landscape-edging-calculator,https://tools.yalla-calculator.co.uk/landscape-edging-calculator/,calculator,True,
Landscape Lighting Calculator,landscape-lighting-calculator,https://tools.yalla-calculator.co.uk/landscape-lighting-calculator/,calculator,True,
Landscape Lighting Cost Guide,landscape-lighting-cost-guide,https://tools.yalla-calculator.co.uk/landscape-lighting-cost-guide/,guide,True,
Landscaping Cost Guide,landscaping-cost-guide,https://tools.yalla-calculator.co.uk/landscaping-cost-guide/,guide,True,
Landscaping,landscaping,https://tools.yalla-calculator.co.uk/landscaping/,page,False,
Late Fee Calculator,late-fee-calculator,https://tools.yalla-calculator.co.uk/late-fee-calculator/,calculator,True,
Latin American Cooking Conversion Calculator,latin-american-cooking-conversion-calculator,https://tools.yalla-calculator.co.uk/latin-american-cooking-conversion-calculator/,calculator,True,
Lattice Calculator,lattice-calculator,https://tools.yalla-calculator.co.uk/lattice-calculator/,calculator,True,
Lawn Aeration Calculator,lawn-aeration-calculator,https://tools.yalla-calculator.co.uk/lawn-aeration-calculator/,calculator,True,
Lawn Fertilizer Calculator,lawn-fertilizer-calculator,https://tools.yalla-calculator.co.uk/lawn-fertilizer-calculator/,calculator,True,
Lawn Mower Calculator,lawn-mower-calculator,https://tools.yalla-calculator.co.uk/lawn-mower-calculator/,calculator,True,
Lawn Mowing Cost Calculator,lawn-mowing-cost-calculator,https://tools.yalla-calculator.co.uk/lawn-mowing-cost-calculator/,calculator,True,
Lawn Treatment Calculator,lawn-treatment-calculator,https://tools.yalla-calculator.co.uk/lawn-treatment-calculator/,calculator,True,
Lawn Watering Calculator,lawn-watering-calculator,https://tools.yalla-calculator.co.uk/lawn-watering-calculator/,calculator,True,
Lb Ft To Nm Calculator,lb-ft-to-nm-calculator,https://tools.yalla-calculator.co.uk/lb-ft-to-nm-calculator/,calculator,True,
Ldl Calculator,ldl-calculator,https://tools.yalla-calculator.co.uk/ldl-calculator/,calculator,True,
Lean Body Mass Calculator,lean-body-mass-calculator,https://tools.yalla-calculator.co.uk/lean-body-mass-calculator/,calculator,True,Health
Leap Year Calculator,leap-year-calculator,https://tools.yalla-calculator.co.uk/leap-year-calculator/,calculator,True,
Learning Fractions Calculator,learning-fractions-calculator,https://tools.yalla-calculator.co.uk/learning-fractions-calculator/,calculator,True,
Lease Agreement Calculator,lease-agreement-calculator,https://tools.yalla-calculator.co.uk/lease-agreement-calculator/,calculator,True,
Lease Buyout Calculator,lease-buyout-calculator,https://tools.yalla-calculator.co.uk/lease-buyout-calculator/,calculator,True,
Lease Calculator,lease-calculator,https://tools.yalla-calculator.co.uk/lease-calculator/,calculator,True,
Lease Payment Calculator,lease-payment-calculator,https://tools.yalla-calculator.co.uk/lease-payment-calculator/,calculator,True,
Lease Termination Calculator,lease-termination-calculator,https://tools.yalla-calculator.co.uk/lease-termination-calculator/,calculator,True,
Lease Vs Buy Calculator,lease-vs-buy-calculator,https://tools.yalla-calculator.co.uk/lease-vs-buy-calculator/,calculator,True,Automotive
Lease Vs Purchase Calculator,lease-vs-purchase-calculator,https://tools.yalla-calculator.co.uk/lease-vs-purchase-calculator/,calculator,True,
Least Common Multiple Calculator,least-common-multiple-calculator,https://tools.yalla-calculator.co.uk/least-common-multiple-calculator/,calculator,True,Math
Led Conversion Calculator,led-conversion-calculator,https://tools.yalla-calculator.co.uk/led-conversion-calculator/,calculator,True,Electrical
Led Lighting Calculator,led-lighting-calculator,https://tools.yalla-calculator.co.uk/led-lighting-calculator/,calculator,True,
Leftover Calculator,leftover-calculator,https://tools.yalla-calculator.co.uk/leftover-calculator/,calculator,True,Cooking
Legacy Planning Calculator,legacy-planning-calculator,https://tools.yalla-calculator.co.uk/legacy-planning-calculator/,calculator,True,
Lender Comparison Calculator,lender-comparison-calculator,https://tools.yalla-calculator.co.uk/lender-comparison-calculator/,calculator,True,
Length Converter,length-converter,https://tools.yalla-calculator.co.uk/length-converter/,converter,True,
Leverage Calculator,leverage-calculator,https://tools.yalla-calculator.co.uk/leverage-calculator/,calculator,True,
Liability Insurance Calculator,liability-insurance-calculator,https://tools.yalla-calculator.co.uk/liability-insurance-calculator/,calculator,True,
License Renewal Calculator,license-renewal-calculator,https://tools.yalla-calculator.co.uk/license-renewal-calculator/,calculator,True,
Life Event Calculator,life-event-calculator,https://tools.yalla-calculator.co.uk/life-event-calculator/,calculator,True,
Life Expectancy By BMI Calculator,life-expectancy-by-bmi-calculator,https://tools.yalla-calculator.co.uk/life-expectancy-by-bmi-calculator/,calculator,True,
Life Expectancy By Country Calculator,life-expectancy-by-country-calculator,https://tools.yalla-calculator.co.uk/life-expectancy-by-country-calculator/,calculator,True,
Life Expectancy Calculator,life-expectancy-calculator,https://tools.yalla-calculator.co.uk/life-expectancy-calculator/,calculator,True,Health
Life Insurance Calculator,life-insurance-calculator,https://tools.yalla-calculator.co.uk/life-insurance-calculator/,calculator,True,Financial
Life Insurance Comparison Calculator,life-insurance-comparison-calculator,https://tools.yalla-calculator.co.uk/life-insurance-comparison-calculator/,calculator,True,
Life Insurance Cost Calculator,life-insurance-cost-calculator,https://tools.yalla-calculator.co.uk/life-insurance-cost-calculator/,calculator,True,
Life Insurance Needs Calculator,life-insurance-needs-calculator,https://tools.yalla-calculator.co.uk/life-insurance-needs-calculator/,calculator,True,
Life Insurance Payout Calculator,life-insurance-payout-calculator,https://tools.yalla-calculator.co.uk/life-insurance-payout-calculator/,calculator,True,
Life Insurance Premium Calculator,life-insurance-premium-calculator,https://tools.yalla-calculator.co.uk/life-insurance-premium-calculator/,calculator,True,
Lifespan Calculator 2,lifespan-calculator-2,https://tools.yalla-calculator.co.uk/lifespan-calculator-2/,calculator,True,
Lifespan Calculator,lifespan-calculator,https://tools.yalla-calculator.co.uk/lifespan-calculator/,calculator,True,
Lifespan Comparison Calculator,lifespan-comparison-calculator,https://tools.yalla-calculator.co.uk/lifespan-comparison-calculator/,calculator,True,
Lifestyle Assessment Calculator,lifestyle-assessment-calculator,https://tools.yalla-calculator.co.uk/lifestyle-assessment-calculator/,calculator,True,
Lifestyle Calculator,lifestyle-calculator,https://tools.yalla-calculator.co.uk/lifestyle-calculator/,calculator,True,
Lifestyle Card Calculator,lifestyle-card-calculator,https://tools.yalla-calculator.co.uk/lifestyle-card-calculator/,calculator,True,
Lifestyle Change Impact Calculator,lifestyle-change-impact-calculator,https://tools.yalla-calculator.co.uk/lifestyle-change-impact-calculator/,calculator,True,
Lifestyle Retirement Calculator,lifestyle-retirement-calculator,https://tools.yalla-calculator.co.uk/lifestyle-retirement-calculator/,calculator,True,
Lifetime Cost Calculator,lifetime-cost-calculator,https://tools.yalla-calculator.co.uk/lifetime-cost-calculator/,calculator,True,
Light Exposure Calculator,light-exposure-calculator,https://tools.yalla-calculator.co.uk/light-exposure-calculator/,calculator,True,
Light Fixture Calculator,light-fixture-calculator,https://tools.yalla-calculator.co.uk/light-fixture-calculator/,calculator,True,Electrical
Light Fixture Installation Cost Guide,light-fixture-installation-cost-guide,https://tools.yalla-calculator.co.uk/light-fixture-installation-cost-guide/,guide,True,
Light Fixture Spacing Calculator,light-fixture-spacing-calculator,https://tools.yalla-calculator.co.uk/light-fixture-spacing-calculator/,calculator,True,
Lighting Calculator,lighting-calculator,https://tools.yalla-calculator.co.uk/lighting-calculator/,calculator,True,
Lighting Cost Calculator,lighting-cost-calculator,https://tools.yalla-calculator.co.uk/lighting-cost-calculator/,calculator,True,Electrical
Lighting Layout Calculator,lighting-layout-calculator,https://tools.yalla-calculator.co.uk/lighting-layout-calculator/,calculator,True,Electrical
Lightning Protection Calculator,lightning-protection-calculator,https://tools.yalla-calculator.co.uk/lightning-protection-calculator/,calculator,True,Electrical
Line Of Credit Reverse Mortgage Calculator,line-of-credit-reverse-mortgage-calculator,https://tools.yalla-calculator.co.uk/line-of-credit-reverse-mortgage-calculator/,calculator,True,
Linear Feet Calculator 2,linear-feet-calculator-2,https://tools.yalla-calculator.co.uk/linear-feet-calculator-2/,calculator,True,
Linear Feet Calculator,linear-feet-calculator,https://tools.yalla-calculator.co.uk/linear-feet-calculator/,calculator,True,
Linear Feet To Square Feet Calculator,linear-feet-to-square-feet-calculator,https://tools.yalla-calculator.co.uk/linear-feet-to-square-feet-calculator/,calculator,True,Construction
Linear Footage Calculator,linear-footage-calculator,https://tools.yalla-calculator.co.uk/linear-footage-calculator/,calculator,True,
Liters To Gallons Converter,liters-to-gallons-converter,https://tools.yalla-calculator.co.uk/liters-to-gallons-converter/,converter,True,
Liters To kg,liters-to-kg,https://tools.yalla-calculator.co.uk/liters-to-kg/,page,False,
Live Currency Converter,live-currency-converter,https://tools.yalla-calculator.co.uk/live-currency-converter/,converter,True,
Livestock Fence Calculator,livestock-fence-calculator,https://tools.yalla-calculator.co.uk/livestock-fence-calculator/,calculator,True,
Living Wage Calculator,living-wage-calculator,https://tools.yalla-calculator.co.uk/living-wage-calculator/,calculator,True,
Load Bearing Wall Calculator,load-bearing-wall-calculator,https://tools.yalla-calculator.co.uk/load-bearing-wall-calculator/,calculator,True,
Load Calculator,load-calculator,https://tools.yalla-calculator.co.uk/load-calculator/,calculator,True,
Loading Phase Calculator,loading-phase-calculator,https://tools.yalla-calculator.co.uk/loading-phase-calculator/,calculator,True,
Loan Affordability Calculator,loan-affordability-calculator,https://tools.yalla-calculator.co.uk/loan-affordability-calculator/,calculator,True,Automotive
Loan Amortization Calculator,loan-amortization-calculator,https://tools.yalla-calculator.co.uk/loan-amortization-calculator/,calculator,True,
Loan Approval Calculator,loan-approval-calculator,https://tools.yalla-calculator.co.uk/loan-approval-calculator/,calculator,True,
Loan Calculators,loan-calculators,https://tools.yalla-calculator.co.uk/loan-calculators/,category,True,
Loan Comparison Calculator,loan-comparison-calculator,https://tools.yalla-calculator.co.uk/loan-comparison-calculator/,calculator,True,Financial
Loan Cost Comparison Calculator,loan-cost-comparison-calculator,https://tools.yalla-calculator.co.uk/loan-cost-comparison-calculator/,calculator,True,
Loan Duration Calculator,loan-duration-calculator,https://tools.yalla-calculator.co.uk/loan-duration-calculator/,calculator,True,
Loan Eligibility Calculator,loan-eligibility-calculator,https://tools.yalla-calculator.co.uk/loan-eligibility-calculator/,calculator,True,
Loan Payment Calculator,loan-payment-calculator,https://tools.yalla-calculator.co.uk/loan-payment-calculator/,calculator,True,Financial
Loan Savings Calculator,loan-savings-calculator,https://tools.yalla-calculator.co.uk/loan-savings-calculator/,calculator,True,
Loan Term Calculator,loan-term-calculator,https://tools.yalla-calculator.co.uk/loan-term-calculator/,calculator,True,Financial
Loan Term Comparison Calculator,loan-term-comparison-calculator,https://tools.yalla-calculator.co.uk/loan-term-comparison-calculator/,calculator,True,
Loan To Value Calculator,loan-to-value-calculator,https://tools.yalla-calculator.co.uk/loan-to-value-calculator/,calculator,True,
Logarithm Calculator,logarithm-calculator,https://tools.yalla-calculator.co.uk/logarithm-calculator/,calculator,True,
Loneliness Index Calculator,loneliness-index-calculator,https://tools.yalla-calculator.co.uk/loneliness-index-calculator/,calculator,True,
Long Division Calculator,long-division-calculator,https://tools.yalla-calculator.co.uk/long-division-calculator/,calculator,True,Math
Long Term Care Calculator,long-term-care-calculator,https://tools.yalla-calculator.co.uk/long-term-care-calculator/,calculator,True,Financial
Longevity Calculator,longevity-calculator,https://tools.yalla-calculator.co.uk/longevity-calculator/,calculator,True,Health
Lot Line Calculator,lot-line-calculator,https://tools.yalla-calculator.co.uk/lot-line-calculator/,calculator,True,
Low Fodmap Calculator,low-fodmap-calculator,https://tools.yalla-calculator.co.uk/low-fodmap-calculator/,calculator,True,
Low Sodium Conversion Calculator,low-sodium-conversion-calculator,https://tools.yalla-calculator.co.uk/low-sodium-conversion-calculator/,calculator,True,Cooking
Low Voltage Lighting Calculator,low-voltage-lighting-calculator,https://tools.yalla-calculator.co.uk/low-voltage-lighting-calculator/,calculator,True,
Loyalty Program Calculator,loyalty-program-calculator,https://tools.yalla-calculator.co.uk/loyalty-program-calculator/,calculator,True,
Lumber And Hardwood Weight Calculator,lumber-and-hardwood-weight-calculator,https://tools.yalla-calculator.co.uk/lumber-and-hardwood-weight-calculator/,calculator,True,Construction
Lumber Pricing Calculator,lumber-pricing-calculator,https://tools.yalla-calculator.co.uk/lumber-pricing-calculator/,calculator,True,
Lumens To Watts Calculator,lumens-to-watts-calculator,https://tools.yalla-calculator.co.uk/lumens-to-watts-calculator/,calculator,True,Electrical
Lump Sum Calculator,lump-sum-calculator,https://tools.yalla-calculator.co.uk/lump-sum-calculator/,calculator,True,
Lump Sum Reverse Mortgage Calculator,lump-sum-reverse-mortgage-calculator,https://tools.yalla-calculator.co.uk/lump-sum-reverse-mortgage-calculator/,calculator,True,
Lux To Foot Candles Calculator,lux-to-foot-candles-calculator,https://tools.yalla-calculator.co.uk/lux-to-foot-candles-calculator/,calculator,True,Electrical
Luxury Vinyl Plank Calculator,luxury-vinyl-plank-calculator,https://tools.yalla-calculator.co.uk/luxury-vinyl-plank-calculator/,calculator,True,
Luxury Vinyl Tile Calculator,luxury-vinyl-tile-calculator,https://tools.yalla-calculator.co.uk/luxury-vinyl-tile-calculator/,calculator,True,
Macro Calculator,macro-calculator,https://tools.yalla-calculator.co.uk/macro-calculator/,calculator,True,Cooking
Macro Ratio Calculator,macro-ratio-calculator,https://tools.yalla-calculator.co.uk/macro-ratio-calculator/,calculator,True,
Macro Tracker,macro-tracker,https://tools.yalla-calculator.co.uk/macro-tracker/,tracker,True,
Macro Tracking Calculator,macro-tracking-calculator,https://tools.yalla-calculator.co.uk/macro-tracking-calculator/,calculator,True,
Macronutrient Calculator,macronutrient-calculator,https://tools.yalla-calculator.co.uk/macronutrient-calculator/,calculator,True,
Macrs Depreciation Calculator,macrs-depreciation-calculator,https://tools.yalla-calculator.co.uk/macrs-depreciation-calculator/,calculator,True,
Magnesium Dosage Calculator,magnesium-dosage-calculator,https://tools.yalla-calculator.co.uk/magnesium-dosage-calculator/,calculator,True,
Maintenance Backlog Calculator,maintenance-backlog-calculator,https://tools.yalla-calculator.co.uk/maintenance-backlog-calculator/,calculator,True,
Maintenance Budget Calculator,maintenance-budget-calculator,https://tools.yalla-calculator.co.uk/maintenance-budget-calculator/,calculator,True,
Maintenance Calculators,maintenance-calculators,https://tools.yalla-calculator.co.uk/maintenance-calculators/,category,True,
Maintenance Calorie Calculator,maintenance-calorie-calculator,https://tools.yalla-calculator.co.uk/maintenance-calorie-calculator/,calculator,True,
Maintenance Calories Calculator,maintenance-calories-calculator,https://tools.yalla-calculator.co.uk/maintenance-calories-calculator/,calculator,True,
Maintenance Comparison Calculator,maintenance-comparison-calculator,https://tools.yalla-calculator.co.uk/maintenance-comparison-calculator/,calculator,True,
Maintenance Cost Calculator 2,maintenance-cost-calculator-2,https://tools.yalla-calculator.co.uk/maintenance-cost-calculator-2/,calculator,True,
Maintenance Cost Calculator,maintenance-cost-calculator,https://tools.yalla-calculator.co.uk/maintenance-cost-calculator/,calculator,True,
Maintenance Dose Calculator,maintenance-dose-calculator,https://tools.yalla-calculator.co.uk/maintenance-dose-calculator/,calculator,True,
Maintenance Fluids Calculator,maintenance-fluids-calculator,https://tools.yalla-calculator.co.uk/maintenance-fluids-calculator/,calculator,True,
Maintenance Fuel Efficiency Calculator,maintenance-fuel-efficiency-calculator,https://tools.yalla-calculator.co.uk/maintenance-fuel-efficiency-calculator/,calculator,True,
Maintenance Log Calculator,maintenance-log-calculator,https://tools.yalla-calculator.co.uk/maintenance-log-calculator/,calculator,True,
Maintenance Record Calculator,maintenance-record-calculator,https://tools.yalla-calculator.co.uk/maintenance-record-calculator/,calculator,True,
Maintenance Schedule Calculator,maintenance-schedule-calculator,https://tools.yalla-calculator.co.uk/maintenance-schedule-calculator/,calculator,True,
Mansard Roof Calculator,mansard-roof-calculator,https://tools.yalla-calculator.co.uk/mansard-roof-calculator/,calculator,True,
Margin Calculator,margin-calculator,https://tools.yalla-calculator.co.uk/margin-calculator/,calculator,True,Financial
Marginal Tax Rate Calculator,marginal-tax-rate-calculator,https://tools.yalla-calculator.co.uk/marginal-tax-rate-calculator/,calculator,True,
Marinade Calculator,marinade-calculator,https://tools.yalla-calculator.co.uk/marinade-calculator/,calculator,True,Cooking
Markup Calculator,markup-calculator,https://tools.yalla-calculator.co.uk/markup-calculator/,calculator,True,
Massive Transfusion Protocol Calculator,massive-transfusion-protocol-calculator,https://tools.yalla-calculator.co.uk/massive-transfusion-protocol-calculator/,calculator,True,
Material Comparison Calculator,material-comparison-calculator,https://tools.yalla-calculator.co.uk/material-comparison-calculator/,calculator,True,
Material Estimator,material-estimator,https://tools.yalla-calculator.co.uk/material-estimator/,estimator,True,
Maternity Allowance Calculator,maternity-allowance-calculator,https://tools.yalla-calculator.co.uk/maternity-allowance-calculator/,calculator,True,
Maternity Leave Calculator,maternity-leave-calculator,https://tools.yalla-calculator.co.uk/maternity-leave-calculator/,calculator,True,
Maternity Pay Calculator,maternity-pay-calculator,https://tools.yalla-calculator.co.uk/maternity-pay-calculator/,calculator,True,
Maternity Rights Calculator,maternity-rights-calculator,https://tools.yalla-calculator.co.uk/maternity-rights-calculator/,calculator,True,
Math Homework Calculator,math-homework-calculator,https://tools.yalla-calculator.co.uk/math-homework-calculator/,calculator,True,
Math,math,https://tools.yalla-calculator.co.uk/math/,category,False,Financial
Max Heart Rate Calculator,max-heart-rate-calculator,https://tools.yalla-calculator.co.uk/max-heart-rate-calculator/,calculator,True,
Maximum Heart Rate Calculator,maximum-heart-rate-calculator,https://tools.yalla-calculator.co.uk/maximum-heart-rate-calculator/,calculator,True,Health
Meal Plan Calculator,meal-plan-calculator,https://tools.yalla-calculator.co.uk/meal-plan-calculator/,calculator,True,
Meal Planner Calculator,meal-planner-calculator,https://tools.yalla-calculator.co.uk/meal-planner-calculator/,calculator,True,
Meal Planning Calculator,meal-planning-calculator,https://tools.yalla-calculator.co.uk/meal-planning-calculator/,calculator,True,
Meal Prep Calculator,meal-prep-calculator,https://tools.yalla-calculator.co.uk/meal-prep-calculator/,calculator,True,Cooking
Meal Timing Calculator,meal-timing-calculator,https://tools.yalla-calculator.co.uk/meal-timing-calculator/,calculator,True,
Mean Arterial Pressure Calculator,mean-arterial-pressure-calculator,https://tools.yalla-calculator.co.uk/mean-arterial-pressure-calculator/,calculator,True,
Mean Calculator,mean-calculator,https://tools.yalla-calculator.co.uk/mean-calculator/,calculator,True,Math
Mean Time Between Failures Calculator,mean-time-between-failures-calculator,https://tools.yalla-calculator.co.uk/mean-time-between-failures-calculator/,calculator,True,
Mean Time To Repair Calculator,mean-time-to-repair-calculator,https://tools.yalla-calculator.co.uk/mean-time-to-repair-calculator/,calculator,True,
Measurement Benchmark Calculator,measurement-benchmark-calculator,https://tools.yalla-calculator.co.uk/measurement-benchmark-calculator/,calculator,True,
Measurement Change Calculator,measurement-change-calculator,https://tools.yalla-calculator.co.uk/measurement-change-calculator/,calculator,True,
Measurement Tracker,measurement-tracker,https://tools.yalla-calculator.co.uk/measurement-tracker/,tracker,True,
Measurement,measurement,https://tools.yalla-calculator.co.uk/measurement/,page,False,
Meat Cooking Time Calculator,meat-cooking-time-calculator,https://tools.yalla-calculator.co.uk/meat-cooking-time-calculator/,calculator,True,Cooking
Meat Portion Calculator,meat-portion-calculator,https://tools.yalla-calculator.co.uk/meat-portion-calculator/,calculator,True,Cooking
Meat Temperature Chart,meat-temperature-chart,https://tools.yalla-calculator.co.uk/meat-temperature-chart/,chart,True,Cooking
Meat Tenderizing Calculator,meat-tenderizing-calculator,https://tools.yalla-calculator.co.uk/meat-tenderizing-calculator/,calculator,True,Cooking
Meat Thermometer Calculator,meat-thermometer-calculator,https://tools.yalla-calculator.co.uk/meat-thermometer-calculator/,calculator,True,Cooking
Median Calculator,median-calculator,https://tools.yalla-calculator.co.uk/median-calculator/,calculator,True,Math
Medical Calculators,medical-calculators,https://tools.yalla-calculator.co.uk/medical-calculators/,category,True,
Medical Expense Calculator,medical-expense-calculator,https://tools.yalla-calculator.co.uk/medical-expense-calculator/,calculator,True,
Medical Formula Calculator,medical-formula-calculator,https://tools.yalla-calculator.co.uk/medical-formula-calculator/,calculator,True,Health
Medicare Calculator,medicare-calculator,https://tools.yalla-calculator.co.uk/medicare-calculator/,calculator,True,
Medication Adherence Calculator,medication-adherence-calculator,https://tools.yalla-calculator.co.uk/medication-adherence-calculator/,calculator,True,
Medication Cost Calculator,medication-cost-calculator,https://tools.yalla-calculator.co.uk/medication-cost-calculator/,calculator,True,
Medication Dosage Calculator,medication-dosage-calculator,https://tools.yalla-calculator.co.uk/medication-dosage-calculator/,calculator,True,Health
Medication Dose Calculator,medication-dose-calculator,https://tools.yalla-calculator.co.uk/medication-dose-calculator/,calculator,True,
Meditation Benefit Calculator,meditation-benefit-calculator,https://tools.yalla-calculator.co.uk/meditation-benefit-calculator/,calculator,True,
Megabytes To Bytes Converter,megabytes-to-bytes-converter,https://tools.yalla-calculator.co.uk/megabytes-to-bytes-converter/,converter,True,
Megabytes To Gigabytes Converter,megabytes-to-gigabytes-converter,https://tools.yalla-calculator.co.uk/megabytes-to-gigabytes-converter/,converter,True,
Megabytes To Kilobytes Converter,megabytes-to-kilobytes-converter,https://tools.yalla-calculator.co.uk/megabytes-to-kilobytes-converter/,converter,True,
Menstrual Cycle Calculator,menstrual-cycle-calculator,https://tools.yalla-calculator.co.uk/menstrual-cycle-calculator/,calculator,True,
Mental Health Assessment,mental-health-assessment,https://tools.yalla-calculator.co.uk/mental-health-assessment/,assessment,True,Health
Mental Health Checkup,mental-health-checkup,https://tools.yalla-calculator.co.uk/mental-health-checkup/,page,False,
Mental Health Journey Map,mental-health-journey-map,https://tools.yalla-calculator.co.uk/mental-health-journey-map/,page,False,
Mental Health Resource Finder,mental-health-resource-finder,https://tools.yalla-calculator.co.uk/mental-health-resource-finder/,finder,True,
Mental Health Risk Assessment,mental-health-risk-assessment,https://tools.yalla-calculator.co.uk/mental-health-risk-assessment/,assessment,True,
Mental Health Score Calculator,mental-health-score-calculator,https://tools.yalla-calculator.co.uk/mental-health-score-calculator/,calculator,True,
Mental Health,mental-health,https://tools.yalla-calculator.co.uk/mental-health/,page,False,
Mental Wellness Calculator,mental-wellness-calculator,https://tools.yalla-calculator.co.uk/mental-wellness-calculator/,calculator,True,Health
Mental Wellness Quotient Calculator,mental-wellness-quotient-calculator,https://tools.yalla-calculator.co.uk/mental-wellness-quotient-calculator/,calculator,True,
Mental Wellness Timeline,mental-wellness-timeline,https://tools.yalla-calculator.co.uk/mental-wellness-timeline/,page,False,
Metabolic Age Calculator,metabolic-age-calculator,https://tools.yalla-calculator.co.uk/metabolic-age-calculator/,calculator,True,
Metabolic Syndrome Calculator,metabolic-syndrome-calculator,https://tools.yalla-calculator.co.uk/metabolic-syndrome-calculator/,calculator,True,
Metal Panel Calculator,metal-panel-calculator,https://tools.yalla-calculator.co.uk/metal-panel-calculator/,calculator,True,
Metal Railing Calculator,metal-railing-calculator,https://tools.yalla-calculator.co.uk/metal-railing-calculator/,calculator,True,
Metal Roof Calculator,metal-roof-calculator,https://tools.yalla-calculator.co.uk/metal-roof-calculator/,calculator,True,
Metal Roof Cost Calculator,metal-roof-cost-calculator,https://tools.yalla-calculator.co.uk/metal-roof-cost-calculator/,calculator,True,
Metal Roof Fastener Calculator,metal-roof-fastener-calculator,https://tools.yalla-calculator.co.uk/metal-roof-fastener-calculator/,calculator,True,
Metal Roof Panel Calculator,metal-roof-panel-calculator,https://tools.yalla-calculator.co.uk/metal-roof-panel-calculator/,calculator,True,
Metal Roof Trim Calculator,metal-roof-trim-calculator,https://tools.yalla-calculator.co.uk/metal-roof-trim-calculator/,calculator,True,
Metal Roofing Calculator,metal-roofing-calculator,https://tools.yalla-calculator.co.uk/metal-roofing-calculator/,calculator,True,Construction
Metal Siding Calculator,metal-siding-calculator,https://tools.yalla-calculator.co.uk/metal-siding-calculator/,calculator,True,
Meters Per Second To MPH,meters-per-second-to-mph,https://tools.yalla-calculator.co.uk/meters-per-second-to-mph/,page,False,
Meters To Feet Converter,meters-to-feet-converter,https://tools.yalla-calculator.co.uk/meters-to-feet-converter/,converter,True,
Meters To Yards Converter,meters-to-yards-converter,https://tools.yalla-calculator.co.uk/meters-to-yards-converter/,converter,True,
Metformin Dosage Calculator,metformin-dosage-calculator,https://tools.yalla-calculator.co.uk/metformin-dosage-calculator/,calculator,True,
Metric Conversion Calculator,metric-conversion-calculator,https://tools.yalla-calculator.co.uk/metric-conversion-calculator/,calculator,True,
Metric Cooking Conversion Calculator,metric-cooking-conversion-calculator,https://tools.yalla-calculator.co.uk/metric-cooking-conversion-calculator/,calculator,True,
Metric Imperial Converter,metric-imperial-converter,https://tools.yalla-calculator.co.uk/metric-imperial-converter/,converter,True,
Metric Tire Size Calculator,metric-tire-size-calculator,https://tools.yalla-calculator.co.uk/metric-tire-size-calculator/,calculator,True,
Metric To Inch Tire Calculator,metric-to-inch-tire-calculator,https://tools.yalla-calculator.co.uk/metric-to-inch-tire-calculator/,calculator,True,
Metric Tons To Tons Converter,metric-tons-to-tons-converter,https://tools.yalla-calculator.co.uk/metric-tons-to-tons-converter/,converter,True,
mg To ml Converter,mg-to-ml-converter,https://tools.yalla-calculator.co.uk/mg-to-ml-converter/,converter,True,
Middle Eastern Cooking Conversion Calculator,middle-eastern-cooking-conversion-calculator,https://tools.yalla-calculator.co.uk/middle-eastern-cooking-conversion-calculator/,calculator,True,
Miles Per Gallon Calculator,miles-per-gallon-calculator,https://tools.yalla-calculator.co.uk/miles-per-gallon-calculator/,calculator,True,
Miles To km,miles-to-km,https://tools.yalla-calculator.co.uk/miles-to-km/,page,False,Conversion
Milestone Calculator,milestone-calculator,https://tools.yalla-calculator.co.uk/milestone-calculator/,calculator,True,
Milestone Tracker,milestone-tracker,https://tools.yalla-calculator.co.uk/milestone-tracker/,tracker,True,
Milligrams To Grams Converter,milligrams-to-grams-converter,https://tools.yalla-calculator.co.uk/milligrams-to-grams-converter/,converter,True,
Milliliters To Cups Converter,milliliters-to-cups-converter,https://tools.yalla-calculator.co.uk/milliliters-to-cups-converter/,converter,True,
Milliliters To Fluid Ounces Converter,milliliters-to-fluid-ounces-converter,https://tools.yalla-calculator.co.uk/milliliters-to-fluid-ounces-converter/,converter,True,
Milliliters To Ounces Converter,milliliters-to-ounces-converter,https://tools.yalla-calculator.co.uk/milliliters-to-ounces-converter/,converter,True,
Millionaire Calculator,millionaire-calculator,https://tools.yalla-calculator.co.uk/millionaire-calculator/,calculator,True,
Mindfulness Tracker,mindfulness-tracker,https://tools.yalla-calculator.co.uk/mindfulness-tracker/,tracker,True,
Mineral Absorption Calculator,mineral-absorption-calculator,https://tools.yalla-calculator.co.uk/mineral-absorption-calculator/,calculator,True,
Mineral Calculator,mineral-calculator,https://tools.yalla-calculator.co.uk/mineral-calculator/,calculator,True,Health
Mineral Deficiency Calculator,mineral-deficiency-calculator,https://tools.yalla-calculator.co.uk/mineral-deficiency-calculator/,calculator,True,
Minimum Down Payment Calculator,minimum-down-payment-calculator,https://tools.yalla-calculator.co.uk/minimum-down-payment-calculator/,calculator,True,
Minimum Payment Calculator,minimum-payment-calculator,https://tools.yalla-calculator.co.uk/minimum-payment-calculator/,calculator,True,Financial
Mining Profitability Calculator,mining-profitability-calculator,https://tools.yalla-calculator.co.uk/mining-profitability-calculator/,calculator,True,
Minutes To Hours Converter,minutes-to-hours-converter,https://tools.yalla-calculator.co.uk/minutes-to-hours-converter/,converter,True,
Minutes To Seconds Converter,minutes-to-seconds-converter,https://tools.yalla-calculator.co.uk/minutes-to-seconds-converter/,converter,True,
Miscarriage Risk Calculator,miscarriage-risk-calculator,https://tools.yalla-calculator.co.uk/miscarriage-risk-calculator/,calculator,True,
Miter Angle Calculator,miter-angle-calculator,https://tools.yalla-calculator.co.uk/miter-angle-calculator/,calculator,True,
Mixed Number Calculator,mixed-number-calculator,https://tools.yalla-calculator.co.uk/mixed-number-calculator/,calculator,True,Math
Mixed Number To Decimal Calculator,mixed-number-to-decimal-calculator,https://tools.yalla-calculator.co.uk/mixed-number-to-decimal-calculator/,calculator,True,
Mixed Number To Improper Fraction Calculator,mixed-number-to-improper-fraction-calculator,https://tools.yalla-calculator.co.uk/mixed-number-to-improper-fraction-calculator/,calculator,True,Math
mm To Fraction Calculator,mm-to-fraction-calculator,https://tools.yalla-calculator.co.uk/mm-to-fraction-calculator/,calculator,True,
mm To Inches,mm-to-inches,https://tools.yalla-calculator.co.uk/mm-to-inches/,page,False,
Mocktail Calculator,mocktail-calculator,https://tools.yalla-calculator.co.uk/mocktail-calculator/,calculator,True,Cooking
Mode Calculator,mode-calculator,https://tools.yalla-calculator.co.uk/mode-calculator/,calculator,True,Math
Modified Bitumen Calculator,modified-bitumen-calculator,https://tools.yalla-calculator.co.uk/modified-bitumen-calculator/,calculator,True,
Moisture Barrier Calculator,moisture-barrier-calculator,https://tools.yalla-calculator.co.uk/moisture-barrier-calculator/,calculator,True,
Money Market Calculator,money-market-calculator,https://tools.yalla-calculator.co.uk/money-market-calculator/,calculator,True,Financial
Money Transfer Calculator,money-transfer-calculator,https://tools.yalla-calculator.co.uk/money-transfer-calculator/,calculator,True,Financial
Monthly Budget Calculator,monthly-budget-calculator,https://tools.yalla-calculator.co.uk/monthly-budget-calculator/,calculator,True,
Monthly Cost Calculator,monthly-cost-calculator,https://tools.yalla-calculator.co.uk/monthly-cost-calculator/,calculator,True,
Monthly Fuel Cost Calculator,monthly-fuel-cost-calculator,https://tools.yalla-calculator.co.uk/monthly-fuel-cost-calculator/,calculator,True,
Monthly Housing Budget Calculator,monthly-housing-budget-calculator,https://tools.yalla-calculator.co.uk/monthly-housing-budget-calculator/,calculator,True,
Monthly Payment Calculator,monthly-payment-calculator,https://tools.yalla-calculator.co.uk/monthly-payment-calculator/,calculator,True,
Monthly Payment Estimator,monthly-payment-estimator,https://tools.yalla-calculator.co.uk/monthly-payment-estimator/,estimator,True,
Monthly Savings Calculator,monthly-savings-calculator,https://tools.yalla-calculator.co.uk/monthly-savings-calculator/,calculator,True,
Months To Years Loan Calculator,months-to-years-loan-calculator,https://tools.yalla-calculator.co.uk/months-to-years-loan-calculator/,calculator,True,
Mood Pattern Analyzer,mood-pattern-analyzer,https://tools.yalla-calculator.co.uk/mood-pattern-analyzer/,page,False,
Mood Tracker Calculator,mood-tracker-calculator,https://tools.yalla-calculator.co.uk/mood-tracker-calculator/,calculator,True,
More Math Calculators,more-math-calculators,https://tools.yalla-calculator.co.uk/more-math-calculators/,category,True,
Mortality Risk Calculator,mortality-risk-calculator,https://tools.yalla-calculator.co.uk/mortality-risk-calculator/,calculator,True,
Mortgage Affordability Calculator,mortgage-affordability-calculator,https://tools.yalla-calculator.co.uk/mortgage-affordability-calculator/,calculator,True,Financial
Mortgage Amortization Calculator,mortgage-amortization-calculator,https://tools.yalla-calculator.co.uk/mortgage-amortization-calculator/,calculator,True,Financial
Mortgage Calculators,mortgage-calculators,https://tools.yalla-calculator.co.uk/mortgage-calculators/,category,True,
Mortgage Comparison Calculator,mortgage-comparison-calculator,https://tools.yalla-calculator.co.uk/mortgage-comparison-calculator/,calculator,True,
Mortgage Insurance Calculator,mortgage-insurance-calculator,https://tools.yalla-calculator.co.uk/mortgage-insurance-calculator/,calculator,True,
Mortgage Interest Calculator,mortgage-interest-calculator,https://tools.yalla-calculator.co.uk/mortgage-interest-calculator/,calculator,True,
Mortgage Payment Calculator,mortgage-payment-calculator,https://tools.yalla-calculator.co.uk/mortgage-payment-calculator/,calculator,True,Financial
Mortgage Points Calculator,mortgage-points-calculator,https://tools.yalla-calculator.co.uk/mortgage-points-calculator/,calculator,True,Financial
Mortgage Savings Calculator,mortgage-savings-calculator,https://tools.yalla-calculator.co.uk/mortgage-savings-calculator/,calculator,True,
Mortgage Term Calculator,mortgage-term-calculator,https://tools.yalla-calculator.co.uk/mortgage-term-calculator/,calculator,True,
Mortise And Tenon Calculator,mortise-and-tenon-calculator,https://tools.yalla-calculator.co.uk/mortise-and-tenon-calculator/,calculator,True,
Motivation Calculator,motivation-calculator,https://tools.yalla-calculator.co.uk/motivation-calculator/,calculator,True,
Motor Circuit Calculator,motor-circuit-calculator,https://tools.yalla-calculator.co.uk/motor-circuit-calculator/,calculator,True,Electrical
Motor Current Calculator,motor-current-calculator,https://tools.yalla-calculator.co.uk/motor-current-calculator/,calculator,True,Electrical
Motor Efficiency Calculator,motor-efficiency-calculator,https://tools.yalla-calculator.co.uk/motor-efficiency-calculator/,calculator,True,Electrical
Motor Full Load Current Calculator,motor-full-load-current-calculator,https://tools.yalla-calculator.co.uk/motor-full-load-current-calculator/,calculator,True,Electrical
Motor Power Factor Calculator,motor-power-factor-calculator,https://tools.yalla-calculator.co.uk/motor-power-factor-calculator/,calculator,True,Electrical
Motor Slip Calculator,motor-slip-calculator,https://tools.yalla-calculator.co.uk/motor-slip-calculator/,calculator,True,Electrical
Motor Starting Current Calculator,motor-starting-current-calculator,https://tools.yalla-calculator.co.uk/motor-starting-current-calculator/,calculator,True,Electrical
Motor Torque Calculator,motor-torque-calculator,https://tools.yalla-calculator.co.uk/motor-torque-calculator/,calculator,True,Electrical
Mowing Calculator,mowing-calculator,https://tools.yalla-calculator.co.uk/mowing-calculator/,calculator,True,
MPG Calculator Miles Per Gallon,mpg-calculator-miles-per-gallon,https://tools.yalla-calculator.co.uk/mpg-calculator-miles-per-gallon/,calculator,True,
MPG Calculator,mpg-calculator,https://tools.yalla-calculator.co.uk/mpg-calculator/,calculator,True,Automotive
MPG To km L Calculator,mpg-to-km-l-calculator,https://tools.yalla-calculator.co.uk/mpg-to-km-l-calculator/,calculator,True,
MPG To L 100km Calculator,mpg-to-l-100km-calculator,https://tools.yalla-calculator.co.uk/mpg-to-l-100km-calculator/,calculator,True,
MPH Calculator,mph-calculator,https://tools.yalla-calculator.co.uk/mph-calculator/,calculator,True,
MPH To Knots,mph-to-knots,https://tools.yalla-calculator.co.uk/mph-to-knots/,page,False,Conversion
MPH To Kph,mph-to-kph,https://tools.yalla-calculator.co.uk/mph-to-kph/,page,False,Conversion
MPH To Mps,mph-to-mps,https://tools.yalla-calculator.co.uk/mph-to-mps/,page,False,Conversion
Mps To Kph,mps-to-kph,https://tools.yalla-calculator.co.uk/mps-to-kph/,page,False,Conversion
Mps To MPH,mps-to-mph,https://tools.yalla-calculator.co.uk/mps-to-mph/,page,False,Conversion
Muffler Calculator,muffler-calculator,https://tools.yalla-calculator.co.uk/muffler-calculator/,calculator,True,
Mulch Calculator,mulch-calculator,https://tools.yalla-calculator.co.uk/mulch-calculator/,calculator,True,Construction
Multi Currency Converter,multi-currency-converter,https://tools.yalla-calculator.co.uk/multi-currency-converter/,converter,True,
Multi Level Deck Calculator,multi-level-deck-calculator,https://tools.yalla-calculator.co.uk/multi-level-deck-calculator/,calculator,True,
Multi Stop Trip Calculator,multi-stop-trip-calculator,https://tools.yalla-calculator.co.uk/multi-stop-trip-calculator/,calculator,True,
Multinational Corporation Calculator,multinational-corporation-calculator,https://tools.yalla-calculator.co.uk/multinational-corporation-calculator/,calculator,True,
Multiple Balance Transfer Calculator,multiple-balance-transfer-calculator,https://tools.yalla-calculator.co.uk/multiple-balance-transfer-calculator/,calculator,True,
Multiple Card Payoff Calculator,multiple-card-payoff-calculator,https://tools.yalla-calculator.co.uk/multiple-card-payoff-calculator/,calculator,True,
Multiple Savings Goals Calculator,multiple-savings-goals-calculator,https://tools.yalla-calculator.co.uk/multiple-savings-goals-calculator/,calculator,True,
Multivitamin Calculator,multivitamin-calculator,https://tools.yalla-calculator.co.uk/multivitamin-calculator/,calculator,True,
Muscle Gain Calculator,muscle-gain-calculator,https://tools.yalla-calculator.co.uk/muscle-gain-calculator/,calculator,True,
Mutual Fund Calculator,mutual-fund-calculator,https://tools.yalla-calculator.co.uk/mutual-fund-calculator/,calculator,True,Financial
Nail Screw Calculator,nail-screw-calculator,https://tools.yalla-calculator.co.uk/nail-screw-calculator/,calculator,True,
Nap Benefit Calculator,nap-benefit-calculator,https://tools.yalla-calculator.co.uk/nap-benefit-calculator/,calculator,True,
Nap Calculator,nap-calculator,https://tools.yalla-calculator.co.uk/nap-calculator/,calculator,True,Health
Nap Cycle Calculator,nap-cycle-calculator,https://tools.yalla-calculator.co.uk/nap-cycle-calculator/,calculator,True,
Nap Duration Calculator,nap-duration-calculator,https://tools.yalla-calculator.co.uk/nap-duration-calculator/,calculator,True,
Nap Recovery Calculator,nap-recovery-calculator,https://tools.yalla-calculator.co.uk/nap-recovery-calculator/,calculator,True,
Narcolepsy Risk Calculator,narcolepsy-risk-calculator,https://tools.yalla-calculator.co.uk/narcolepsy-risk-calculator/,calculator,True,
Nav Calculator,nav-calculator,https://tools.yalla-calculator.co.uk/nav-calculator/,calculator,True,
Navy Body Fat Calculator,navy-body-fat-calculator,https://tools.yalla-calculator.co.uk/navy-body-fat-calculator/,calculator,True,
Nec Load Calculation Calculator,nec-load-calculation-calculator,https://tools.yalla-calculator.co.uk/nec-load-calculation-calculator/,calculator,True,Electrical
Negative Equity Calculator,negative-equity-calculator,https://tools.yalla-calculator.co.uk/negative-equity-calculator/,calculator,True,
Net Carb Calculator,net-carb-calculator,https://tools.yalla-calculator.co.uk/net-carb-calculator/,calculator,True,
Net Free Area Calculator,net-free-area-calculator,https://tools.yalla-calculator.co.uk/net-free-area-calculator/,calculator,True,
Net Present Value Calculator,net-present-value-calculator,https://tools.yalla-calculator.co.uk/net-present-value-calculator/,calculator,True,
Net Profit Calculator,net-profit-calculator,https://tools.yalla-calculator.co.uk/net-profit-calculator/,calculator,True,
Net Worth Calculator,net-worth-calculator,https://tools.yalla-calculator.co.uk/net-worth-calculator/,calculator,True,Financial
Neuropathy Risk Calculator,neuropathy-risk-calculator,https://tools.yalla-calculator.co.uk/neuropathy-risk-calculator/,calculator,True,
New Car Fuel Economy Calculator,new-car-fuel-economy-calculator,https://tools.yalla-calculator.co.uk/new-car-fuel-economy-calculator/,calculator,True,
New Card Impact Calculator,new-card-impact-calculator,https://tools.yalla-calculator.co.uk/new-card-impact-calculator/,calculator,True,
Newborn Feeding Calculator,newborn-feeding-calculator,https://tools.yalla-calculator.co.uk/newborn-feeding-calculator/,calculator,True,
Next Birthday Calculator,next-birthday-calculator,https://tools.yalla-calculator.co.uk/next-birthday-calculator/,calculator,True,
Nitrogen Cycle Calculator,nitrogen-cycle-calculator,https://tools.yalla-calculator.co.uk/nitrogen-cycle-calculator/,calculator,True,
Nm To Lb Ft Calculator,nm-to-lb-ft-calculator,https://tools.yalla-calculator.co.uk/nm-to-lb-ft-calculator/,calculator,True,
Noi Calculator,noi-calculator,https://tools.yalla-calculator.co.uk/noi-calculator/,calculator,True,
Noise Level Calculator,noise-level-calculator,https://tools.yalla-calculator.co.uk/noise-level-calculator/,calculator,True,
Non Hdl Calculator,non-hdl-calculator,https://tools.yalla-calculator.co.uk/non-hdl-calculator/,calculator,True,
Non Resident Tax Calculator,non-resident-tax-calculator,https://tools.yalla-calculator.co.uk/non-resident-tax-calculator/,calculator,True,
Number Conversion Calculators,number-conversion-calculators,https://tools.yalla-calculator.co.uk/number-conversion-calculators/,category,True,
Nursery Budget Calculator,nursery-budget-calculator,https://tools.yalla-calculator.co.uk/nursery-budget-calculator/,calculator,True,
Nursing Home Cost Calculator,nursing-home-cost-calculator,https://tools.yalla-calculator.co.uk/nursing-home-cost-calculator/,calculator,True,
Nutrient Calculator,nutrient-calculator,https://tools.yalla-calculator.co.uk/nutrient-calculator/,calculator,True,Health
Nutrient Deficiency Calculator,nutrient-deficiency-calculator,https://tools.yalla-calculator.co.uk/nutrient-deficiency-calculator/,calculator,True,
Nutrient Tracker,nutrient-tracker,https://tools.yalla-calculator.co.uk/nutrient-tracker/,tracker,True,Health
Nutrition Calculator,nutrition-calculator,https://tools.yalla-calculator.co.uk/nutrition-calculator/,calculator,True,
Nutrition Density Calculator,nutrition-density-calculator,https://tools.yalla-calculator.co.uk/nutrition-density-calculator/,calculator,True,
Nutrition Facts Calculator,nutrition-facts-calculator,https://tools.yalla-calculator.co.uk/nutrition-facts-calculator/,calculator,True,Cooking
Nutrition Label Calculator,nutrition-label-calculator,https://tools.yalla-calculator.co.uk/nutrition-label-calculator/,calculator,True,
Obamacare Calculator,obamacare-calculator,https://tools.yalla-calculator.co.uk/obamacare-calculator/,calculator,True,
Obsolescence Calculator,obsolescence-calculator,https://tools.yalla-calculator.co.uk/obsolescence-calculator/,calculator,True,
Octagon Deck Calculator,octagon-deck-calculator,https://tools.yalla-calculator.co.uk/octagon-deck-calculator/,calculator,True,
Odometer Calculator,odometer-calculator,https://tools.yalla-calculator.co.uk/odometer-calculator/,calculator,True,
Off Road Tire Calculator,off-road-tire-calculator,https://tools.yalla-calculator.co.uk/off-road-tire-calculator/,calculator,True,
Offset Conversion Calculator,offset-conversion-calculator,https://tools.yalla-calculator.co.uk/offset-conversion-calculator/,calculator,True,
Offshore Income Calculator,offshore-income-calculator,https://tools.yalla-calculator.co.uk/offshore-income-calculator/,calculator,True,
Offshore Investment Calculator,offshore-investment-calculator,https://tools.yalla-calculator.co.uk/offshore-investment-calculator/,calculator,True,
Ohms Law Calculator,ohms-law-calculator,https://tools.yalla-calculator.co.uk/ohms-law-calculator/,calculator,True,Electrical
Oil Change Calculator,oil-change-calculator,https://tools.yalla-calculator.co.uk/oil-change-calculator/,calculator,True,Automotive
Oil Change Fuel Economy Calculator,oil-change-fuel-economy-calculator,https://tools.yalla-calculator.co.uk/oil-change-fuel-economy-calculator/,calculator,True,
Omega 3 Intake Calculator,omega-3-intake-calculator,https://tools.yalla-calculator.co.uk/omega-3-intake-calculator/,calculator,True,
One Rep Max Calculator,one-rep-max-calculator,https://tools.yalla-calculator.co.uk/one-rep-max-calculator/,calculator,True,Health
Open Channel Flow Calculator,open-channel-flow-calculator,https://tools.yalla-calculator.co.uk/open-channel-flow-calculator/,calculator,True,
Operating Budget Calculator,operating-budget-calculator,https://tools.yalla-calculator.co.uk/operating-budget-calculator/,calculator,True,
Operating Cash Flow Calculator,operating-cash-flow-calculator,https://tools.yalla-calculator.co.uk/operating-cash-flow-calculator/,calculator,True,
Operating Cost Calculator,operating-cost-calculator,https://tools.yalla-calculator.co.uk/operating-cost-calculator/,calculator,True,
Operating Lease Calculator,operating-lease-calculator,https://tools.yalla-calculator.co.uk/operating-lease-calculator/,calculator,True,
Optimal Bedtime Calculator,optimal-bedtime-calculator,https://tools.yalla-calculator.co.uk/optimal-bedtime-calculator/,calculator,True,
Optimal Nap Time Calculator,optimal-nap-time-calculator,https://tools.yalla-calculator.co.uk/optimal-nap-time-calculator/,calculator,True,
Options Hedging Calculator,options-hedging-calculator,https://tools.yalla-calculator.co.uk/options-hedging-calculator/,calculator,True,
Order Fractions Calculator,order-fractions-calculator,https://tools.yalla-calculator.co.uk/order-fractions-calculator/,calculator,True,
Orifice Flow Calculator,orifice-flow-calculator,https://tools.yalla-calculator.co.uk/orifice-flow-calculator/,calculator,True,
Osb Calculator,osb-calculator,https://tools.yalla-calculator.co.uk/osb-calculator/,calculator,True,
Osmolality Calculator,osmolality-calculator,https://tools.yalla-calculator.co.uk/osmolality-calculator/,calculator,True,
Ounces To Cups Converter,ounces-to-cups-converter,https://tools.yalla-calculator.co.uk/ounces-to-cups-converter/,converter,True,
Ounces To Grams Converter,ounces-to-grams-converter,https://tools.yalla-calculator.co.uk/ounces-to-grams-converter/,converter,True,
Ounces To Milliliters Converter,ounces-to-milliliters-converter,https://tools.yalla-calculator.co.uk/ounces-to-milliliters-converter/,converter,True,
Outdoor Electrical Calculator,outdoor-electrical-calculator,https://tools.yalla-calculator.co.uk/outdoor-electrical-calculator/,calculator,True,
Outdoor Kitchen Calculator,outdoor-kitchen-calculator,https://tools.yalla-calculator.co.uk/outdoor-kitchen-calculator/,calculator,True,
Outdoor Kitchen Cost Calculator,outdoor-kitchen-cost-calculator,https://tools.yalla-calculator.co.uk/outdoor-kitchen-cost-calculator/,calculator,True,
Outlet Spacing Calculator,outlet-spacing-calculator,https://tools.yalla-calculator.co.uk/outlet-spacing-calculator/,calculator,True,
Oven Temperature Conversion Calculator,oven-temperature-conversion-calculator,https://tools.yalla-calculator.co.uk/oven-temperature-conversion-calculator/,calculator,True,
Over Limit Fee Calculator,over-limit-fee-calculator,https://tools.yalla-calculator.co.uk/over-limit-fee-calculator/,calculator,True,
Overall Cost Calculator,overall-cost-calculator,https://tools.yalla-calculator.co.uk/overall-cost-calculator/,calculator,True,
Overseeding Calculator,overseeding-calculator,https://tools.yalla-calculator.co.uk/overseeding-calculator/,calculator,True,
Overtime Calculator,overtime-calculator,https://tools.yalla-calculator.co.uk/overtime-calculator/,calculator,True,
Ovulation Calculator,ovulation-calculator,https://tools.yalla-calculator.co.uk/ovulation-calculator/,calculator,True,Health
Ovulation Calendar Calculator,ovulation-calendar-calculator,https://tools.yalla-calculator.co.uk/ovulation-calendar-calculator/,calculator,True,
Pace Calculator,pace-calculator,https://tools.yalla-calculator.co.uk/pace-calculator/,calculator,True,
Paint Calculator,paint-calculator,https://tools.yalla-calculator.co.uk/paint-calculator/,calculator,True,Construction
Paint Cost Calculator,paint-cost-calculator,https://tools.yalla-calculator.co.uk/paint-cost-calculator/,calculator,True,
Paint Coverage Calculator,paint-coverage-calculator,https://tools.yalla-calculator.co.uk/paint-coverage-calculator/,calculator,True,
Paint Gallons Calculator,paint-gallons-calculator,https://tools.yalla-calculator.co.uk/paint-gallons-calculator/,calculator,True,
Paint Lifespan Calculator,paint-lifespan-calculator,https://tools.yalla-calculator.co.uk/paint-lifespan-calculator/,calculator,True,
Paint Sheens Calculator,paint-sheens-calculator,https://tools.yalla-calculator.co.uk/paint-sheens-calculator/,calculator,True,
Paleo Calculator,paleo-calculator,https://tools.yalla-calculator.co.uk/paleo-calculator/,calculator,True,
Paleo Conversion Calculator,paleo-conversion-calculator,https://tools.yalla-calculator.co.uk/paleo-conversion-calculator/,calculator,True,Cooking
Palpitation Assessment Calculator,palpitation-assessment-calculator,https://tools.yalla-calculator.co.uk/palpitation-assessment-calculator/,calculator,True,
Pan Size Converter,pan-size-converter,https://tools.yalla-calculator.co.uk/pan-size-converter/,converter,True,Cooking
Panel Adhesive Calculator,panel-adhesive-calculator,https://tools.yalla-calculator.co.uk/panel-adhesive-calculator/,calculator,True,
Panel Layout Calculator,panel-layout-calculator,https://tools.yalla-calculator.co.uk/panel-layout-calculator/,calculator,True,
Panel Molding Calculator,panel-molding-calculator,https://tools.yalla-calculator.co.uk/panel-molding-calculator/,calculator,True,
Panic Attack Tracker,panic-attack-tracker,https://tools.yalla-calculator.co.uk/panic-attack-tracker/,tracker,True,
Parallel Circuit Calculator,parallel-circuit-calculator,https://tools.yalla-calculator.co.uk/parallel-circuit-calculator/,calculator,True,Electrical
Parental Benefits Calculator,parental-benefits-calculator,https://tools.yalla-calculator.co.uk/parental-benefits-calculator/,calculator,True,
Parental Leave Calculator,parental-leave-calculator,https://tools.yalla-calculator.co.uk/parental-leave-calculator/,calculator,True,
Partial Fractions Calculator,partial-fractions-calculator,https://tools.yalla-calculator.co.uk/partial-fractions-calculator/,calculator,True,
Partition Wall Calculator,partition-wall-calculator,https://tools.yalla-calculator.co.uk/partition-wall-calculator/,calculator,True,
Parts Cost Calculator,parts-cost-calculator,https://tools.yalla-calculator.co.uk/parts-cost-calculator/,calculator,True,
Parts Usage Calculator,parts-usage-calculator,https://tools.yalla-calculator.co.uk/parts-usage-calculator/,calculator,True,
Pascals To Atmospheres Converter,pascals-to-atmospheres-converter,https://tools.yalla-calculator.co.uk/pascals-to-atmospheres-converter/,converter,True,
Pascals To PSI Converter,pascals-to-psi-converter,https://tools.yalla-calculator.co.uk/pascals-to-psi-converter/,converter,True,
Pascals To Torr Converter,pascals-to-torr-converter,https://tools.yalla-calculator.co.uk/pascals-to-torr-converter/,converter,True,
Passive Income Calculator,passive-income-calculator,https://tools.yalla-calculator.co.uk/passive-income-calculator/,calculator,True,
Password Generator,password-generator,https://tools.yalla-calculator.co.uk/password-generator/,generator,True,
Past Age Calculator,past-age-calculator,https://tools.yalla-calculator.co.uk/past-age-calculator/,calculator,True,
Pasta Cooking Time Calculator,pasta-cooking-time-calculator,https://tools.yalla-calculator.co.uk/pasta-cooking-time-calculator/,calculator,True,Cooking
Patching Material Calculator,patching-material-calculator,https://tools.yalla-calculator.co.uk/patching-material-calculator/,calculator,True,
Paternity Leave Calculator,paternity-leave-calculator,https://tools.yalla-calculator.co.uk/paternity-leave-calculator/,calculator,True,
Pathway Lighting Calculator,pathway-lighting-calculator,https://tools.yalla-calculator.co.uk/pathway-lighting-calculator/,calculator,True,
Patio Calculator,patio-calculator,https://tools.yalla-calculator.co.uk/patio-calculator/,calculator,True,
Patio Cost Calculator,patio-cost-calculator,https://tools.yalla-calculator.co.uk/patio-cost-calculator/,calculator,True,
Patio Installation Cost Guide,patio-installation-cost-guide,https://tools.yalla-calculator.co.uk/patio-installation-cost-guide/,guide,True,
Patio Layout Calculator,patio-layout-calculator,https://tools.yalla-calculator.co.uk/patio-layout-calculator/,calculator,True,
Patio Lighting Calculator,patio-lighting-calculator,https://tools.yalla-calculator.co.uk/patio-lighting-calculator/,calculator,True,
Patio Material Calculator,patio-material-calculator,https://tools.yalla-calculator.co.uk/patio-material-calculator/,calculator,True,
Patio Slope Calculator,patio-slope-calculator,https://tools.yalla-calculator.co.uk/patio-slope-calculator/,calculator,True,
Pattern Waste Calculator,pattern-waste-calculator,https://tools.yalla-calculator.co.uk/pattern-waste-calculator/,calculator,True,
Paver Base Calculator 2,paver-base-calculator-2,https://tools.yalla-calculator.co.uk/paver-base-calculator-2/,calculator,True,
Paver Base Calculator,paver-base-calculator,https://tools.yalla-calculator.co.uk/paver-base-calculator/,calculator,True,Construction
Paver Calculator And Price Estimator,paver-calculator-and-price-estimator,https://tools.yalla-calculator.co.uk/paver-calculator-and-price-estimator/,calculator,True,Construction
Paver Calculator,paver-calculator,https://tools.yalla-calculator.co.uk/paver-calculator/,calculator,True,
Paver Cost Calculator,paver-cost-calculator,https://tools.yalla-calculator.co.uk/paver-cost-calculator/,calculator,True,
Paver Driveway Calculator,paver-driveway-calculator,https://tools.yalla-calculator.co.uk/paver-driveway-calculator/,calculator,True,
Paver Driveway Cost Guide,paver-driveway-cost-guide,https://tools.yalla-calculator.co.uk/paver-driveway-cost-guide/,guide,True,
Paver Pattern Calculator,paver-pattern-calculator,https://tools.yalla-calculator.co.uk/paver-pattern-calculator/,calculator,True,
Paver Quantity Calculator,paver-quantity-calculator,https://tools.yalla-calculator.co.uk/paver-quantity-calculator/,calculator,True,
Paver Sand Calculator,paver-sand-calculator,https://tools.yalla-calculator.co.uk/paver-sand-calculator/,calculator,True,
Pay Raise Calculator,pay-raise-calculator,https://tools.yalla-calculator.co.uk/pay-raise-calculator/,calculator,True,
Payback Period Calculator,payback-period-calculator,https://tools.yalla-calculator.co.uk/payback-period-calculator/,calculator,True,
Payment Allocation Calculator,payment-allocation-calculator,https://tools.yalla-calculator.co.uk/payment-allocation-calculator/,calculator,True,
Payment Schedule Calculator,payment-schedule-calculator,https://tools.yalla-calculator.co.uk/payment-schedule-calculator/,calculator,True,
Payoff Calculator,payoff-calculator,https://tools.yalla-calculator.co.uk/payoff-calculator/,calculator,True,
Payoff Strategy Comparison,payoff-strategy-comparison,https://tools.yalla-calculator.co.uk/payoff-strategy-comparison/,comparison,True,
Payoff Time Calculator,payoff-time-calculator,https://tools.yalla-calculator.co.uk/payoff-time-calculator/,calculator,True,
Payroll Calculator,payroll-calculator,https://tools.yalla-calculator.co.uk/payroll-calculator/,calculator,True,
Payroll Tax Calculator 2,payroll-tax-calculator-2,https://tools.yalla-calculator.co.uk/payroll-tax-calculator-2/,calculator,True,
Payroll Tax Calculator,payroll-tax-calculator,https://tools.yalla-calculator.co.uk/payroll-tax-calculator/,calculator,True,
Pea Gravel Calculator,pea-gravel-calculator,https://tools.yalla-calculator.co.uk/pea-gravel-calculator/,calculator,True,
Pediatric BMI Calculator,pediatric-bmi-calculator,https://tools.yalla-calculator.co.uk/pediatric-bmi-calculator/,calculator,True,
Pediatric Dose Calculator,pediatric-dose-calculator,https://tools.yalla-calculator.co.uk/pediatric-dose-calculator/,calculator,True,Health
Pediatric Gcs Calculator,pediatric-gcs-calculator,https://tools.yalla-calculator.co.uk/pediatric-gcs-calculator/,calculator,True,
Pediatric Risk Calculator,pediatric-risk-calculator,https://tools.yalla-calculator.co.uk/pediatric-risk-calculator/,calculator,True,
Pension Comparison Calculator,pension-comparison-calculator,https://tools.yalla-calculator.co.uk/pension-comparison-calculator/,calculator,True,
Pension Income Calculator,pension-income-calculator,https://tools.yalla-calculator.co.uk/pension-income-calculator/,calculator,True,
Pension Lump Sum Calculator,pension-lump-sum-calculator,https://tools.yalla-calculator.co.uk/pension-lump-sum-calculator/,calculator,True,
Pension Withdrawal Calculator,pension-withdrawal-calculator,https://tools.yalla-calculator.co.uk/pension-withdrawal-calculator/,calculator,True,
Perc Rule Calculator,perc-rule-calculator,https://tools.yalla-calculator.co.uk/perc-rule-calculator/,calculator,True,
Percent Error Calculator,percent-error-calculator,https://tools.yalla-calculator.co.uk/percent-error-calculator/,calculator,True,Math
Percent Off Calculator,percent-off-calculator,https://tools.yalla-calculator.co.uk/percent-off-calculator/,calculator,True,
Percent To Fraction Calculator,percent-to-fraction-calculator,https://tools.yalla-calculator.co.uk/percent-to-fraction-calculator/,calculator,True,Math
Percentage Calculators,percentage-calculators,https://tools.yalla-calculator.co.uk/percentage-calculators/,category,True,
Percentage Change Calculator,percentage-change-calculator,https://tools.yalla-calculator.co.uk/percentage-change-calculator/,calculator,True,
Percentage Decrease Calculator,percentage-decrease-calculator,https://tools.yalla-calculator.co.uk/percentage-decrease-calculator/,calculator,True,
Percentage Difference Calculator,percentage-difference-calculator,https://tools.yalla-calculator.co.uk/percentage-difference-calculator/,calculator,True,
Percentage Increase Calculator,percentage-increase-calculator,https://tools.yalla-calculator.co.uk/percentage-increase-calculator/,calculator,True,
Percentile Calculator,percentile-calculator,https://tools.yalla-calculator.co.uk/percentile-calculator/,calculator,True,Math
Performance Chip Calculator,performance-chip-calculator,https://tools.yalla-calculator.co.uk/performance-chip-calculator/,calculator,True,
Performance Comparison Calculator,performance-comparison-calculator,https://tools.yalla-calculator.co.uk/performance-comparison-calculator/,calculator,True,
Performance Enhancement Calculator,performance-enhancement-calculator,https://tools.yalla-calculator.co.uk/performance-enhancement-calculator/,calculator,True,
Performance Gain Calculator,performance-gain-calculator,https://tools.yalla-calculator.co.uk/performance-gain-calculator/,calculator,True,
Performance Metrics Calculator,performance-metrics-calculator,https://tools.yalla-calculator.co.uk/performance-metrics-calculator/,calculator,True,
Performance Prediction Calculator,performance-prediction-calculator,https://tools.yalla-calculator.co.uk/performance-prediction-calculator/,calculator,True,
Performance Tire Calculator,performance-tire-calculator,https://tools.yalla-calculator.co.uk/performance-tire-calculator/,calculator,True,
Pergola Calculator,pergola-calculator,https://tools.yalla-calculator.co.uk/pergola-calculator/,calculator,True,
Pergola Cost Guide,pergola-cost-guide,https://tools.yalla-calculator.co.uk/pergola-cost-guide/,guide,True,
Perimeter Calculator,perimeter-calculator,https://tools.yalla-calculator.co.uk/perimeter-calculator/,calculator,True,Math
Permit Calculator,permit-calculator,https://tools.yalla-calculator.co.uk/permit-calculator/,calculator,True,
Personal Loan Calculator,personal-loan-calculator,https://tools.yalla-calculator.co.uk/personal-loan-calculator/,calculator,True,Financial
Personal Loan Comparison Calculator,personal-loan-comparison-calculator,https://tools.yalla-calculator.co.uk/personal-loan-comparison-calculator/,calculator,True,
Personal Loan Interest Calculator,personal-loan-interest-calculator,https://tools.yalla-calculator.co.uk/personal-loan-interest-calculator/,calculator,True,
Pet Age Calculators,pet-age-calculators,https://tools.yalla-calculator.co.uk/pet-age-calculators/,category,True,
Pet Breeding Calculators,pet-breeding-calculators,https://tools.yalla-calculator.co.uk/pet-breeding-calculators/,category,True,
Pet Cost Calculators,pet-cost-calculators,https://tools.yalla-calculator.co.uk/pet-cost-calculators/,category,True,
Pet Exercise Calculators,pet-exercise-calculators,https://tools.yalla-calculator.co.uk/pet-exercise-calculators/,category,True,
Pet Grooming Calculators,pet-grooming-calculators,https://tools.yalla-calculator.co.uk/pet-grooming-calculators/,category,True,
Pet Health Calculators,pet-health-calculators,https://tools.yalla-calculator.co.uk/pet-health-calculators/,category,True,
Pet Nutrition Calculators,pet-nutrition-calculators,https://tools.yalla-calculator.co.uk/pet-nutrition-calculators/,category,True,
Pet Training Calculators,pet-training-calculators,https://tools.yalla-calculator.co.uk/pet-training-calculators/,category,True,
Pet Weight Calculators,pet-weight-calculators,https://tools.yalla-calculator.co.uk/pet-weight-calculators/,category,True,
Pets,pets,https://tools.yalla-calculator.co.uk/pets/,category,False,Financial
pH Calculator,ph-calculator,https://tools.yalla-calculator.co.uk/ph-calculator/,calculator,True,Science
Phased Retirement Calculator,phased-retirement-calculator,https://tools.yalla-calculator.co.uk/phased-retirement-calculator/,calculator,True,
Physics Calculators,physics-calculators,https://tools.yalla-calculator.co.uk/physics-calculators/,category,True,
Picket Count Calculator,picket-count-calculator,https://tools.yalla-calculator.co.uk/picket-count-calculator/,calculator,True,
Picket Fence Calculator,picket-fence-calculator,https://tools.yalla-calculator.co.uk/picket-fence-calculator/,calculator,True,
Picket Spacing Calculator,picket-spacing-calculator,https://tools.yalla-calculator.co.uk/picket-spacing-calculator/,calculator,True,
Pill Splitter Calculator,pill-splitter-calculator,https://tools.yalla-calculator.co.uk/pill-splitter-calculator/,calculator,True,
Pints To Cups Converter,pints-to-cups-converter,https://tools.yalla-calculator.co.uk/pints-to-cups-converter/,converter,True,
Pints To Liters Calculator,pints-to-liters-calculator,https://tools.yalla-calculator.co.uk/pints-to-liters-calculator/,calculator,True,
Pints To Quarts Converter,pints-to-quarts-converter,https://tools.yalla-calculator.co.uk/pints-to-quarts-converter/,converter,True,
Pip Calculator,pip-calculator,https://tools.yalla-calculator.co.uk/pip-calculator/,calculator,True,Financial
Pip Value Calculator,pip-value-calculator,https://tools.yalla-calculator.co.uk/pip-value-calculator/,calculator,True,
Pipe Expansion Calculator,pipe-expansion-calculator,https://tools.yalla-calculator.co.uk/pipe-expansion-calculator/,calculator,True,
Pipe Flow Calculator,pipe-flow-calculator,https://tools.yalla-calculator.co.uk/pipe-flow-calculator/,calculator,True,
Pipe Pressure Calculator,pipe-pressure-calculator,https://tools.yalla-calculator.co.uk/pipe-pressure-calculator/,calculator,True,
Pipe Size Calculator,pipe-size-calculator,https://tools.yalla-calculator.co.uk/pipe-size-calculator/,calculator,True,
Pipe Slope Calculator,pipe-slope-calculator,https://tools.yalla-calculator.co.uk/pipe-slope-calculator/,calculator,True,
Pipe Support Calculator,pipe-support-calculator,https://tools.yalla-calculator.co.uk/pipe-support-calculator/,calculator,True,
Pipe Velocity Calculator,pipe-velocity-calculator,https://tools.yalla-calculator.co.uk/pipe-velocity-calculator/,calculator,True,
Pipe Volume Calculator,pipe-volume-calculator,https://tools.yalla-calculator.co.uk/pipe-volume-calculator/,calculator,True,Construction
Pipe Weight Calculator,pipe-weight-calculator,https://tools.yalla-calculator.co.uk/pipe-weight-calculator/,calculator,True,
Pitch To Angle Calculator,pitch-to-angle-calculator,https://tools.yalla-calculator.co.uk/pitch-to-angle-calculator/,calculator,True,
Pizza,pizza,https://tools.yalla-calculator.co.uk/pizza/,page,False,
Plant And Flower Calculator,plant-and-flower-calculator,https://tools.yalla-calculator.co.uk/plant-and-flower-calculator/,calculator,True,Construction
Plant Arrangement Calculator,plant-arrangement-calculator,https://tools.yalla-calculator.co.uk/plant-arrangement-calculator/,calculator,True,
Plant Protein Calculator,plant-protein-calculator,https://tools.yalla-calculator.co.uk/plant-protein-calculator/,calculator,True,
Plant Spacing Calculator,plant-spacing-calculator,https://tools.yalla-calculator.co.uk/plant-spacing-calculator/,calculator,True,
Plant Watering Calculator,plant-watering-calculator,https://tools.yalla-calculator.co.uk/plant-watering-calculator/,calculator,True,
Planter Box Calculator,planter-box-calculator,https://tools.yalla-calculator.co.uk/planter-box-calculator/,calculator,True,
Planting Density Calculator,planting-density-calculator,https://tools.yalla-calculator.co.uk/planting-density-calculator/,calculator,True,
Plateau Breaker Calculator,plateau-breaker-calculator,https://tools.yalla-calculator.co.uk/plateau-breaker-calculator/,calculator,True,
Plateau Calculator,plateau-calculator,https://tools.yalla-calculator.co.uk/plateau-calculator/,calculator,True,
Plumbing Cost Guide,plumbing-cost-guide,https://tools.yalla-calculator.co.uk/plumbing-cost-guide/,guide,True,
Plumbing Hvac,plumbing-hvac,https://tools.yalla-calculator.co.uk/plumbing-hvac/,page,False,
Plumbing Leak Repair Cost Guide,plumbing-leak-repair-cost-guide,https://tools.yalla-calculator.co.uk/plumbing-leak-repair-cost-guide/,guide,True,
Plumbing Maintenance Calculator,plumbing-maintenance-calculator,https://tools.yalla-calculator.co.uk/plumbing-maintenance-calculator/,calculator,True,
Plywood Calculator,plywood-calculator,https://tools.yalla-calculator.co.uk/plywood-calculator/,calculator,True,Construction
Plywood Cutting Calculator,plywood-cutting-calculator,https://tools.yalla-calculator.co.uk/plywood-cutting-calculator/,calculator,True,
Plywood Panel Calculator,plywood-panel-calculator,https://tools.yalla-calculator.co.uk/plywood-panel-calculator/,calculator,True,
Plywood Sheathing Calculator,plywood-sheathing-calculator,https://tools.yalla-calculator.co.uk/plywood-sheathing-calculator/,calculator,True,Construction
Pmi Calculator,pmi-calculator,https://tools.yalla-calculator.co.uk/pmi-calculator/,calculator,True,Financial
Points Value Calculator,points-value-calculator,https://tools.yalla-calculator.co.uk/points-value-calculator/,calculator,True,
Polymeric Sand Calculator,polymeric-sand-calculator,https://tools.yalla-calculator.co.uk/polymeric-sand-calculator/,calculator,True,Construction
Pond Calculator,pond-calculator,https://tools.yalla-calculator.co.uk/pond-calculator/,calculator,True,
Pond Filter Calculator,pond-filter-calculator,https://tools.yalla-calculator.co.uk/pond-filter-calculator/,calculator,True,
Pond Liner Calculator,pond-liner-calculator,https://tools.yalla-calculator.co.uk/pond-liner-calculator/,calculator,True,
Pool Fence Calculator,pool-fence-calculator,https://tools.yalla-calculator.co.uk/pool-fence-calculator/,calculator,True,
Pool Volume Calculator,pool-volume-calculator,https://tools.yalla-calculator.co.uk/pool-volume-calculator/,calculator,True,Construction
Popcorn Ceiling Removal Cost Guide,popcorn-ceiling-removal-cost-guide,https://tools.yalla-calculator.co.uk/popcorn-ceiling-removal-cost-guide/,guide,True,
Portfolio Allocation Calculator,portfolio-allocation-calculator,https://tools.yalla-calculator.co.uk/portfolio-allocation-calculator/,calculator,True,
Portfolio Optimization Calculator,portfolio-optimization-calculator,https://tools.yalla-calculator.co.uk/portfolio-optimization-calculator/,calculator,True,
Portfolio Return Calculator,portfolio-return-calculator,https://tools.yalla-calculator.co.uk/portfolio-return-calculator/,calculator,True,Financial
Portion Calculator 2,portion-calculator-2,https://tools.yalla-calculator.co.uk/portion-calculator-2/,calculator,True,
Portion Calculator,portion-calculator,https://tools.yalla-calculator.co.uk/portion-calculator/,calculator,True,Cooking
Portion Control Calculator,portion-control-calculator,https://tools.yalla-calculator.co.uk/portion-control-calculator/,calculator,True,Cooking
Portion Size Calculator 2,portion-size-calculator-2,https://tools.yalla-calculator.co.uk/portion-size-calculator-2/,calculator,True,
Portion Size Calculator,portion-size-calculator,https://tools.yalla-calculator.co.uk/portion-size-calculator/,calculator,True,
Portion Storage Calculator,portion-storage-calculator,https://tools.yalla-calculator.co.uk/portion-storage-calculator/,calculator,True,Cooking
Position Size Calculator,position-size-calculator,https://tools.yalla-calculator.co.uk/position-size-calculator/,calculator,True,
Post Bracing Calculator,post-bracing-calculator,https://tools.yalla-calculator.co.uk/post-bracing-calculator/,calculator,True,
Post Exercise Glucose Calculator,post-exercise-glucose-calculator,https://tools.yalla-calculator.co.uk/post-exercise-glucose-calculator/,calculator,True,
Post Hole Calculator,post-hole-calculator,https://tools.yalla-calculator.co.uk/post-hole-calculator/,calculator,True,
Post Hole Concrete Calculator,post-hole-concrete-calculator,https://tools.yalla-calculator.co.uk/post-hole-concrete-calculator/,calculator,True,Construction
Post Hole Digger Calculator,post-hole-digger-calculator,https://tools.yalla-calculator.co.uk/post-hole-digger-calculator/,calculator,True,
Post Workout Calculator,post-workout-calculator,https://tools.yalla-calculator.co.uk/post-workout-calculator/,calculator,True,
Post Workout Recovery Calculator,post-workout-recovery-calculator,https://tools.yalla-calculator.co.uk/post-workout-recovery-calculator/,calculator,True,
Postpartum Diabetes Risk Calculator,postpartum-diabetes-risk-calculator,https://tools.yalla-calculator.co.uk/postpartum-diabetes-risk-calculator/,calculator,True,
Postpartum Recovery Calculator,postpartum-recovery-calculator,https://tools.yalla-calculator.co.uk/postpartum-recovery-calculator/,calculator,True,
Postpartum Weight Loss Calculator,postpartum-weight-loss-calculator,https://tools.yalla-calculator.co.uk/postpartum-weight-loss-calculator/,calculator,True,
Potting Soil Calculator,potting-soil-calculator,https://tools.yalla-calculator.co.uk/potting-soil-calculator/,calculator,True,
Poultry Cooking Calculator,poultry-cooking-calculator,https://tools.yalla-calculator.co.uk/poultry-cooking-calculator/,calculator,True,Cooking
Pounds To Kilograms Converter,pounds-to-kilograms-converter,https://tools.yalla-calculator.co.uk/pounds-to-kilograms-converter/,converter,True,
Pounds To Stones Converter,pounds-to-stones-converter,https://tools.yalla-calculator.co.uk/pounds-to-stones-converter/,converter,True,
Power Calculations,power-calculations,https://tools.yalla-calculator.co.uk/power-calculations/,page,False,
Power Calculator,power-calculator,https://tools.yalla-calculator.co.uk/power-calculator/,calculator,True,Electrical
Power Consumption Calculator,power-consumption-calculator,https://tools.yalla-calculator.co.uk/power-consumption-calculator/,calculator,True,
Power Converter,power-converter,https://tools.yalla-calculator.co.uk/power-converter/,converter,True,
Power Factor Calculator,power-factor-calculator,https://tools.yalla-calculator.co.uk/power-factor-calculator/,calculator,True,Electrical
Power Nap Calculator,power-nap-calculator,https://tools.yalla-calculator.co.uk/power-nap-calculator/,calculator,True,
Power Output Calculator,power-output-calculator,https://tools.yalla-calculator.co.uk/power-output-calculator/,calculator,True,
Power To Weight Calculator,power-to-weight-calculator,https://tools.yalla-calculator.co.uk/power-to-weight-calculator/,calculator,True,
Power Unit Converter,power-unit-converter,https://tools.yalla-calculator.co.uk/power-unit-converter/,converter,True,Automotive
Ppe Replacement Calculator,ppe-replacement-calculator,https://tools.yalla-calculator.co.uk/ppe-replacement-calculator/,calculator,True,
Pre Workout Calculator,pre-workout-calculator,https://tools.yalla-calculator.co.uk/pre-workout-calculator/,calculator,True,
Predictive Analytics Calculator,predictive-analytics-calculator,https://tools.yalla-calculator.co.uk/predictive-analytics-calculator/,calculator,True,
Preeclampsia Risk Calculator,preeclampsia-risk-calculator,https://tools.yalla-calculator.co.uk/preeclampsia-risk-calculator/,calculator,True,
Pregnancy Blood Pressure Tracker,pregnancy-blood-pressure-tracker,https://tools.yalla-calculator.co.uk/pregnancy-blood-pressure-tracker/,tracker,True,
Pregnancy Blood Sugar Calculator,pregnancy-blood-sugar-calculator,https://tools.yalla-calculator.co.uk/pregnancy-blood-sugar-calculator/,calculator,True,
Pregnancy Blood Test Calculator,pregnancy-blood-test-calculator,https://tools.yalla-calculator.co.uk/pregnancy-blood-test-calculator/,calculator,True,
Pregnancy BMI Calculator,pregnancy-bmi-calculator,https://tools.yalla-calculator.co.uk/pregnancy-bmi-calculator/,calculator,True,
Pregnancy Calculators,pregnancy-calculators,https://tools.yalla-calculator.co.uk/pregnancy-calculators/,category,True,
Pregnancy Calendar,pregnancy-calendar,https://tools.yalla-calculator.co.uk/pregnancy-calendar/,page,False,Health
Pregnancy Calorie Calculator,pregnancy-calorie-calculator,https://tools.yalla-calculator.co.uk/pregnancy-calorie-calculator/,calculator,True,
Pregnancy Chances Calculator,pregnancy-chances-calculator,https://tools.yalla-calculator.co.uk/pregnancy-chances-calculator/,calculator,True,
Pregnancy Complication Calculator,pregnancy-complication-calculator,https://tools.yalla-calculator.co.uk/pregnancy-complication-calculator/,calculator,True,
Pregnancy Conception Calculator,pregnancy-conception-calculator,https://tools.yalla-calculator.co.uk/pregnancy-conception-calculator/,calculator,True,
Pregnancy Countdown Calculator,pregnancy-countdown-calculator,https://tools.yalla-calculator.co.uk/pregnancy-countdown-calculator/,calculator,True,
Pregnancy Due Date Calculator 2,pregnancy-due-date-calculator-2,https://tools.yalla-calculator.co.uk/pregnancy-due-date-calculator-2/,calculator,True,
Pregnancy Due Date Calculator,pregnancy-due-date-calculator,https://tools.yalla-calculator.co.uk/pregnancy-due-date-calculator/,calculator,True,
Pregnancy Exercise Calculator,pregnancy-exercise-calculator,https://tools.yalla-calculator.co.uk/pregnancy-exercise-calculator/,calculator,True,
Pregnancy Insulin Calculator,pregnancy-insulin-calculator,https://tools.yalla-calculator.co.uk/pregnancy-insulin-calculator/,calculator,True,
Pregnancy Milestone Calculator,pregnancy-milestone-calculator,https://tools.yalla-calculator.co.uk/pregnancy-milestone-calculator/,calculator,True,
Pregnancy Nutrition Calculator,pregnancy-nutrition-calculator,https://tools.yalla-calculator.co.uk/pregnancy-nutrition-calculator/,calculator,True,
Pregnancy Progress Calculator,pregnancy-progress-calculator,https://tools.yalla-calculator.co.uk/pregnancy-progress-calculator/,calculator,True,
Pregnancy Risk Calculator,pregnancy-risk-calculator,https://tools.yalla-calculator.co.uk/pregnancy-risk-calculator/,calculator,True,
Pregnancy Timeline Calculator,pregnancy-timeline-calculator,https://tools.yalla-calculator.co.uk/pregnancy-timeline-calculator/,calculator,True,
Pregnancy Trimester Calculator,pregnancy-trimester-calculator,https://tools.yalla-calculator.co.uk/pregnancy-trimester-calculator/,calculator,True,
Pregnancy Ultrasound Calculator,pregnancy-ultrasound-calculator,https://tools.yalla-calculator.co.uk/pregnancy-ultrasound-calculator/,calculator,True,
Pregnancy Water Intake Calculator,pregnancy-water-intake-calculator,https://tools.yalla-calculator.co.uk/pregnancy-water-intake-calculator/,calculator,True,
Pregnancy Week Calculator,pregnancy-week-calculator,https://tools.yalla-calculator.co.uk/pregnancy-week-calculator/,calculator,True,Health
Pregnancy Weight Gain Calculator,pregnancy-weight-gain-calculator,https://tools.yalla-calculator.co.uk/pregnancy-weight-gain-calculator/,calculator,True,Health
Premium Card Calculator,premium-card-calculator,https://tools.yalla-calculator.co.uk/premium-card-calculator/,calculator,True,
Premium Comparison Calculator,premium-comparison-calculator,https://tools.yalla-calculator.co.uk/premium-comparison-calculator/,calculator,True,
Premium Drywall Calculator,premium-drywall-calculator,https://tools.yalla-calculator.co.uk/premium-drywall-calculator/,calculator,True,
Present Value Calculator,present-value-calculator,https://tools.yalla-calculator.co.uk/present-value-calculator/,calculator,True,
Pressure Conversion Calculator,pressure-conversion-calculator,https://tools.yalla-calculator.co.uk/pressure-conversion-calculator/,calculator,True,
Pressure Converter,pressure-converter,https://tools.yalla-calculator.co.uk/pressure-converter/,converter,True,
Pressure Drop Calculator,pressure-drop-calculator,https://tools.yalla-calculator.co.uk/pressure-drop-calculator/,calculator,True,
Pressure Test Calculator,pressure-test-calculator,https://tools.yalla-calculator.co.uk/pressure-test-calculator/,calculator,True,
Pressure Unit Converter,pressure-unit-converter,https://tools.yalla-calculator.co.uk/pressure-unit-converter/,converter,True,Automotive
Pressure Vessel Calculator,pressure-vessel-calculator,https://tools.yalla-calculator.co.uk/pressure-vessel-calculator/,calculator,True,
Pressure Washing Calculator,pressure-washing-calculator,https://tools.yalla-calculator.co.uk/pressure-washing-calculator/,calculator,True,
Preventive Care Calculator,preventive-care-calculator,https://tools.yalla-calculator.co.uk/preventive-care-calculator/,calculator,True,
Preventive Maintenance Cost Calculator,preventive-maintenance-cost-calculator,https://tools.yalla-calculator.co.uk/preventive-maintenance-cost-calculator/,calculator,True,
Price Per Square Foot Calculator 2,price-per-square-foot-calculator-2,https://tools.yalla-calculator.co.uk/price-per-square-foot-calculator-2/,calculator,True,
Price Per Square Foot Calculator,price-per-square-foot-calculator,https://tools.yalla-calculator.co.uk/price-per-square-foot-calculator/,calculator,True,
Price Volatility Calculator,price-volatility-calculator,https://tools.yalla-calculator.co.uk/price-volatility-calculator/,calculator,True,
Prime Number Calculator,prime-number-calculator,https://tools.yalla-calculator.co.uk/prime-number-calculator/,calculator,True,
Primer Calculator,primer-calculator,https://tools.yalla-calculator.co.uk/primer-calculator/,calculator,True,
Principal Vs Interest Calculator,principal-vs-interest-calculator,https://tools.yalla-calculator.co.uk/principal-vs-interest-calculator/,calculator,True,
Privacy Fence Calculator,privacy-fence-calculator,https://tools.yalla-calculator.co.uk/privacy-fence-calculator/,calculator,True,
Privacy Screen Calculator,privacy-screen-calculator,https://tools.yalla-calculator.co.uk/privacy-screen-calculator/,calculator,True,
Private Sale Vs Trade In Calculator,private-sale-vs-trade-in-calculator,https://tools.yalla-calculator.co.uk/private-sale-vs-trade-in-calculator/,calculator,True,
Probability Calculator,probability-calculator,https://tools.yalla-calculator.co.uk/probability-calculator/,calculator,True,Math
Productivity Calculator,productivity-calculator,https://tools.yalla-calculator.co.uk/productivity-calculator/,calculator,True,
Professional Development Calculator,professional-development-calculator,https://tools.yalla-calculator.co.uk/professional-development-calculator/,calculator,True,
Professional Indemnity Calculator,professional-indemnity-calculator,https://tools.yalla-calculator.co.uk/professional-indemnity-calculator/,calculator,True,
Profit Margin Calculator,profit-margin-calculator,https://tools.yalla-calculator.co.uk/profit-margin-calculator/,calculator,True,Financial
Progress Calculator,progress-calculator,https://tools.yalla-calculator.co.uk/progress-calculator/,calculator,True,
Progress Chart,progress-chart,https://tools.yalla-calculator.co.uk/progress-chart/,chart,True,
Progress Comparison Calculator,progress-comparison-calculator,https://tools.yalla-calculator.co.uk/progress-comparison-calculator/,calculator,True,
Progress Tracker Calculator,progress-tracker-calculator,https://tools.yalla-calculator.co.uk/progress-tracker-calculator/,calculator,True,
Progress Visualization Tool,progress-visualization-tool,https://tools.yalla-calculator.co.uk/progress-visualization-tool/,tool,True,
Project Budget Calculator,project-budget-calculator,https://tools.yalla-calculator.co.uk/project-budget-calculator/,calculator,True,
Project Timeline Calculator 2,project-timeline-calculator-2,https://tools.yalla-calculator.co.uk/project-timeline-calculator-2/,calculator,True,
Project Timeline Calculator,project-timeline-calculator,https://tools.yalla-calculator.co.uk/project-timeline-calculator/,calculator,True,
Propane Fuel Calculator,propane-fuel-calculator,https://tools.yalla-calculator.co.uk/propane-fuel-calculator/,calculator,True,
Property Line Calculator 2,property-line-calculator-2,https://tools.yalla-calculator.co.uk/property-line-calculator-2/,calculator,True,
Property Line Calculator,property-line-calculator,https://tools.yalla-calculator.co.uk/property-line-calculator/,calculator,True,
Property Management Calculator,property-management-calculator,https://tools.yalla-calculator.co.uk/property-management-calculator/,calculator,True,
Property Perimeter Calculator,property-perimeter-calculator,https://tools.yalla-calculator.co.uk/property-perimeter-calculator/,calculator,True,
Property Sale Tax Calculator,property-sale-tax-calculator,https://tools.yalla-calculator.co.uk/property-sale-tax-calculator/,calculator,True,
Property Survey Cost Guide,property-survey-cost-guide,https://tools.yalla-calculator.co.uk/property-survey-cost-guide/,guide,True,
Property Tax Band Calculator,property-tax-band-calculator,https://tools.yalla-calculator.co.uk/property-tax-band-calculator/,calculator,True,
Property Tax Calculator 2,property-tax-calculator-2,https://tools.yalla-calculator.co.uk/property-tax-calculator-2/,calculator,True,
Property Tax Calculator,property-tax-calculator,https://tools.yalla-calculator.co.uk/property-tax-calculator/,calculator,True,Financial
Property Valuation Calculator,property-valuation-calculator,https://tools.yalla-calculator.co.uk/property-valuation-calculator/,calculator,True,
Property Value Calculator,property-value-calculator,https://tools.yalla-calculator.co.uk/property-value-calculator/,calculator,True,
Proportion Calculator,proportion-calculator,https://tools.yalla-calculator.co.uk/proportion-calculator/,calculator,True,
Protein Calculator,protein-calculator,https://tools.yalla-calculator.co.uk/protein-calculator/,calculator,True,
Protein Intake Calculator,protein-intake-calculator,https://tools.yalla-calculator.co.uk/protein-intake-calculator/,calculator,True,
Protein Requirements Calculator,protein-requirements-calculator,https://tools.yalla-calculator.co.uk/protein-requirements-calculator/,calculator,True,
Protein Skimmer Calculator,protein-skimmer-calculator,https://tools.yalla-calculator.co.uk/protein-skimmer-calculator/,calculator,True,
Protein Synthesis Calculator,protein-synthesis-calculator,https://tools.yalla-calculator.co.uk/protein-synthesis-calculator/,calculator,True,
Protein Timing Calculator,protein-timing-calculator,https://tools.yalla-calculator.co.uk/protein-timing-calculator/,calculator,True,
Pruning Calculator,pruning-calculator,https://tools.yalla-calculator.co.uk/pruning-calculator/,calculator,True,
Ps To Hp Calculator,ps-to-hp-calculator,https://tools.yalla-calculator.co.uk/ps-to-hp-calculator/,calculator,True,
PSI To Atmospheres Converter,psi-to-atmospheres-converter,https://tools.yalla-calculator.co.uk/psi-to-atmospheres-converter/,converter,True,
PSI To Bars Calculator,psi-to-bars-calculator,https://tools.yalla-calculator.co.uk/psi-to-bars-calculator/,calculator,True,
PSI To Pascals Converter,psi-to-pascals-converter,https://tools.yalla-calculator.co.uk/psi-to-pascals-converter/,converter,True,
Psychological Resilience Test,psychological-resilience-test,https://tools.yalla-calculator.co.uk/psychological-resilience-test/,test,True,
Psychological Wellbeing Index,psychological-wellbeing-index,https://tools.yalla-calculator.co.uk/psychological-wellbeing-index/,index,True,
Public Charging Cost Calculator,public-charging-cost-calculator,https://tools.yalla-calculator.co.uk/public-charging-cost-calculator/,calculator,True,
Pulse Pressure Calculator,pulse-pressure-calculator,https://tools.yalla-calculator.co.uk/pulse-pressure-calculator/,calculator,True,
Pump Battery Calculator,pump-battery-calculator,https://tools.yalla-calculator.co.uk/pump-battery-calculator/,calculator,True,
Pump Calculator,pump-calculator,https://tools.yalla-calculator.co.uk/pump-calculator/,calculator,True,
Pump Curve Calculator,pump-curve-calculator,https://tools.yalla-calculator.co.uk/pump-curve-calculator/,calculator,True,
Pump Efficiency Calculator,pump-efficiency-calculator,https://tools.yalla-calculator.co.uk/pump-efficiency-calculator/,calculator,True,
Pump Flow Calculator,pump-flow-calculator,https://tools.yalla-calculator.co.uk/pump-flow-calculator/,calculator,True,
Pump Head Calculator,pump-head-calculator,https://tools.yalla-calculator.co.uk/pump-head-calculator/,calculator,True,
Pump Power Calculator,pump-power-calculator,https://tools.yalla-calculator.co.uk/pump-power-calculator/,calculator,True,
Pump Selection Calculator,pump-selection-calculator,https://tools.yalla-calculator.co.uk/pump-selection-calculator/,calculator,True,
Pump Sizing Calculator,pump-sizing-calculator,https://tools.yalla-calculator.co.uk/pump-sizing-calculator/,calculator,True,
Purchasing Power Parity Calculator,purchasing-power-parity-calculator,https://tools.yalla-calculator.co.uk/purchasing-power-parity-calculator/,calculator,True,
Pvc Roof Calculator,pvc-roof-calculator,https://tools.yalla-calculator.co.uk/pvc-roof-calculator/,calculator,True,
Pythagorean Theorem Calculator,pythagorean-theorem-calculator,https://tools.yalla-calculator.co.uk/pythagorean-theorem-calculator/,calculator,True,Math
Qrisk Calculator,qrisk-calculator,https://tools.yalla-calculator.co.uk/qrisk-calculator/,calculator,True,
Qt Interval Calculator,qt-interval-calculator,https://tools.yalla-calculator.co.uk/qt-interval-calculator/,calculator,True,
Quarter Mile Calculator,quarter-mile-calculator,https://tools.yalla-calculator.co.uk/quarter-mile-calculator/,calculator,True,
Quarts To Cups Converter,quarts-to-cups-converter,https://tools.yalla-calculator.co.uk/quarts-to-cups-converter/,converter,True,
Quarts To Gallons Calculator,quarts-to-gallons-calculator,https://tools.yalla-calculator.co.uk/quarts-to-gallons-calculator/,calculator,True,
Quarts To Liters Converter,quarts-to-liters-converter,https://tools.yalla-calculator.co.uk/quarts-to-liters-converter/,converter,True,
Quick Ratio Calculator,quick-ratio-calculator,https://tools.yalla-calculator.co.uk/quick-ratio-calculator/,calculator,True,
Quikrete Calculator,quikrete-calculator,https://tools.yalla-calculator.co.uk/quikrete-calculator/,calculator,True,
R Value Calculator,r-value-calculator,https://tools.yalla-calculator.co.uk/r-value-calculator/,calculator,True,
Raceway Fill Calculator,raceway-fill-calculator,https://tools.yalla-calculator.co.uk/raceway-fill-calculator/,calculator,True,Electrical
Racing Tire Calculator,racing-tire-calculator,https://tools.yalla-calculator.co.uk/racing-tire-calculator/,calculator,True,
Radiant Heat Calculator,radiant-heat-calculator,https://tools.yalla-calculator.co.uk/radiant-heat-calculator/,calculator,True,
Radiator Calculator,radiator-calculator,https://tools.yalla-calculator.co.uk/radiator-calculator/,calculator,True,
Rafter Length Calculator,rafter-length-calculator,https://tools.yalla-calculator.co.uk/rafter-length-calculator/,calculator,True,Construction
Rafter Spacing Calculator,rafter-spacing-calculator,https://tools.yalla-calculator.co.uk/rafter-spacing-calculator/,calculator,True,
Rail Calculator,rail-calculator,https://tools.yalla-calculator.co.uk/rail-calculator/,calculator,True,
Railing Post Calculator,railing-post-calculator,https://tools.yalla-calculator.co.uk/railing-post-calculator/,calculator,True,
Rainfall Calculator,rainfall-calculator,https://tools.yalla-calculator.co.uk/rainfall-calculator/,calculator,True,
Rainwater Calculator,rainwater-calculator,https://tools.yalla-calculator.co.uk/rainwater-calculator/,calculator,True,
Rainy Day Fund Calculator,rainy-day-fund-calculator,https://tools.yalla-calculator.co.uk/rainy-day-fund-calculator/,calculator,True,
Raised Bed Calculator,raised-bed-calculator,https://tools.yalla-calculator.co.uk/raised-bed-calculator/,calculator,True,
Raised Panel Cabinet Door Calculator,raised-panel-cabinet-door-calculator,https://tools.yalla-calculator.co.uk/raised-panel-cabinet-door-calculator/,calculator,True,Construction
Random Number Generator,random-number-generator,https://tools.yalla-calculator.co.uk/random-number-generator/,generator,True,
Rate And Term Refinance Calculator,rate-and-term-refinance-calculator,https://tools.yalla-calculator.co.uk/rate-and-term-refinance-calculator/,calculator,True,
Ratio Calculators,ratio-calculators,https://tools.yalla-calculator.co.uk/ratio-calculators/,category,True,
Ratio Simplification Calculator,ratio-simplification-calculator,https://tools.yalla-calculator.co.uk/ratio-simplification-calculator/,calculator,True,
Ratio To Fraction Calculator,ratio-to-fraction-calculator,https://tools.yalla-calculator.co.uk/ratio-to-fraction-calculator/,calculator,True,Math
Ready Mix Concrete Calculator,ready-mix-concrete-calculator,https://tools.yalla-calculator.co.uk/ready-mix-concrete-calculator/,calculator,True,
Real Estate Calculators,real-estate-calculators,https://tools.yalla-calculator.co.uk/real-estate-calculators/,category,True,
Real Estate Commission Calculator,real-estate-commission-calculator,https://tools.yalla-calculator.co.uk/real-estate-commission-calculator/,calculator,True,Financial
Real Exchange Rate Calculator,real-exchange-rate-calculator,https://tools.yalla-calculator.co.uk/real-exchange-rate-calculator/,calculator,True,
Real Return Calculator,real-return-calculator,https://tools.yalla-calculator.co.uk/real-return-calculator/,calculator,True,
Rebar Bend Calculator,rebar-bend-calculator,https://tools.yalla-calculator.co.uk/rebar-bend-calculator/,calculator,True,
Rebar Calculator,rebar-calculator,https://tools.yalla-calculator.co.uk/rebar-calculator/,calculator,True,
Rebar Cutting Calculator,rebar-cutting-calculator,https://tools.yalla-calculator.co.uk/rebar-cutting-calculator/,calculator,True,
Rebar Lap Splice Calculator,rebar-lap-splice-calculator,https://tools.yalla-calculator.co.uk/rebar-lap-splice-calculator/,calculator,True,
Rebar Material Calculator,rebar-material-calculator,https://tools.yalla-calculator.co.uk/rebar-material-calculator/,calculator,True,Construction
Rebar Spacing Calculator,rebar-spacing-calculator,https://tools.yalla-calculator.co.uk/rebar-spacing-calculator/,calculator,True,
Rebar Weight And Size Calculator,rebar-weight-and-size-calculator,https://tools.yalla-calculator.co.uk/rebar-weight-and-size-calculator/,calculator,True,Construction
Rebar Weight Calculator,rebar-weight-calculator,https://tools.yalla-calculator.co.uk/rebar-weight-calculator/,calculator,True,
Recessed Lighting Cost Guide,recessed-lighting-cost-guide,https://tools.yalla-calculator.co.uk/recessed-lighting-cost-guide/,guide,True,
Recipe Comparison Calculator,recipe-comparison-calculator,https://tools.yalla-calculator.co.uk/recipe-comparison-calculator/,calculator,True,
Recipe Converter,recipe-converter,https://tools.yalla-calculator.co.uk/recipe-converter/,converter,True,Cooking
Recipe Divider Calculator,recipe-divider-calculator,https://tools.yalla-calculator.co.uk/recipe-divider-calculator/,calculator,True,
Recipe Multiplier Calculator,recipe-multiplier-calculator,https://tools.yalla-calculator.co.uk/recipe-multiplier-calculator/,calculator,True,
Recipe Nutrition Calculator 2,recipe-nutrition-calculator-2,https://tools.yalla-calculator.co.uk/recipe-nutrition-calculator-2/,calculator,True,
Recipe Nutrition Calculator,recipe-nutrition-calculator,https://tools.yalla-calculator.co.uk/recipe-nutrition-calculator/,calculator,True,Cooking
Recipe Scale,recipe-scale,https://tools.yalla-calculator.co.uk/recipe-scale/,page,False,
Recipe Scaling Calculator,recipe-scaling-calculator,https://tools.yalla-calculator.co.uk/recipe-scaling-calculator/,calculator,True,
Recovery Milestone Tracker,recovery-milestone-tracker,https://tools.yalla-calculator.co.uk/recovery-milestone-tracker/,tracker,True,
Rectangle Calculator,rectangle-calculator,https://tools.yalla-calculator.co.uk/rectangle-calculator/,calculator,True,Math
Recurring Expenses Calculator,recurring-expenses-calculator,https://tools.yalla-calculator.co.uk/recurring-expenses-calculator/,calculator,True,
Redemption Value Calculator,redemption-value-calculator,https://tools.yalla-calculator.co.uk/redemption-value-calculator/,calculator,True,
Refinance Break Even Calculator,refinance-break-even-calculator,https://tools.yalla-calculator.co.uk/refinance-break-even-calculator/,calculator,True,
Refinance Calculator,refinance-calculator,https://tools.yalla-calculator.co.uk/refinance-calculator/,calculator,True,Financial
Refinance Comparison Calculator,refinance-comparison-calculator,https://tools.yalla-calculator.co.uk/refinance-comparison-calculator/,calculator,True,
Refinance Payment Calculator,refinance-payment-calculator,https://tools.yalla-calculator.co.uk/refinance-payment-calculator/,calculator,True,
Refinance Savings Calculator,refinance-savings-calculator,https://tools.yalla-calculator.co.uk/refinance-savings-calculator/,calculator,True,
Refrigerant Charge Calculator,refrigerant-charge-calculator,https://tools.yalla-calculator.co.uk/refrigerant-charge-calculator/,calculator,True,
Refrigerant Line Charge Calculator,refrigerant-line-charge-calculator,https://tools.yalla-calculator.co.uk/refrigerant-line-charge-calculator/,calculator,True,Construction
Refrigeration Cycle Calculator,refrigeration-cycle-calculator,https://tools.yalla-calculator.co.uk/refrigeration-cycle-calculator/,calculator,True,
Refrigeration Tonnage Calculator,refrigeration-tonnage-calculator,https://tools.yalla-calculator.co.uk/refrigeration-tonnage-calculator/,calculator,True,
Regional Fuel Cost Calculator,regional-fuel-cost-calculator,https://tools.yalla-calculator.co.uk/regional-fuel-cost-calculator/,calculator,True,
Regression Calculator,regression-calculator,https://tools.yalla-calculator.co.uk/regression-calculator/,calculator,True,
Regulatory Compliance Calculator,regulatory-compliance-calculator,https://tools.yalla-calculator.co.uk/regulatory-compliance-calculator/,calculator,True,
Reit Comparison Calculator,reit-comparison-calculator,https://tools.yalla-calculator.co.uk/reit-comparison-calculator/,calculator,True,
Reit Dividend Calculator,reit-dividend-calculator,https://tools.yalla-calculator.co.uk/reit-dividend-calculator/,calculator,True,
Reit Expense Ratio Calculator,reit-expense-ratio-calculator,https://tools.yalla-calculator.co.uk/reit-expense-ratio-calculator/,calculator,True,
Reit Income Calculator,reit-income-calculator,https://tools.yalla-calculator.co.uk/reit-income-calculator/,calculator,True,
Reit Performance Calculator,reit-performance-calculator,https://tools.yalla-calculator.co.uk/reit-performance-calculator/,calculator,True,
Reit ROI Calculator,reit-roi-calculator,https://tools.yalla-calculator.co.uk/reit-roi-calculator/,calculator,True,
Reit Tax Calculator,reit-tax-calculator,https://tools.yalla-calculator.co.uk/reit-tax-calculator/,calculator,True,
Reit Valuation Calculator,reit-valuation-calculator,https://tools.yalla-calculator.co.uk/reit-valuation-calculator/,calculator,True,
Relationship Boundary Planner,relationship-boundary-planner,https://tools.yalla-calculator.co.uk/relationship-boundary-planner/,planner,True,
Relationship Satisfaction Calculator,relationship-satisfaction-calculator,https://tools.yalla-calculator.co.uk/relationship-satisfaction-calculator/,calculator,True,
Reliability Analysis Calculator,reliability-analysis-calculator,https://tools.yalla-calculator.co.uk/reliability-analysis-calculator/,calculator,True,
Relocation Budget Calculator,relocation-budget-calculator,https://tools.yalla-calculator.co.uk/relocation-budget-calculator/,calculator,True,
Rem Sleep Calculator,rem-sleep-calculator,https://tools.yalla-calculator.co.uk/rem-sleep-calculator/,calculator,True,
Remaining Lifespan Calculator,remaining-lifespan-calculator,https://tools.yalla-calculator.co.uk/remaining-lifespan-calculator/,calculator,True,
Remittance Calculator,remittance-calculator,https://tools.yalla-calculator.co.uk/remittance-calculator/,calculator,True,
Renal Dose Adjustment Calculator,renal-dose-adjustment-calculator,https://tools.yalla-calculator.co.uk/renal-dose-adjustment-calculator/,calculator,True,
Renewable Fuel Calculator,renewable-fuel-calculator,https://tools.yalla-calculator.co.uk/renewable-fuel-calculator/,calculator,True,
Renovation Cost Calculator,renovation-cost-calculator,https://tools.yalla-calculator.co.uk/renovation-cost-calculator/,calculator,True,
Rent To Price Ratio Calculator,rent-to-price-ratio-calculator,https://tools.yalla-calculator.co.uk/rent-to-price-ratio-calculator/,calculator,True,
Rent Vs Buy Calculator,rent-vs-buy-calculator,https://tools.yalla-calculator.co.uk/rent-vs-buy-calculator/,calculator,True,Financial
Rental Cash Flow Calculator,rental-cash-flow-calculator,https://tools.yalla-calculator.co.uk/rental-cash-flow-calculator/,calculator,True,
Rental Income Tax Calculator,rental-income-tax-calculator,https://tools.yalla-calculator.co.uk/rental-income-tax-calculator/,calculator,True,
Rental Property Calculator,rental-property-calculator,https://tools.yalla-calculator.co.uk/rental-property-calculator/,calculator,True,Financial
Rental Yield Calculator,rental-yield-calculator,https://tools.yalla-calculator.co.uk/rental-yield-calculator/,calculator,True,
Renters Insurance Calculator,renters-insurance-calculator,https://tools.yalla-calculator.co.uk/renters-insurance-calculator/,calculator,True,
Reorder Point Calculator,reorder-point-calculator,https://tools.yalla-calculator.co.uk/reorder-point-calculator/,calculator,True,
Repair Cost Estimator,repair-cost-estimator,https://tools.yalla-calculator.co.uk/repair-cost-estimator/,estimator,True,
Repair Estimate Calculator,repair-estimate-calculator,https://tools.yalla-calculator.co.uk/repair-estimate-calculator/,calculator,True,
Repeating Decimal To Fraction Calculator,repeating-decimal-to-fraction-calculator,https://tools.yalla-calculator.co.uk/repeating-decimal-to-fraction-calculator/,calculator,True,
Replacement Cost Calculator,replacement-cost-calculator,https://tools.yalla-calculator.co.uk/replacement-cost-calculator/,calculator,True,
Replacement Part Calculator,replacement-part-calculator,https://tools.yalla-calculator.co.uk/replacement-part-calculator/,calculator,True,
Reporting Metrics Calculator,reporting-metrics-calculator,https://tools.yalla-calculator.co.uk/reporting-metrics-calculator/,calculator,True,
Required Minimum Distribution Calculator,required-minimum-distribution-calculator,https://tools.yalla-calculator.co.uk/required-minimum-distribution-calculator/,calculator,True,
Resale Value Calculator,resale-value-calculator,https://tools.yalla-calculator.co.uk/resale-value-calculator/,calculator,True,
Resilience Assessment Calculator,resilience-assessment-calculator,https://tools.yalla-calculator.co.uk/resilience-assessment-calculator/,calculator,True,
Resistor Color Code Calculator,resistor-color-code-calculator,https://tools.yalla-calculator.co.uk/resistor-color-code-calculator/,calculator,True,Electrical
Resource Allocation Calculator,resource-allocation-calculator,https://tools.yalla-calculator.co.uk/resource-allocation-calculator/,calculator,True,
Resource Efficiency Calculator,resource-efficiency-calculator,https://tools.yalla-calculator.co.uk/resource-efficiency-calculator/,calculator,True,
Resting Heart Rate Calculator,resting-heart-rate-calculator,https://tools.yalla-calculator.co.uk/resting-heart-rate-calculator/,calculator,True,Health
Restless Legs Calculator,restless-legs-calculator,https://tools.yalla-calculator.co.uk/restless-legs-calculator/,calculator,True,
Restoration Calculator,restoration-calculator,https://tools.yalla-calculator.co.uk/restoration-calculator/,calculator,True,
Retaining Wall Block Calculator,retaining-wall-block-calculator,https://tools.yalla-calculator.co.uk/retaining-wall-block-calculator/,calculator,True,
Retaining Wall Calculator,retaining-wall-calculator,https://tools.yalla-calculator.co.uk/retaining-wall-calculator/,calculator,True,Construction
Retaining Wall Cost Guide,retaining-wall-cost-guide,https://tools.yalla-calculator.co.uk/retaining-wall-cost-guide/,guide,True,
Retirement Age Calculator,retirement-age-calculator,https://tools.yalla-calculator.co.uk/retirement-age-calculator/,calculator,True,Health
Retirement Budget Calculator,retirement-budget-calculator,https://tools.yalla-calculator.co.uk/retirement-budget-calculator/,calculator,True,
Retirement Calculators,retirement-calculators,https://tools.yalla-calculator.co.uk/retirement-calculators/,category,True,
Retirement Cash Flow Calculator,retirement-cash-flow-calculator,https://tools.yalla-calculator.co.uk/retirement-cash-flow-calculator/,calculator,True,
Retirement Contribution Calculator,retirement-contribution-calculator,https://tools.yalla-calculator.co.uk/retirement-contribution-calculator/,calculator,True,
Retirement Countdown Calculator,retirement-countdown-calculator,https://tools.yalla-calculator.co.uk/retirement-countdown-calculator/,calculator,True,Time Date
Retirement Gap Calculator,retirement-gap-calculator,https://tools.yalla-calculator.co.uk/retirement-gap-calculator/,calculator,True,
Retirement Growth Calculator,retirement-growth-calculator,https://tools.yalla-calculator.co.uk/retirement-growth-calculator/,calculator,True,
Retirement Healthcare Calculator,retirement-healthcare-calculator,https://tools.yalla-calculator.co.uk/retirement-healthcare-calculator/,calculator,True,
Retirement Investment Calculator,retirement-investment-calculator,https://tools.yalla-calculator.co.uk/retirement-investment-calculator/,calculator,True,
Retirement Milestone Calculator,retirement-milestone-calculator,https://tools.yalla-calculator.co.uk/retirement-milestone-calculator/,calculator,True,
Retirement Needs Calculator,retirement-needs-calculator,https://tools.yalla-calculator.co.uk/retirement-needs-calculator/,calculator,True,
Retirement Planning Calculator,retirement-planning-calculator,https://tools.yalla-calculator.co.uk/retirement-planning-calculator/,calculator,True,
Retirement Readiness Calculator,retirement-readiness-calculator,https://tools.yalla-calculator.co.uk/retirement-readiness-calculator/,calculator,True,
Retirement Risk Calculator,retirement-risk-calculator,https://tools.yalla-calculator.co.uk/retirement-risk-calculator/,calculator,True,
Retirement Scenario Calculator,retirement-scenario-calculator,https://tools.yalla-calculator.co.uk/retirement-scenario-calculator/,calculator,True,
Retirement Tax Calculator,retirement-tax-calculator,https://tools.yalla-calculator.co.uk/retirement-tax-calculator/,calculator,True,
Retirement Timeline Calculator,retirement-timeline-calculator,https://tools.yalla-calculator.co.uk/retirement-timeline-calculator/,calculator,True,
Return On Assets Calculator,return-on-assets-calculator,https://tools.yalla-calculator.co.uk/return-on-assets-calculator/,calculator,True,
Return On Equity Calculator,return-on-equity-calculator,https://tools.yalla-calculator.co.uk/return-on-equity-calculator/,calculator,True,
Revenue Calculator,revenue-calculator,https://tools.yalla-calculator.co.uk/revenue-calculator/,calculator,True,
Reverse Diet Calculator,reverse-diet-calculator,https://tools.yalla-calculator.co.uk/reverse-diet-calculator/,calculator,True,
Reverse Mortgage Calculator,reverse-mortgage-calculator,https://tools.yalla-calculator.co.uk/reverse-mortgage-calculator/,calculator,True,Financial
Reverse VAT Calculator,reverse-vat-calculator,https://tools.yalla-calculator.co.uk/reverse-vat-calculator/,calculator,True,
Revised Trauma Score Calculator,revised-trauma-score-calculator,https://tools.yalla-calculator.co.uk/revised-trauma-score-calculator/,calculator,True,
Revolutions Per Mile Calculator,revolutions-per-mile-calculator,https://tools.yalla-calculator.co.uk/revolutions-per-mile-calculator/,calculator,True,
Rewards Comparison Calculator,rewards-comparison-calculator,https://tools.yalla-calculator.co.uk/rewards-comparison-calculator/,calculator,True,
Ridge Cap Calculator,ridge-cap-calculator,https://tools.yalla-calculator.co.uk/ridge-cap-calculator/,calculator,True,
Ridge Vent Calculator,ridge-vent-calculator,https://tools.yalla-calculator.co.uk/ridge-vent-calculator/,calculator,True,
Right Of Way Calculator,right-of-way-calculator,https://tools.yalla-calculator.co.uk/right-of-way-calculator/,calculator,True,
Rise Over Run,rise-over-run,https://tools.yalla-calculator.co.uk/rise-over-run/,page,False,
Risk Assessment Calculator,risk-assessment-calculator,https://tools.yalla-calculator.co.uk/risk-assessment-calculator/,calculator,True,
Risk Return Calculator,risk-return-calculator,https://tools.yalla-calculator.co.uk/risk-return-calculator/,calculator,True,
Risk Tolerance Calculator,risk-tolerance-calculator,https://tools.yalla-calculator.co.uk/risk-tolerance-calculator/,calculator,True,
Road Base Calculator,road-base-calculator,https://tools.yalla-calculator.co.uk/road-base-calculator/,calculator,True,
Road Trip Fuel Calculator,road-trip-fuel-calculator,https://tools.yalla-calculator.co.uk/road-trip-fuel-calculator/,calculator,True,
Roast Cooking Time Calculator,roast-cooking-time-calculator,https://tools.yalla-calculator.co.uk/roast-cooking-time-calculator/,calculator,True,Cooking
ROI Calculator,roi-calculator,https://tools.yalla-calculator.co.uk/roi-calculator/,calculator,True,Financial
ROI Property Calculator,roi-property-calculator,https://tools.yalla-calculator.co.uk/roi-property-calculator/,calculator,True,
Rolling Resistance Calculator,rolling-resistance-calculator,https://tools.yalla-calculator.co.uk/rolling-resistance-calculator/,calculator,True,
Roman Numeral Converter,roman-numeral-converter,https://tools.yalla-calculator.co.uk/roman-numeral-converter/,converter,True,
Roof Access Calculator,roof-access-calculator,https://tools.yalla-calculator.co.uk/roof-access-calculator/,calculator,True,
Roof Angle Calculator,roof-angle-calculator,https://tools.yalla-calculator.co.uk/roof-angle-calculator/,calculator,True,
Roof Area Calculator,roof-area-calculator,https://tools.yalla-calculator.co.uk/roof-area-calculator/,calculator,True,
Roof Cap Calculator,roof-cap-calculator,https://tools.yalla-calculator.co.uk/roof-cap-calculator/,calculator,True,
Roof Cost Calculator,roof-cost-calculator,https://tools.yalla-calculator.co.uk/roof-cost-calculator/,calculator,True,
Roof Coverage Calculator,roof-coverage-calculator,https://tools.yalla-calculator.co.uk/roof-coverage-calculator/,calculator,True,
Roof Decking Calculator,roof-decking-calculator,https://tools.yalla-calculator.co.uk/roof-decking-calculator/,calculator,True,
Roof Drainage Calculator,roof-drainage-calculator,https://tools.yalla-calculator.co.uk/roof-drainage-calculator/,calculator,True,
Roof Felt Calculator,roof-felt-calculator,https://tools.yalla-calculator.co.uk/roof-felt-calculator/,calculator,True,
Roof Financing Calculator,roof-financing-calculator,https://tools.yalla-calculator.co.uk/roof-financing-calculator/,calculator,True,
Roof Flashing Calculator,roof-flashing-calculator,https://tools.yalla-calculator.co.uk/roof-flashing-calculator/,calculator,True,
Roof Inspection Calculator,roof-inspection-calculator,https://tools.yalla-calculator.co.uk/roof-inspection-calculator/,calculator,True,
Roof Inspection Cost Guide,roof-inspection-cost-guide,https://tools.yalla-calculator.co.uk/roof-inspection-cost-guide/,guide,True,
Roof Measurement Calculator,roof-measurement-calculator,https://tools.yalla-calculator.co.uk/roof-measurement-calculator/,calculator,True,
Roof Pitch Calculator 2,roof-pitch-calculator-2,https://tools.yalla-calculator.co.uk/roof-pitch-calculator-2/,calculator,True,
Roof Pitch Calculator,roof-pitch-calculator,https://tools.yalla-calculator.co.uk/roof-pitch-calculator/,calculator,True,Construction
Roof Ponding Calculator,roof-ponding-calculator,https://tools.yalla-calculator.co.uk/roof-ponding-calculator/,calculator,True,
Roof Repair Cost Guide,roof-repair-cost-guide,https://tools.yalla-calculator.co.uk/roof-repair-cost-guide/,guide,True,
Roof Replacement Cost Calculator,roof-replacement-cost-calculator,https://tools.yalla-calculator.co.uk/roof-replacement-cost-calculator/,calculator,True,
Roof Replacement Cost Guide,roof-replacement-cost-guide,https://tools.yalla-calculator.co.uk/roof-replacement-cost-guide/,guide,True,
Roof Rise Calculator,roof-rise-calculator,https://tools.yalla-calculator.co.uk/roof-rise-calculator/,calculator,True,
Roof Run Calculator,roof-run-calculator,https://tools.yalla-calculator.co.uk/roof-run-calculator/,calculator,True,
Roof Scaffolding Calculator,roof-scaffolding-calculator,https://tools.yalla-calculator.co.uk/roof-scaffolding-calculator/,calculator,True,
Roof Sheathing Calculator,roof-sheathing-calculator,https://tools.yalla-calculator.co.uk/roof-sheathing-calculator/,calculator,True,
Roof Shingle Calculator,roof-shingle-calculator,https://tools.yalla-calculator.co.uk/roof-shingle-calculator/,calculator,True,
Roof Slope Calculator,roof-slope-calculator,https://tools.yalla-calculator.co.uk/roof-slope-calculator/,calculator,True,
Roof Snow Load Calculator,roof-snow-load-calculator,https://tools.yalla-calculator.co.uk/roof-snow-load-calculator/,calculator,True,Construction
Roof Square Footage Calculator,roof-square-footage-calculator,https://tools.yalla-calculator.co.uk/roof-square-footage-calculator/,calculator,True,
Roof Vent Calculator,roof-vent-calculator,https://tools.yalla-calculator.co.uk/roof-vent-calculator/,calculator,True,
Roof Ventilation Calculator,roof-ventilation-calculator,https://tools.yalla-calculator.co.uk/roof-ventilation-calculator/,calculator,True,
Roof Waste Calculator,roof-waste-calculator,https://tools.yalla-calculator.co.uk/roof-waste-calculator/,calculator,True,
Roofing Budget Calculator,roofing-budget-calculator,https://tools.yalla-calculator.co.uk/roofing-budget-calculator/,calculator,True,
Roofing Estimate Calculator,roofing-estimate-calculator,https://tools.yalla-calculator.co.uk/roofing-estimate-calculator/,calculator,True,
Roofing Labor Calculator,roofing-labor-calculator,https://tools.yalla-calculator.co.uk/roofing-labor-calculator/,calculator,True,
Roofing Material Calculator,roofing-material-calculator,https://tools.yalla-calculator.co.uk/roofing-material-calculator/,calculator,True,Construction
Roofing Material Cost Calculator,roofing-material-cost-calculator,https://tools.yalla-calculator.co.uk/roofing-material-cost-calculator/,calculator,True,
Roofing Nail Calculator,roofing-nail-calculator,https://tools.yalla-calculator.co.uk/roofing-nail-calculator/,calculator,True,
Roofing Productivity Calculator,roofing-productivity-calculator,https://tools.yalla-calculator.co.uk/roofing-productivity-calculator/,calculator,True,
Roofing Quote Calculator,roofing-quote-calculator,https://tools.yalla-calculator.co.uk/roofing-quote-calculator/,calculator,True,
Roofing Safety Calculator,roofing-safety-calculator,https://tools.yalla-calculator.co.uk/roofing-safety-calculator/,calculator,True,
Roofing,roofing,https://tools.yalla-calculator.co.uk/roofing/,page,False,
Room Measurement Calculator,room-measurement-calculator,https://tools.yalla-calculator.co.uk/room-measurement-calculator/,calculator,True,
Room Painting Cost Guide,room-painting-cost-guide,https://tools.yalla-calculator.co.uk/room-painting-cost-guide/,guide,True,
Rotational Inertia Calculator,rotational-inertia-calculator,https://tools.yalla-calculator.co.uk/rotational-inertia-calculator/,calculator,True,
Rotational Mass Calculator,rotational-mass-calculator,https://tools.yalla-calculator.co.uk/rotational-mass-calculator/,calculator,True,
Roth Conversion Calculator,roth-conversion-calculator,https://tools.yalla-calculator.co.uk/roth-conversion-calculator/,calculator,True,
Roth Ira Calculator,roth-ira-calculator,https://tools.yalla-calculator.co.uk/roth-ira-calculator/,calculator,True,
Route Efficiency Calculator,route-efficiency-calculator,https://tools.yalla-calculator.co.uk/route-efficiency-calculator/,calculator,True,
Route Optimization Calculator,route-optimization-calculator,https://tools.yalla-calculator.co.uk/route-optimization-calculator/,calculator,True,
Rpm Calculator,rpm-calculator,https://tools.yalla-calculator.co.uk/rpm-calculator/,calculator,True,
Rr Interval Calculator,rr-interval-calculator,https://tools.yalla-calculator.co.uk/rr-interval-calculator/,calculator,True,
Rule Of 72 Calculator,rule-of-72-calculator,https://tools.yalla-calculator.co.uk/rule-of-72-calculator/,calculator,True,
Running Calculator,running-calculator,https://tools.yalla-calculator.co.uk/running-calculator/,calculator,True,
Running Calorie Calculator,running-calorie-calculator,https://tools.yalla-calculator.co.uk/running-calorie-calculator/,calculator,True,
Running Pace Calculator,running-pace-calculator,https://tools.yalla-calculator.co.uk/running-pace-calculator/,calculator,True,Health
Safety Certification Calculator,safety-certification-calculator,https://tools.yalla-calculator.co.uk/safety-certification-calculator/,calculator,True,
Safety Equipment Calculator,safety-equipment-calculator,https://tools.yalla-calculator.co.uk/safety-equipment-calculator/,calculator,True,
Safety Inspection Schedule Calculator,safety-inspection-schedule-calculator,https://tools.yalla-calculator.co.uk/safety-inspection-schedule-calculator/,calculator,True,
Safety Plan Generator,safety-plan-generator,https://tools.yalla-calculator.co.uk/safety-plan-generator/,generator,True,
Safety Training Calculator,safety-training-calculator,https://tools.yalla-calculator.co.uk/safety-training-calculator/,calculator,True,
Sakrete Calculator,sakrete-calculator,https://tools.yalla-calculator.co.uk/sakrete-calculator/,calculator,True,
Salary Calculator,salary-calculator,https://tools.yalla-calculator.co.uk/salary-calculator/,calculator,True,Financial
Sales Forecast Calculator,sales-forecast-calculator,https://tools.yalla-calculator.co.uk/sales-forecast-calculator/,calculator,True,
Sales Tax Calculator,sales-tax-calculator,https://tools.yalla-calculator.co.uk/sales-tax-calculator/,calculator,True,
Salt Concentration Calculator,salt-concentration-calculator,https://tools.yalla-calculator.co.uk/salt-concentration-calculator/,calculator,True,
Sand Calculator Concrete,sand-calculator-concrete,https://tools.yalla-calculator.co.uk/sand-calculator-concrete/,calculator,True,
Sand Calculator,sand-calculator,https://tools.yalla-calculator.co.uk/sand-calculator/,calculator,True,Construction
Savings Account Calculator,savings-account-calculator,https://tools.yalla-calculator.co.uk/savings-account-calculator/,calculator,True,Financial
Savings Account Comparison Calculator,savings-account-comparison-calculator,https://tools.yalla-calculator.co.uk/savings-account-comparison-calculator/,calculator,True,
Savings Account Fees Calculator,savings-account-fees-calculator,https://tools.yalla-calculator.co.uk/savings-account-fees-calculator/,calculator,True,
Savings Account Growth Calculator,savings-account-growth-calculator,https://tools.yalla-calculator.co.uk/savings-account-growth-calculator/,calculator,True,
Savings Calculators,savings-calculators,https://tools.yalla-calculator.co.uk/savings-calculators/,category,True,
Savings Challenge Calculator,savings-challenge-calculator,https://tools.yalla-calculator.co.uk/savings-challenge-calculator/,calculator,True,
Savings Goal Calculator,savings-goal-calculator,https://tools.yalla-calculator.co.uk/savings-goal-calculator/,calculator,True,Financial
Savings Growth Calculator,savings-growth-calculator,https://tools.yalla-calculator.co.uk/savings-growth-calculator/,calculator,True,
Savings Progress Calculator,savings-progress-calculator,https://tools.yalla-calculator.co.uk/savings-progress-calculator/,calculator,True,
Savings Rate Calculator,savings-rate-calculator,https://tools.yalla-calculator.co.uk/savings-rate-calculator/,calculator,True,
Savings Time Calculator,savings-time-calculator,https://tools.yalla-calculator.co.uk/savings-time-calculator/,calculator,True,
Savings Timeline Calculator,savings-timeline-calculator,https://tools.yalla-calculator.co.uk/savings-timeline-calculator/,calculator,True,
Sba Loan Calculator,sba-loan-calculator,https://tools.yalla-calculator.co.uk/sba-loan-calculator/,calculator,True,Financial
Scaffolding Calculator,scaffolding-calculator,https://tools.yalla-calculator.co.uk/scaffolding-calculator/,calculator,True,
Scale Calculator,scale-calculator,https://tools.yalla-calculator.co.uk/scale-calculator/,calculator,True,
Scale Conversion Calculator,scale-conversion-calculator,https://tools.yalla-calculator.co.uk/scale-conversion-calculator/,calculator,True,Construction
Scale Factor Calculator,scale-factor-calculator,https://tools.yalla-calculator.co.uk/scale-factor-calculator/,calculator,True,
Scholarship Calculator,scholarship-calculator,https://tools.yalla-calculator.co.uk/scholarship-calculator/,calculator,True,
School Size Calculator,school-size-calculator,https://tools.yalla-calculator.co.uk/school-size-calculator/,calculator,True,
Science,science,https://tools.yalla-calculator.co.uk/science/,category,False,Financial
Scientific Calculator,scientific-calculator,https://tools.yalla-calculator.co.uk/scientific-calculator/,calculator,True,Math
Screed Calculator,screed-calculator,https://tools.yalla-calculator.co.uk/screed-calculator/,calculator,True,
Seasonal Depression Assessment,seasonal-depression-assessment,https://tools.yalla-calculator.co.uk/seasonal-depression-assessment/,assessment,True,
Seasonal Maintenance Calculator,seasonal-maintenance-calculator,https://tools.yalla-calculator.co.uk/seasonal-maintenance-calculator/,calculator,True,
Seasonal Planting Calculator,seasonal-planting-calculator,https://tools.yalla-calculator.co.uk/seasonal-planting-calculator/,calculator,True,
Second Home Tax Calculator,second-home-tax-calculator,https://tools.yalla-calculator.co.uk/second-home-tax-calculator/,calculator,True,
Seconds To Minutes Converter,seconds-to-minutes-converter,https://tools.yalla-calculator.co.uk/seconds-to-minutes-converter/,converter,True,
Secured Card Calculator,secured-card-calculator,https://tools.yalla-calculator.co.uk/secured-card-calculator/,calculator,True,
Security Fence Calculator,security-fence-calculator,https://tools.yalla-calculator.co.uk/security-fence-calculator/,calculator,True,
Seed Calculator,seed-calculator,https://tools.yalla-calculator.co.uk/seed-calculator/,calculator,True,
Self Assessment Tax Calculator,self-assessment-tax-calculator,https://tools.yalla-calculator.co.uk/self-assessment-tax-calculator/,calculator,True,
Self Care Budget Calculator,self-care-budget-calculator,https://tools.yalla-calculator.co.uk/self-care-budget-calculator/,calculator,True,
Self Care Planner,self-care-planner,https://tools.yalla-calculator.co.uk/self-care-planner/,planner,True,
Self Employment Tax Calculator,self-employment-tax-calculator,https://tools.yalla-calculator.co.uk/self-employment-tax-calculator/,calculator,True,Financial
Self Leveling Compound Calculator,self-leveling-compound-calculator,https://tools.yalla-calculator.co.uk/self-leveling-compound-calculator/,calculator,True,
Sensor Life Calculator,sensor-life-calculator,https://tools.yalla-calculator.co.uk/sensor-life-calculator/,calculator,True,
Series Circuit Calculator,series-circuit-calculator,https://tools.yalla-calculator.co.uk/series-circuit-calculator/,calculator,True,Electrical
Service Entrance Calculator,service-entrance-calculator,https://tools.yalla-calculator.co.uk/service-entrance-calculator/,calculator,True,Electrical
Service Interval Calculator,service-interval-calculator,https://tools.yalla-calculator.co.uk/service-interval-calculator/,calculator,True,
Serving Size Calculator,serving-size-calculator,https://tools.yalla-calculator.co.uk/serving-size-calculator/,calculator,True,Cooking
Set Point Calculator,set-point-calculator,https://tools.yalla-calculator.co.uk/set-point-calculator/,calculator,True,
Setback Calculator,setback-calculator,https://tools.yalla-calculator.co.uk/setback-calculator/,calculator,True,
Sewer Pipe Calculator,sewer-pipe-calculator,https://tools.yalla-calculator.co.uk/sewer-pipe-calculator/,calculator,True,
Sglt2 Inhibitor Calculator,sglt2-inhibitor-calculator,https://tools.yalla-calculator.co.uk/sglt2-inhibitor-calculator/,calculator,True,
Shared Parental Leave Calculator,shared-parental-leave-calculator,https://tools.yalla-calculator.co.uk/shared-parental-leave-calculator/,calculator,True,
Sharpe Ratio Calculator,sharpe-ratio-calculator,https://tools.yalla-calculator.co.uk/sharpe-ratio-calculator/,calculator,True,
Sheet Vinyl Calculator,sheet-vinyl-calculator,https://tools.yalla-calculator.co.uk/sheet-vinyl-calculator/,calculator,True,
Shelf Life Calculator,shelf-life-calculator,https://tools.yalla-calculator.co.uk/shelf-life-calculator/,calculator,True,Cooking
Shingle Bundle Calculator,shingle-bundle-calculator,https://tools.yalla-calculator.co.uk/shingle-bundle-calculator/,calculator,True,
Shingle Calculator,shingle-calculator,https://tools.yalla-calculator.co.uk/shingle-calculator/,calculator,True,
Shingle Square Calculator,shingle-square-calculator,https://tools.yalla-calculator.co.uk/shingle-square-calculator/,calculator,True,
Shiplap Calculator,shiplap-calculator,https://tools.yalla-calculator.co.uk/shiplap-calculator/,calculator,True,
Shirt Size Calculator,shirt-size-calculator,https://tools.yalla-calculator.co.uk/shirt-size-calculator/,calculator,True,
Short Circuit Calculator,short-circuit-calculator,https://tools.yalla-calculator.co.uk/short-circuit-calculator/,calculator,True,Electrical
Shoulder To Waist Ratio Calculator,shoulder-to-waist-ratio-calculator,https://tools.yalla-calculator.co.uk/shoulder-to-waist-ratio-calculator/,calculator,True,
Shower Installation Cost Guide,shower-installation-cost-guide,https://tools.yalla-calculator.co.uk/shower-installation-cost-guide/,guide,True,
Shrub Calculator,shrub-calculator,https://tools.yalla-calculator.co.uk/shrub-calculator/,calculator,True,
Siding Accent Wall Calculator,siding-accent-wall-calculator,https://tools.yalla-calculator.co.uk/siding-accent-wall-calculator/,calculator,True,
Siding Area Calculator,siding-area-calculator,https://tools.yalla-calculator.co.uk/siding-area-calculator/,calculator,True,
Siding Budget Calculator,siding-budget-calculator,https://tools.yalla-calculator.co.uk/siding-budget-calculator/,calculator,True,
Siding Budget Tracker,siding-budget-tracker,https://tools.yalla-calculator.co.uk/siding-budget-tracker/,tracker,True,
Siding Carbon Footprint Calculator,siding-carbon-footprint-calculator,https://tools.yalla-calculator.co.uk/siding-carbon-footprint-calculator/,calculator,True,
Siding Color Coordination Calculator,siding-color-coordination-calculator,https://tools.yalla-calculator.co.uk/siding-color-coordination-calculator/,calculator,True,
Siding Color Visualizer,siding-color-visualizer,https://tools.yalla-calculator.co.uk/siding-color-visualizer/,visualizer,True,
Siding Contractor Calculator,siding-contractor-calculator,https://tools.yalla-calculator.co.uk/siding-contractor-calculator/,calculator,True,
Siding Coordination Calculator,siding-coordination-calculator,https://tools.yalla-calculator.co.uk/siding-coordination-calculator/,calculator,True,
Siding Corner Posts Calculator,siding-corner-posts-calculator,https://tools.yalla-calculator.co.uk/siding-corner-posts-calculator/,calculator,True,
Siding Cost Calculator,siding-cost-calculator,https://tools.yalla-calculator.co.uk/siding-cost-calculator/,calculator,True,
Siding Cost Comparison Calculator,siding-cost-comparison-calculator,https://tools.yalla-calculator.co.uk/siding-cost-comparison-calculator/,calculator,True,
Siding Crew Size Calculator,siding-crew-size-calculator,https://tools.yalla-calculator.co.uk/siding-crew-size-calculator/,calculator,True,
Siding Damage Assessment Calculator,siding-damage-assessment-calculator,https://tools.yalla-calculator.co.uk/siding-damage-assessment-calculator/,calculator,True,
Siding Design Calculator,siding-design-calculator,https://tools.yalla-calculator.co.uk/siding-design-calculator/,calculator,True,
Siding Durability Calculator,siding-durability-calculator,https://tools.yalla-calculator.co.uk/siding-durability-calculator/,calculator,True,
Siding Eco Friendly Calculator,siding-eco-friendly-calculator,https://tools.yalla-calculator.co.uk/siding-eco-friendly-calculator/,calculator,True,
Siding Energy Efficiency Calculator,siding-energy-efficiency-calculator,https://tools.yalla-calculator.co.uk/siding-energy-efficiency-calculator/,calculator,True,
Siding Energy Savings Calculator,siding-energy-savings-calculator,https://tools.yalla-calculator.co.uk/siding-energy-savings-calculator/,calculator,True,
Siding Fasteners Calculator,siding-fasteners-calculator,https://tools.yalla-calculator.co.uk/siding-fasteners-calculator/,calculator,True,
Siding Financing Calculator,siding-financing-calculator,https://tools.yalla-calculator.co.uk/siding-financing-calculator/,calculator,True,
Siding Flashing Calculator,siding-flashing-calculator,https://tools.yalla-calculator.co.uk/siding-flashing-calculator/,calculator,True,
Siding House Wrap Calculator,siding-house-wrap-calculator,https://tools.yalla-calculator.co.uk/siding-house-wrap-calculator/,calculator,True,
Siding Inspection Calculator,siding-inspection-calculator,https://tools.yalla-calculator.co.uk/siding-inspection-calculator/,calculator,True,
Siding Installation Cost Calculator,siding-installation-cost-calculator,https://tools.yalla-calculator.co.uk/siding-installation-cost-calculator/,calculator,True,
Siding Installation Cost Guide,siding-installation-cost-guide,https://tools.yalla-calculator.co.uk/siding-installation-cost-guide/,guide,True,
Siding Installation Time Calculator,siding-installation-time-calculator,https://tools.yalla-calculator.co.uk/siding-installation-time-calculator/,calculator,True,
Siding Insulation Calculator,siding-insulation-calculator,https://tools.yalla-calculator.co.uk/siding-insulation-calculator/,calculator,True,
Siding Insulation Value Calculator,siding-insulation-value-calculator,https://tools.yalla-calculator.co.uk/siding-insulation-value-calculator/,calculator,True,
Siding J Channel Calculator,siding-j-channel-calculator,https://tools.yalla-calculator.co.uk/siding-j-channel-calculator/,calculator,True,
Siding Labor Cost Calculator,siding-labor-cost-calculator,https://tools.yalla-calculator.co.uk/siding-labor-cost-calculator/,calculator,True,
Siding Leed Points Calculator,siding-leed-points-calculator,https://tools.yalla-calculator.co.uk/siding-leed-points-calculator/,calculator,True,
Siding Lifespan Calculator,siding-lifespan-calculator,https://tools.yalla-calculator.co.uk/siding-lifespan-calculator/,calculator,True,
Siding Linear Feet Calculator,siding-linear-feet-calculator,https://tools.yalla-calculator.co.uk/siding-linear-feet-calculator/,calculator,True,
Siding Maintenance Cost Calculator,siding-maintenance-cost-calculator,https://tools.yalla-calculator.co.uk/siding-maintenance-cost-calculator/,calculator,True,
Siding Maintenance Schedule Calculator,siding-maintenance-schedule-calculator,https://tools.yalla-calculator.co.uk/siding-maintenance-schedule-calculator/,calculator,True,
Siding Material Calculator,siding-material-calculator,https://tools.yalla-calculator.co.uk/siding-material-calculator/,calculator,True,Construction
Siding Material Comparison Calculator,siding-material-comparison-calculator,https://tools.yalla-calculator.co.uk/siding-material-comparison-calculator/,calculator,True,
Siding Material Cost Calculator,siding-material-cost-calculator,https://tools.yalla-calculator.co.uk/siding-material-cost-calculator/,calculator,True,
Siding Mold Remediation Calculator,siding-mold-remediation-calculator,https://tools.yalla-calculator.co.uk/siding-mold-remediation-calculator/,calculator,True,
Siding Nails Calculator,siding-nails-calculator,https://tools.yalla-calculator.co.uk/siding-nails-calculator/,calculator,True,
Siding Panels Calculator,siding-panels-calculator,https://tools.yalla-calculator.co.uk/siding-panels-calculator/,calculator,True,
Siding Patch Calculator,siding-patch-calculator,https://tools.yalla-calculator.co.uk/siding-patch-calculator/,calculator,True,
Siding Pattern Calculator,siding-pattern-calculator,https://tools.yalla-calculator.co.uk/siding-pattern-calculator/,calculator,True,
Siding Permit Calculator,siding-permit-calculator,https://tools.yalla-calculator.co.uk/siding-permit-calculator/,calculator,True,
Siding Power Wash Cost Guide,siding-power-wash-cost-guide,https://tools.yalla-calculator.co.uk/siding-power-wash-cost-guide/,guide,True,
Siding Price Per Square Foot Calculator,siding-price-per-square-foot-calculator,https://tools.yalla-calculator.co.uk/siding-price-per-square-foot-calculator/,calculator,True,
Siding Project Planner,siding-project-planner,https://tools.yalla-calculator.co.uk/siding-project-planner/,planner,True,
Siding Project Timeline Calculator,siding-project-timeline-calculator,https://tools.yalla-calculator.co.uk/siding-project-timeline-calculator/,calculator,True,
Siding R Value Calculator,siding-r-value-calculator,https://tools.yalla-calculator.co.uk/siding-r-value-calculator/,calculator,True,
Siding Recycled Content Calculator,siding-recycled-content-calculator,https://tools.yalla-calculator.co.uk/siding-recycled-content-calculator/,calculator,True,
Siding Repair Cost Calculator,siding-repair-cost-calculator,https://tools.yalla-calculator.co.uk/siding-repair-cost-calculator/,calculator,True,
Siding Repair Cost Guide,siding-repair-cost-guide,https://tools.yalla-calculator.co.uk/siding-repair-cost-guide/,guide,True,
Siding Replacement Calculator,siding-replacement-calculator,https://tools.yalla-calculator.co.uk/siding-replacement-calculator/,calculator,True,
Siding Replacement Cost Calculator,siding-replacement-cost-calculator,https://tools.yalla-calculator.co.uk/siding-replacement-cost-calculator/,calculator,True,
Siding Resale Value Calculator,siding-resale-value-calculator,https://tools.yalla-calculator.co.uk/siding-resale-value-calculator/,calculator,True,
Siding ROI Calculator,siding-roi-calculator,https://tools.yalla-calculator.co.uk/siding-roi-calculator/,calculator,True,
Siding Scaffolding Calculator,siding-scaffolding-calculator,https://tools.yalla-calculator.co.uk/siding-scaffolding-calculator/,calculator,True,
Siding Shutters Calculator,siding-shutters-calculator,https://tools.yalla-calculator.co.uk/siding-shutters-calculator/,calculator,True,
Siding Square Footage Calculator,siding-square-footage-calculator,https://tools.yalla-calculator.co.uk/siding-square-footage-calculator/,calculator,True,
Siding Style Calculator,siding-style-calculator,https://tools.yalla-calculator.co.uk/siding-style-calculator/,calculator,True,
Siding Sustainability Calculator,siding-sustainability-calculator,https://tools.yalla-calculator.co.uk/siding-sustainability-calculator/,calculator,True,
Siding Timeline Calculator,siding-timeline-calculator,https://tools.yalla-calculator.co.uk/siding-timeline-calculator/,calculator,True,
Siding Tools Calculator,siding-tools-calculator,https://tools.yalla-calculator.co.uk/siding-tools-calculator/,calculator,True,
Siding Trim Calculator,siding-trim-calculator,https://tools.yalla-calculator.co.uk/siding-trim-calculator/,calculator,True,
Siding Trim Color Calculator,siding-trim-color-calculator,https://tools.yalla-calculator.co.uk/siding-trim-color-calculator/,calculator,True,
Siding Underlayment Calculator,siding-underlayment-calculator,https://tools.yalla-calculator.co.uk/siding-underlayment-calculator/,calculator,True,
Siding Ventilation Calculator,siding-ventilation-calculator,https://tools.yalla-calculator.co.uk/siding-ventilation-calculator/,calculator,True,
Siding Warranty Calculator,siding-warranty-calculator,https://tools.yalla-calculator.co.uk/siding-warranty-calculator/,calculator,True,
Siding Warranty Comparison Calculator,siding-warranty-comparison-calculator,https://tools.yalla-calculator.co.uk/siding-warranty-comparison-calculator/,calculator,True,
Siding Waste Calculator,siding-waste-calculator,https://tools.yalla-calculator.co.uk/siding-waste-calculator/,calculator,True,
Siding Water Damage Calculator,siding-water-damage-calculator,https://tools.yalla-calculator.co.uk/siding-water-damage-calculator/,calculator,True,
Siding Weather Delay Calculator,siding-weather-delay-calculator,https://tools.yalla-calculator.co.uk/siding-weather-delay-calculator/,calculator,True,
Siding,siding,https://tools.yalla-calculator.co.uk/siding/,page,False,
Signup Bonus Calculator,signup-bonus-calculator,https://tools.yalla-calculator.co.uk/signup-bonus-calculator/,calculator,True,
Simple Interest Auto Calculator,simple-interest-auto-calculator,https://tools.yalla-calculator.co.uk/simple-interest-auto-calculator/,calculator,True,
Simple Interest Calculator,simple-interest-calculator,https://tools.yalla-calculator.co.uk/simple-interest-calculator/,calculator,True,
Simplify Fractions Calculator,simplify-fractions-calculator,https://tools.yalla-calculator.co.uk/simplify-fractions-calculator/,calculator,True,
Single Phase Calculator,single-phase-calculator,https://tools.yalla-calculator.co.uk/single-phase-calculator/,calculator,True,Electrical
Sinus Rhythm Calculator,sinus-rhythm-calculator,https://tools.yalla-calculator.co.uk/sinus-rhythm-calculator/,calculator,True,
Sip Calculator,sip-calculator,https://tools.yalla-calculator.co.uk/sip-calculator/,calculator,True,
Size Conversion Calculator,size-conversion-calculator,https://tools.yalla-calculator.co.uk/size-conversion-calculator/,calculator,True,
Skill Assessment Calculator,skill-assessment-calculator,https://tools.yalla-calculator.co.uk/skill-assessment-calculator/,calculator,True,
Skinfold Body Fat Calculator,skinfold-body-fat-calculator,https://tools.yalla-calculator.co.uk/skinfold-body-fat-calculator/,calculator,True,
Slab Thickness Calculator,slab-thickness-calculator,https://tools.yalla-calculator.co.uk/slab-thickness-calculator/,calculator,True,
Sleep Apnea Risk Calculator,sleep-apnea-risk-calculator,https://tools.yalla-calculator.co.uk/sleep-apnea-risk-calculator/,calculator,True,
Sleep Architecture Calculator,sleep-architecture-calculator,https://tools.yalla-calculator.co.uk/sleep-architecture-calculator/,calculator,True,
Sleep Bank Calculator,sleep-bank-calculator,https://tools.yalla-calculator.co.uk/sleep-bank-calculator/,calculator,True,
Sleep Bruxism Calculator,sleep-bruxism-calculator,https://tools.yalla-calculator.co.uk/sleep-bruxism-calculator/,calculator,True,
Sleep Calculator,sleep-calculator,https://tools.yalla-calculator.co.uk/sleep-calculator/,calculator,True,Health
Sleep Calculators,sleep-calculators,https://tools.yalla-calculator.co.uk/sleep-calculators/,category,True,
Sleep Comfort Calculator,sleep-comfort-calculator,https://tools.yalla-calculator.co.uk/sleep-comfort-calculator/,calculator,True,
Sleep Cycle Alignment Calculator,sleep-cycle-alignment-calculator,https://tools.yalla-calculator.co.uk/sleep-cycle-alignment-calculator/,calculator,True,
Sleep Cycle Calculator,sleep-cycle-calculator,https://tools.yalla-calculator.co.uk/sleep-cycle-calculator/,calculator,True,Health
Sleep Data Calculator,sleep-data-calculator,https://tools.yalla-calculator.co.uk/sleep-data-calculator/,calculator,True,
Sleep Debt Calculator,sleep-debt-calculator,https://tools.yalla-calculator.co.uk/sleep-debt-calculator/,calculator,True,Health
Sleep Debt Payoff Calculator,sleep-debt-payoff-calculator,https://tools.yalla-calculator.co.uk/sleep-debt-payoff-calculator/,calculator,True,
Sleep Deficit Calculator,sleep-deficit-calculator,https://tools.yalla-calculator.co.uk/sleep-deficit-calculator/,calculator,True,
Sleep Deprivation Calculator,sleep-deprivation-calculator,https://tools.yalla-calculator.co.uk/sleep-deprivation-calculator/,calculator,True,
Sleep Disorder Screener,sleep-disorder-screener,https://tools.yalla-calculator.co.uk/sleep-disorder-screener/,screener,True,
Sleep Efficiency Calculator,sleep-efficiency-calculator,https://tools.yalla-calculator.co.uk/sleep-efficiency-calculator/,calculator,True,
Sleep Environment Optimizer,sleep-environment-optimizer,https://tools.yalla-calculator.co.uk/sleep-environment-optimizer/,page,False,
Sleep Goal Calculator,sleep-goal-calculator,https://tools.yalla-calculator.co.uk/sleep-goal-calculator/,calculator,True,
Sleep Health Calculator,sleep-health-calculator,https://tools.yalla-calculator.co.uk/sleep-health-calculator/,calculator,True,
Sleep Hygiene Calculator,sleep-hygiene-calculator,https://tools.yalla-calculator.co.uk/sleep-hygiene-calculator/,calculator,True,
Sleep Immunity Calculator,sleep-immunity-calculator,https://tools.yalla-calculator.co.uk/sleep-immunity-calculator/,calculator,True,
Sleep Improvement Calculator,sleep-improvement-calculator,https://tools.yalla-calculator.co.uk/sleep-improvement-calculator/,calculator,True,
Sleep Longevity Calculator,sleep-longevity-calculator,https://tools.yalla-calculator.co.uk/sleep-longevity-calculator/,calculator,True,
Sleep Metrics Calculator,sleep-metrics-calculator,https://tools.yalla-calculator.co.uk/sleep-metrics-calculator/,calculator,True,
Sleep Mood Calculator,sleep-mood-calculator,https://tools.yalla-calculator.co.uk/sleep-mood-calculator/,calculator,True,
Sleep Paralysis Calculator,sleep-paralysis-calculator,https://tools.yalla-calculator.co.uk/sleep-paralysis-calculator/,calculator,True,
Sleep Pattern Calculator,sleep-pattern-calculator,https://tools.yalla-calculator.co.uk/sleep-pattern-calculator/,calculator,True,
Sleep Performance Calculator,sleep-performance-calculator,https://tools.yalla-calculator.co.uk/sleep-performance-calculator/,calculator,True,
Sleep Planning Calculator,sleep-planning-calculator,https://tools.yalla-calculator.co.uk/sleep-planning-calculator/,calculator,True,
Sleep Productivity Calculator,sleep-productivity-calculator,https://tools.yalla-calculator.co.uk/sleep-productivity-calculator/,calculator,True,
Sleep Progress Calculator,sleep-progress-calculator,https://tools.yalla-calculator.co.uk/sleep-progress-calculator/,calculator,True,
Sleep Quality Calculator,sleep-quality-calculator,https://tools.yalla-calculator.co.uk/sleep-quality-calculator/,calculator,True,Health
Sleep Recovery Calculator,sleep-recovery-calculator,https://tools.yalla-calculator.co.uk/sleep-recovery-calculator/,calculator,True,
Sleep Reminder Calculator,sleep-reminder-calculator,https://tools.yalla-calculator.co.uk/sleep-reminder-calculator/,calculator,True,
Sleep Restoration Calculator,sleep-restoration-calculator,https://tools.yalla-calculator.co.uk/sleep-restoration-calculator/,calculator,True,
Sleep Schedule Calculator,sleep-schedule-calculator,https://tools.yalla-calculator.co.uk/sleep-schedule-calculator/,calculator,True,
Sleep Stage Calculator,sleep-stage-calculator,https://tools.yalla-calculator.co.uk/sleep-stage-calculator/,calculator,True,
Sleep Stress Calculator,sleep-stress-calculator,https://tools.yalla-calculator.co.uk/sleep-stress-calculator/,calculator,True,Health
Sleep Temperature Calculator,sleep-temperature-calculator,https://tools.yalla-calculator.co.uk/sleep-temperature-calculator/,calculator,True,
Sleep Time Calculator,sleep-time-calculator,https://tools.yalla-calculator.co.uk/sleep-time-calculator/,calculator,True,
Sleep Tracker Analysis,sleep-tracker-analysis,https://tools.yalla-calculator.co.uk/sleep-tracker-analysis/,tracker,True,
Sleep Trend Calculator,sleep-trend-calculator,https://tools.yalla-calculator.co.uk/sleep-trend-calculator/,calculator,True,
Sleep Weight Calculator,sleep-weight-calculator,https://tools.yalla-calculator.co.uk/sleep-weight-calculator/,calculator,True,
Sleep Wellness Calculator,sleep-wellness-calculator,https://tools.yalla-calculator.co.uk/sleep-wellness-calculator/,calculator,True,
Sliding Gate Calculator,sliding-gate-calculator,https://tools.yalla-calculator.co.uk/sliding-gate-calculator/,calculator,True,
Slope Calculator,slope-calculator,https://tools.yalla-calculator.co.uk/slope-calculator/,calculator,True,Math
Slope Line Calculators,slope-line-calculators,https://tools.yalla-calculator.co.uk/slope-line-calculators/,category,True,
Smart Thermostat Cost Guide,smart-thermostat-cost-guide,https://tools.yalla-calculator.co.uk/smart-thermostat-cost-guide/,guide,True,
Smoking Cessation Benefit Calculator,smoking-cessation-benefit-calculator,https://tools.yalla-calculator.co.uk/smoking-cessation-benefit-calculator/,calculator,True,
Smoking Impact Calculator,smoking-impact-calculator,https://tools.yalla-calculator.co.uk/smoking-impact-calculator/,calculator,True,
Smoking Time Calculator,smoking-time-calculator,https://tools.yalla-calculator.co.uk/smoking-time-calculator/,calculator,True,Cooking
Smoothie Recipe Calculator,smoothie-recipe-calculator,https://tools.yalla-calculator.co.uk/smoothie-recipe-calculator/,calculator,True,Cooking
Snoring Assessment Calculator,snoring-assessment-calculator,https://tools.yalla-calculator.co.uk/snoring-assessment-calculator/,calculator,True,
Snow Tire Calculator,snow-tire-calculator,https://tools.yalla-calculator.co.uk/snow-tire-calculator/,calculator,True,
Social Anxiety Assessment,social-anxiety-assessment,https://tools.yalla-calculator.co.uk/social-anxiety-assessment/,assessment,True,
Social Health Assessment,social-health-assessment,https://tools.yalla-calculator.co.uk/social-health-assessment/,assessment,True,
Social Support Calculator,social-support-calculator,https://tools.yalla-calculator.co.uk/social-support-calculator/,calculator,True,
Social Wellness Tracker,social-wellness-tracker,https://tools.yalla-calculator.co.uk/social-wellness-tracker/,tracker,True,
Sod Calculator,sod-calculator,https://tools.yalla-calculator.co.uk/sod-calculator/,calculator,True,Construction
Sod Cost Guide,sod-cost-guide,https://tools.yalla-calculator.co.uk/sod-cost-guide/,guide,True,
Sod Weight Calculator,sod-weight-calculator,https://tools.yalla-calculator.co.uk/sod-weight-calculator/,calculator,True,Construction
Sodium Intake Calculator,sodium-intake-calculator,https://tools.yalla-calculator.co.uk/sodium-intake-calculator/,calculator,True,
Soffit Fascia Calculator,soffit-fascia-calculator,https://tools.yalla-calculator.co.uk/soffit-fascia-calculator/,calculator,True,
Soffit Vent Calculator,soffit-vent-calculator,https://tools.yalla-calculator.co.uk/soffit-vent-calculator/,calculator,True,
Soil Amendment Calculator,soil-amendment-calculator,https://tools.yalla-calculator.co.uk/soil-amendment-calculator/,calculator,True,
Soil Calculator,soil-calculator,https://tools.yalla-calculator.co.uk/soil-calculator/,calculator,True,Construction
Solar Battery Bank Calculator,solar-battery-bank-calculator,https://tools.yalla-calculator.co.uk/solar-battery-bank-calculator/,calculator,True,Electrical
Solar Battery Calculator,solar-battery-calculator,https://tools.yalla-calculator.co.uk/solar-battery-calculator/,calculator,True,Electrical
Solar Charge Controller Calculator,solar-charge-controller-calculator,https://tools.yalla-calculator.co.uk/solar-charge-controller-calculator/,calculator,True,Electrical
Solar Energy Production Calculator,solar-energy-production-calculator,https://tools.yalla-calculator.co.uk/solar-energy-production-calculator/,calculator,True,Electrical
Solar Inverter Calculator,solar-inverter-calculator,https://tools.yalla-calculator.co.uk/solar-inverter-calculator/,calculator,True,Electrical
Solar Light Calculator,solar-light-calculator,https://tools.yalla-calculator.co.uk/solar-light-calculator/,calculator,True,
Solar Lighting Calculator,solar-lighting-calculator,https://tools.yalla-calculator.co.uk/solar-lighting-calculator/,calculator,True,
Solar Panel Calculator,solar-panel-calculator,https://tools.yalla-calculator.co.uk/solar-panel-calculator/,calculator,True,Electrical
Solar Panels Cost Guide,solar-panels-cost-guide,https://tools.yalla-calculator.co.uk/solar-panels-cost-guide/,guide,True,
Solar Payback Calculator,solar-payback-calculator,https://tools.yalla-calculator.co.uk/solar-payback-calculator/,calculator,True,Electrical
Solar ROI Calculator,solar-roi-calculator,https://tools.yalla-calculator.co.uk/solar-roi-calculator/,calculator,True,Electrical
Solar System Sizing Calculator,solar-system-sizing-calculator,https://tools.yalla-calculator.co.uk/solar-system-sizing-calculator/,calculator,True,Electrical
Solar Water Heater Calculator,solar-water-heater-calculator,https://tools.yalla-calculator.co.uk/solar-water-heater-calculator/,calculator,True,
Sound Barrier Calculator,sound-barrier-calculator,https://tools.yalla-calculator.co.uk/sound-barrier-calculator/,calculator,True,
Span Calculator,span-calculator,https://tools.yalla-calculator.co.uk/span-calculator/,calculator,True,
Spark Advance Calculator,spark-advance-calculator,https://tools.yalla-calculator.co.uk/spark-advance-calculator/,calculator,True,
Spark Plug Calculator,spark-plug-calculator,https://tools.yalla-calculator.co.uk/spark-plug-calculator/,calculator,True,
Spark Plug Efficiency Calculator,spark-plug-efficiency-calculator,https://tools.yalla-calculator.co.uk/spark-plug-efficiency-calculator/,calculator,True,
Spark Plug Replacement Calculator,spark-plug-replacement-calculator,https://tools.yalla-calculator.co.uk/spark-plug-replacement-calculator/,calculator,True,
Specialty Tire Calculator,specialty-tire-calculator,https://tools.yalla-calculator.co.uk/specialty-tire-calculator/,calculator,True,
Speed Calculator,speed-calculator,https://tools.yalla-calculator.co.uk/speed-calculator/,calculator,True,
Speed Calibration Calculator,speed-calibration-calculator,https://tools.yalla-calculator.co.uk/speed-calibration-calculator/,calculator,True,
Speed Converter,speed-converter,https://tools.yalla-calculator.co.uk/speed-converter/,converter,True,
Speed Fuel Economy Calculator,speed-fuel-economy-calculator,https://tools.yalla-calculator.co.uk/speed-fuel-economy-calculator/,calculator,True,
Speed Of Sound Calculator,speed-of-sound-calculator,https://tools.yalla-calculator.co.uk/speed-of-sound-calculator/,calculator,True,
Speedometer Calculator,speedometer-calculator,https://tools.yalla-calculator.co.uk/speedometer-calculator/,calculator,True,
Spending Category Calculator,spending-category-calculator,https://tools.yalla-calculator.co.uk/spending-category-calculator/,calculator,True,
Sphere Calculator,sphere-calculator,https://tools.yalla-calculator.co.uk/sphere-calculator/,calculator,True,
Spiral Stair Calculator,spiral-stair-calculator,https://tools.yalla-calculator.co.uk/spiral-stair-calculator/,calculator,True,
Split Rail Fence Calculator,split-rail-fence-calculator,https://tools.yalla-calculator.co.uk/split-rail-fence-calculator/,calculator,True,
Sports Nutrition Calculator,sports-nutrition-calculator,https://tools.yalla-calculator.co.uk/sports-nutrition-calculator/,calculator,True,
Sports Supplement Stack Calculator,sports-supplement-stack-calculator,https://tools.yalla-calculator.co.uk/sports-supplement-stack-calculator/,calculator,True,
Spotlight Calculator,spotlight-calculator,https://tools.yalla-calculator.co.uk/spotlight-calculator/,calculator,True,
Spray Foam Insulation Calculator,spray-foam-insulation-calculator,https://tools.yalla-calculator.co.uk/spray-foam-insulation-calculator/,calculator,True,
Spray Paint Coverage Calculator,spray-paint-coverage-calculator,https://tools.yalla-calculator.co.uk/spray-paint-coverage-calculator/,calculator,True,
Spring Cleanup Calculator,spring-cleanup-calculator,https://tools.yalla-calculator.co.uk/spring-cleanup-calculator/,calculator,True,
Sprinkler Calculator,sprinkler-calculator,https://tools.yalla-calculator.co.uk/sprinkler-calculator/,calculator,True,
Sprinkler Head Calculator,sprinkler-head-calculator,https://tools.yalla-calculator.co.uk/sprinkler-head-calculator/,calculator,True,
Sprinkler System Installation Cost Guide,sprinkler-system-installation-cost-guide,https://tools.yalla-calculator.co.uk/sprinkler-system-installation-cost-guide/,guide,True,
Square Feet To Cubic Feet Calculator,square-feet-to-cubic-feet-calculator,https://tools.yalla-calculator.co.uk/square-feet-to-cubic-feet-calculator/,calculator,True,Construction
Square Feet To Cubic Yards Calculator,square-feet-to-cubic-yards-calculator,https://tools.yalla-calculator.co.uk/square-feet-to-cubic-yards-calculator/,calculator,True,Construction
Square Feet To Square Meters Converter,square-feet-to-square-meters-converter,https://tools.yalla-calculator.co.uk/square-feet-to-square-meters-converter/,converter,True,
Square Footage Calculator,square-footage-calculator,https://tools.yalla-calculator.co.uk/square-footage-calculator/,calculator,True,Construction
Square Inches Calculator 2,square-inches-calculator-2,https://tools.yalla-calculator.co.uk/square-inches-calculator-2/,calculator,True,
Square Inches Calculator,square-inches-calculator,https://tools.yalla-calculator.co.uk/square-inches-calculator/,calculator,True,Construction
Square Inches To Square Cm,square-inches-to-square-cm,https://tools.yalla-calculator.co.uk/square-inches-to-square-cm/,page,False,
Square Kilometers To Square Miles Converter,square-kilometers-to-square-miles-converter,https://tools.yalla-calculator.co.uk/square-kilometers-to-square-miles-converter/,converter,True,
Square km To Square Miles,square-km-to-square-miles,https://tools.yalla-calculator.co.uk/square-km-to-square-miles/,page,False,
Square Meters Calculator,square-meters-calculator,https://tools.yalla-calculator.co.uk/square-meters-calculator/,calculator,True,Construction
Square Meters To Square Feet Converter,square-meters-to-square-feet-converter,https://tools.yalla-calculator.co.uk/square-meters-to-square-feet-converter/,converter,True,
Square Miles To Acres Converter,square-miles-to-acres-converter,https://tools.yalla-calculator.co.uk/square-miles-to-acres-converter/,converter,True,
Square Miles To Square Kilometers Converter,square-miles-to-square-kilometers-converter,https://tools.yalla-calculator.co.uk/square-miles-to-square-kilometers-converter/,converter,True,
Square Miles To Square km,square-miles-to-square-km,https://tools.yalla-calculator.co.uk/square-miles-to-square-km/,page,False,
Square Root Calculator,square-root-calculator,https://tools.yalla-calculator.co.uk/square-root-calculator/,calculator,True,
Square Yards Calculator,square-yards-calculator,https://tools.yalla-calculator.co.uk/square-yards-calculator/,calculator,True,Construction
Square Yards To Square Meters Converter,square-yards-to-square-meters-converter,https://tools.yalla-calculator.co.uk/square-yards-to-square-meters-converter/,converter,True,
Stack Rotation Calculator,stack-rotation-calculator,https://tools.yalla-calculator.co.uk/stack-rotation-calculator/,calculator,True,
Stain Coverage Calculator,stain-coverage-calculator,https://tools.yalla-calculator.co.uk/stain-coverage-calculator/,calculator,True,
Stair Calculator,stair-calculator,https://tools.yalla-calculator.co.uk/stair-calculator/,calculator,True,
Stair Carpet Calculator,stair-carpet-calculator,https://tools.yalla-calculator.co.uk/stair-carpet-calculator/,calculator,True,
Stair Hardwood Calculator,stair-hardwood-calculator,https://tools.yalla-calculator.co.uk/stair-hardwood-calculator/,calculator,True,
Stair Landing Calculator,stair-landing-calculator,https://tools.yalla-calculator.co.uk/stair-landing-calculator/,calculator,True,
Stair Measurement Calculator,stair-measurement-calculator,https://tools.yalla-calculator.co.uk/stair-measurement-calculator/,calculator,True,
Stair Rebar Calculator,stair-rebar-calculator,https://tools.yalla-calculator.co.uk/stair-rebar-calculator/,calculator,True,
Stair Riser Calculator,stair-riser-calculator,https://tools.yalla-calculator.co.uk/stair-riser-calculator/,calculator,True,
Stair Runner Calculator,stair-runner-calculator,https://tools.yalla-calculator.co.uk/stair-runner-calculator/,calculator,True,
Stair Stringer Calculator 2,stair-stringer-calculator-2,https://tools.yalla-calculator.co.uk/stair-stringer-calculator-2/,calculator,True,
Stair Stringer Calculator,stair-stringer-calculator,https://tools.yalla-calculator.co.uk/stair-stringer-calculator/,calculator,True,
Stair Transition Calculator,stair-transition-calculator,https://tools.yalla-calculator.co.uk/stair-transition-calculator/,calculator,True,
Stair Tread Calculator 2,stair-tread-calculator-2,https://tools.yalla-calculator.co.uk/stair-tread-calculator-2/,calculator,True,
Stair Tread Calculator,stair-tread-calculator,https://tools.yalla-calculator.co.uk/stair-tread-calculator/,calculator,True,
Stamp Duty Calculator,stamp-duty-calculator,https://tools.yalla-calculator.co.uk/stamp-duty-calculator/,calculator,True,
Standard Deviation Calculator,standard-deviation-calculator,https://tools.yalla-calculator.co.uk/standard-deviation-calculator/,calculator,True,Math
Standing Seam Calculator,standing-seam-calculator,https://tools.yalla-calculator.co.uk/standing-seam-calculator/,calculator,True,
Startup Loan Calculator,startup-loan-calculator,https://tools.yalla-calculator.co.uk/startup-loan-calculator/,calculator,True,
Statin Benefit Calculator,statin-benefit-calculator,https://tools.yalla-calculator.co.uk/statin-benefit-calculator/,calculator,True,
Statin Intensity Calculator,statin-intensity-calculator,https://tools.yalla-calculator.co.uk/statin-intensity-calculator/,calculator,True,
Statistics Calculators,statistics-calculators,https://tools.yalla-calculator.co.uk/statistics-calculators/,category,True,
Steam Boiler Calculator,steam-boiler-calculator,https://tools.yalla-calculator.co.uk/steam-boiler-calculator/,calculator,True,
Step Calculator,step-calculator,https://tools.yalla-calculator.co.uk/step-calculator/,calculator,True,
Step Count Calculator,step-count-calculator,https://tools.yalla-calculator.co.uk/step-count-calculator/,calculator,True,
Step Down Transformer Calculator,step-down-transformer-calculator,https://tools.yalla-calculator.co.uk/step-down-transformer-calculator/,calculator,True,Electrical
Step Riser Calculator,step-riser-calculator,https://tools.yalla-calculator.co.uk/step-riser-calculator/,calculator,True,
Step Tread Calculator,step-tread-calculator,https://tools.yalla-calculator.co.uk/step-tread-calculator/,calculator,True,
Step Up Transformer Calculator,step-up-transformer-calculator,https://tools.yalla-calculator.co.uk/step-up-transformer-calculator/,calculator,True,Electrical
Step Volume Calculator,step-volume-calculator,https://tools.yalla-calculator.co.uk/step-volume-calculator/,calculator,True,
Steps To Calories Calculator,steps-to-calories-calculator,https://tools.yalla-calculator.co.uk/steps-to-calories-calculator/,calculator,True,
Stock Turnover Calculator,stock-turnover-calculator,https://tools.yalla-calculator.co.uk/stock-turnover-calculator/,calculator,True,
Stocking Calculator,stocking-calculator,https://tools.yalla-calculator.co.uk/stocking-calculator/,calculator,True,
Stone Calculator,stone-calculator,https://tools.yalla-calculator.co.uk/stone-calculator/,calculator,True,Construction
Stone Patio Calculator,stone-patio-calculator,https://tools.yalla-calculator.co.uk/stone-patio-calculator/,calculator,True,
Stone Siding Calculator,stone-siding-calculator,https://tools.yalla-calculator.co.uk/stone-siding-calculator/,calculator,True,
Stone To Kilograms Calculator,stone-to-kilograms-calculator,https://tools.yalla-calculator.co.uk/stone-to-kilograms-calculator/,calculator,True,
Stones To Pounds Converter,stones-to-pounds-converter,https://tools.yalla-calculator.co.uk/stones-to-pounds-converter/,converter,True,
Storm Drain Calculator,storm-drain-calculator,https://tools.yalla-calculator.co.uk/storm-drain-calculator/,calculator,True,
Straight Line Depreciation Calculator,straight-line-depreciation-calculator,https://tools.yalla-calculator.co.uk/straight-line-depreciation-calculator/,calculator,True,
Strength Comparison Calculator,strength-comparison-calculator,https://tools.yalla-calculator.co.uk/strength-comparison-calculator/,calculator,True,
Strength Goal Calculator,strength-goal-calculator,https://tools.yalla-calculator.co.uk/strength-goal-calculator/,calculator,True,
Strength Level Calculator,strength-level-calculator,https://tools.yalla-calculator.co.uk/strength-level-calculator/,calculator,True,
Strength Standard Calculator,strength-standard-calculator,https://tools.yalla-calculator.co.uk/strength-standard-calculator/,calculator,True,
Stress Calculator,stress-calculator,https://tools.yalla-calculator.co.uk/stress-calculator/,calculator,True,Health
Stress Coping Calculator,stress-coping-calculator,https://tools.yalla-calculator.co.uk/stress-coping-calculator/,calculator,True,
Stress Impact Calculator,stress-impact-calculator,https://tools.yalla-calculator.co.uk/stress-impact-calculator/,calculator,True,
Stress Level Calculator,stress-level-calculator,https://tools.yalla-calculator.co.uk/stress-level-calculator/,calculator,True,
Stress Reduction Planner,stress-reduction-planner,https://tools.yalla-calculator.co.uk/stress-reduction-planner/,planner,True,
Stress Trigger Analyzer,stress-trigger-analyzer,https://tools.yalla-calculator.co.uk/stress-trigger-analyzer/,page,False,
Stroke Risk Calculator,stroke-risk-calculator,https://tools.yalla-calculator.co.uk/stroke-risk-calculator/,calculator,True,
Stroke Volume Calculator,stroke-volume-calculator,https://tools.yalla-calculator.co.uk/stroke-volume-calculator/,calculator,True,
Stucco Siding Calculator,stucco-siding-calculator,https://tools.yalla-calculator.co.uk/stucco-siding-calculator/,calculator,True,
Stud Spacing Calculator,stud-spacing-calculator,https://tools.yalla-calculator.co.uk/stud-spacing-calculator/,calculator,True,
Student Loan Calculator,student-loan-calculator,https://tools.yalla-calculator.co.uk/student-loan-calculator/,calculator,True,
Student Loan Comparison Calculator,student-loan-comparison-calculator,https://tools.yalla-calculator.co.uk/student-loan-comparison-calculator/,calculator,True,
Student Loan Consolidation Calculator,student-loan-consolidation-calculator,https://tools.yalla-calculator.co.uk/student-loan-consolidation-calculator/,calculator,True,
Student Loan Forgiveness Calculator,student-loan-forgiveness-calculator,https://tools.yalla-calculator.co.uk/student-loan-forgiveness-calculator/,calculator,True,
Student Loan Interest Calculator,student-loan-interest-calculator,https://tools.yalla-calculator.co.uk/student-loan-interest-calculator/,calculator,True,
Student Loan Payment Calculator,student-loan-payment-calculator,https://tools.yalla-calculator.co.uk/student-loan-payment-calculator/,calculator,True,
Student Loan Refinance Calculator,student-loan-refinance-calculator,https://tools.yalla-calculator.co.uk/student-loan-refinance-calculator/,calculator,True,
Student Savings Calculator,student-savings-calculator,https://tools.yalla-calculator.co.uk/student-savings-calculator/,calculator,True,
Subcooling Calculator,subcooling-calculator,https://tools.yalla-calculator.co.uk/subcooling-calculator/,calculator,True,
Subfloor Calculator,subfloor-calculator,https://tools.yalla-calculator.co.uk/subfloor-calculator/,calculator,True,
Subfloor Preparation Calculator,subfloor-preparation-calculator,https://tools.yalla-calculator.co.uk/subfloor-preparation-calculator/,calculator,True,
Subfloor Repair Calculator,subfloor-repair-calculator,https://tools.yalla-calculator.co.uk/subfloor-repair-calculator/,calculator,True,
Subgrade Preparation Calculator,subgrade-preparation-calculator,https://tools.yalla-calculator.co.uk/subgrade-preparation-calculator/,calculator,True,
Submersible Pump Calculator,submersible-pump-calculator,https://tools.yalla-calculator.co.uk/submersible-pump-calculator/,calculator,True,
Subscription Savings Calculator,subscription-savings-calculator,https://tools.yalla-calculator.co.uk/subscription-savings-calculator/,calculator,True,
Substrate Calculator,substrate-calculator,https://tools.yalla-calculator.co.uk/substrate-calculator/,calculator,True,
Success Rate Calculator,success-rate-calculator,https://tools.yalla-calculator.co.uk/success-rate-calculator/,calculator,True,
Sugar Intake Calculator,sugar-intake-calculator,https://tools.yalla-calculator.co.uk/sugar-intake-calculator/,calculator,True,
Sugar Weight Calculator,sugar-weight-calculator,https://tools.yalla-calculator.co.uk/sugar-weight-calculator/,calculator,True,Cooking
Suit Size Calculator,suit-size-calculator,https://tools.yalla-calculator.co.uk/suit-size-calculator/,calculator,True,
Sum Of Years Digits Calculator,sum-of-years-digits-calculator,https://tools.yalla-calculator.co.uk/sum-of-years-digits-calculator/,calculator,True,
Summer Tire Calculator,summer-tire-calculator,https://tools.yalla-calculator.co.uk/summer-tire-calculator/,calculator,True,
Super Projection Calculator,super-projection-calculator,https://tools.yalla-calculator.co.uk/super-projection-calculator/,calculator,True,
Supercharger Calculator,supercharger-calculator,https://tools.yalla-calculator.co.uk/supercharger-calculator/,calculator,True,
Superheat Calculator,superheat-calculator,https://tools.yalla-calculator.co.uk/superheat-calculator/,calculator,True,
Supplement Budget Calculator,supplement-budget-calculator,https://tools.yalla-calculator.co.uk/supplement-budget-calculator/,calculator,True,
Supplement Calculators,supplement-calculators,https://tools.yalla-calculator.co.uk/supplement-calculators/,category,True,
Supplement Cost Calculator,supplement-cost-calculator,https://tools.yalla-calculator.co.uk/supplement-cost-calculator/,calculator,True,
Supplement Cycling Calculator,supplement-cycling-calculator,https://tools.yalla-calculator.co.uk/supplement-cycling-calculator/,calculator,True,
Supplement Dosage Calculator,supplement-dosage-calculator,https://tools.yalla-calculator.co.uk/supplement-dosage-calculator/,calculator,True,Health
Supplement Timing Calculator,supplement-timing-calculator,https://tools.yalla-calculator.co.uk/supplement-timing-calculator/,calculator,True,Health
Supplementation Needs Calculator,supplementation-needs-calculator,https://tools.yalla-calculator.co.uk/supplementation-needs-calculator/,calculator,True,
Supplier Comparison Calculator,supplier-comparison-calculator,https://tools.yalla-calculator.co.uk/supplier-comparison-calculator/,calculator,True,
Supplies Cost Calculator,supplies-cost-calculator,https://tools.yalla-calculator.co.uk/supplies-cost-calculator/,calculator,True,
Supply Chain Calculator,supply-chain-calculator,https://tools.yalla-calculator.co.uk/supply-chain-calculator/,calculator,True,
Support Network Strength Calculator,support-network-strength-calculator,https://tools.yalla-calculator.co.uk/support-network-strength-calculator/,calculator,True,
Support System Mapper,support-system-mapper,https://tools.yalla-calculator.co.uk/support-system-mapper/,mapper,True,
Suspension Geometry Calculator,suspension-geometry-calculator,https://tools.yalla-calculator.co.uk/suspension-geometry-calculator/,calculator,True,
Sustainability Metrics Calculator,sustainability-metrics-calculator,https://tools.yalla-calculator.co.uk/sustainability-metrics-calculator/,calculator,True,
Swale Calculator,swale-calculator,https://tools.yalla-calculator.co.uk/swale-calculator/,calculator,True,
Swap Calculator,swap-calculator,https://tools.yalla-calculator.co.uk/swap-calculator/,calculator,True,
Sweet Tea Calculator,sweet-tea-calculator,https://tools.yalla-calculator.co.uk/sweet-tea-calculator/,calculator,True,Cooking
Swept Volume Calculator,swept-volume-calculator,https://tools.yalla-calculator.co.uk/swept-volume-calculator/,calculator,True,
Swimming Calculator,swimming-calculator,https://tools.yalla-calculator.co.uk/swimming-calculator/,calculator,True,
Symptom Improvement Calculator,symptom-improvement-calculator,https://tools.yalla-calculator.co.uk/symptom-improvement-calculator/,calculator,True,
Synthetic Underlayment Calculator,synthetic-underlayment-calculator,https://tools.yalla-calculator.co.uk/synthetic-underlayment-calculator/,calculator,True,
Systematic Investment Calculator,systematic-investment-calculator,https://tools.yalla-calculator.co.uk/systematic-investment-calculator/,calculator,True,
Tablespoons To Cups Converter,tablespoons-to-cups-converter,https://tools.yalla-calculator.co.uk/tablespoons-to-cups-converter/,converter,True,
Tablespoons To Teaspoons Converter,tablespoons-to-teaspoons-converter,https://tools.yalla-calculator.co.uk/tablespoons-to-teaspoons-converter/,converter,True,
Tailoring Calculator,tailoring-calculator,https://tools.yalla-calculator.co.uk/tailoring-calculator/,calculator,True,
Take Home Pay Calculator,take-home-pay-calculator,https://tools.yalla-calculator.co.uk/take-home-pay-calculator/,calculator,True,
Tank Size Calculator,tank-size-calculator,https://tools.yalla-calculator.co.uk/tank-size-calculator/,calculator,True,
Tank Surface Area Calculator,tank-surface-area-calculator,https://tools.yalla-calculator.co.uk/tank-surface-area-calculator/,calculator,True,
Tank Volume Calculator,tank-volume-calculator,https://tools.yalla-calculator.co.uk/tank-volume-calculator/,calculator,True,Construction
Tankless Water Heater Calculator,tankless-water-heater-calculator,https://tools.yalla-calculator.co.uk/tankless-water-heater-calculator/,calculator,True,
Tapering Schedule Calculator,tapering-schedule-calculator,https://tools.yalla-calculator.co.uk/tapering-schedule-calculator/,calculator,True,
Target Heart Rate Calculator,target-heart-rate-calculator,https://tools.yalla-calculator.co.uk/target-heart-rate-calculator/,calculator,True,Health
Target Weight Calculator,target-weight-calculator,https://tools.yalla-calculator.co.uk/target-weight-calculator/,calculator,True,
Task Duration Calculator,task-duration-calculator,https://tools.yalla-calculator.co.uk/task-duration-calculator/,calculator,True,
Tax Bracket Calculator,tax-bracket-calculator,https://tools.yalla-calculator.co.uk/tax-bracket-calculator/,calculator,True,Financial
Tax Calculators,tax-calculators,https://tools.yalla-calculator.co.uk/tax-calculators/,category,True,
Tax Credit Calculator,tax-credit-calculator,https://tools.yalla-calculator.co.uk/tax-credit-calculator/,calculator,True,
Tax Deduction Calculator,tax-deduction-calculator,https://tools.yalla-calculator.co.uk/tax-deduction-calculator/,calculator,True,
Tax Deferred Savings Calculator,tax-deferred-savings-calculator,https://tools.yalla-calculator.co.uk/tax-deferred-savings-calculator/,calculator,True,
Tax Efficient Investing Calculator,tax-efficient-investing-calculator,https://tools.yalla-calculator.co.uk/tax-efficient-investing-calculator/,calculator,True,
Tax Efficient Withdrawal Calculator,tax-efficient-withdrawal-calculator,https://tools.yalla-calculator.co.uk/tax-efficient-withdrawal-calculator/,calculator,True,
Tax Estimator Calculator,tax-estimator-calculator,https://tools.yalla-calculator.co.uk/tax-estimator-calculator/,calculator,True,
Tax Estimator,tax-estimator,https://tools.yalla-calculator.co.uk/tax-estimator/,estimator,True,
Tax Liability Calculator,tax-liability-calculator,https://tools.yalla-calculator.co.uk/tax-liability-calculator/,calculator,True,
Tax Overpayment Calculator,tax-overpayment-calculator,https://tools.yalla-calculator.co.uk/tax-overpayment-calculator/,calculator,True,
Tax Rebate Calculator,tax-rebate-calculator,https://tools.yalla-calculator.co.uk/tax-rebate-calculator/,calculator,True,
Tax Refund Calculator,tax-refund-calculator,https://tools.yalla-calculator.co.uk/tax-refund-calculator/,calculator,True,Financial
Tax Return Calculator,tax-return-calculator,https://tools.yalla-calculator.co.uk/tax-return-calculator/,calculator,True,
Tax Saving Calculator,tax-saving-calculator,https://tools.yalla-calculator.co.uk/tax-saving-calculator/,calculator,True,
Tax Savings Calculator,tax-savings-calculator,https://tools.yalla-calculator.co.uk/tax-savings-calculator/,calculator,True,
Tax Treaty Calculator,tax-treaty-calculator,https://tools.yalla-calculator.co.uk/tax-treaty-calculator/,calculator,True,
Tax Withholding Calculator,tax-withholding-calculator,https://tools.yalla-calculator.co.uk/tax-withholding-calculator/,calculator,True,Financial
Tdee Calculator,tdee-calculator,https://tools.yalla-calculator.co.uk/tdee-calculator/,calculator,True,Health
Tea Brewing Calculator,tea-brewing-calculator,https://tools.yalla-calculator.co.uk/tea-brewing-calculator/,calculator,True,Cooking
Teaspoons To Tablespoons Converter,teaspoons-to-tablespoons-converter,https://tools.yalla-calculator.co.uk/teaspoons-to-tablespoons-converter/,converter,True,
Technology Compatibility Calculator,technology-compatibility-calculator,https://tools.yalla-calculator.co.uk/technology-compatibility-calculator/,calculator,True,
Temperature Control Calculator,temperature-control-calculator,https://tools.yalla-calculator.co.uk/temperature-control-calculator/,calculator,True,
Temperature Converter,temperature-converter,https://tools.yalla-calculator.co.uk/temperature-converter/,converter,True,
Temperature Difference Calculator,temperature-difference-calculator,https://tools.yalla-calculator.co.uk/temperature-difference-calculator/,calculator,True,
Tenant Screening Calculator,tenant-screening-calculator,https://tools.yalla-calculator.co.uk/tenant-screening-calculator/,calculator,True,
Terabytes To Gigabytes Converter,terabytes-to-gigabytes-converter,https://tools.yalla-calculator.co.uk/terabytes-to-gigabytes-converter/,converter,True,
Terabytes To Petabytes Converter,terabytes-to-petabytes-converter,https://tools.yalla-calculator.co.uk/terabytes-to-petabytes-converter/,converter,True,
Term Comparison Calculator,term-comparison-calculator,https://tools.yalla-calculator.co.uk/term-comparison-calculator/,calculator,True,
Term Length Calculator,term-length-calculator,https://tools.yalla-calculator.co.uk/term-length-calculator/,calculator,True,
Term Life Calculator,term-life-calculator,https://tools.yalla-calculator.co.uk/term-life-calculator/,calculator,True,
Territory Calculator,territory-calculator,https://tools.yalla-calculator.co.uk/territory-calculator/,calculator,True,
Test Kit Calculator,test-kit-calculator,https://tools.yalla-calculator.co.uk/test-kit-calculator/,calculator,True,
Therapy Progress Tracker,therapy-progress-tracker,https://tools.yalla-calculator.co.uk/therapy-progress-tracker/,tracker,True,
Thermal Analysis Calculator,thermal-analysis-calculator,https://tools.yalla-calculator.co.uk/thermal-analysis-calculator/,calculator,True,
Thermal Conductivity Calculator,thermal-conductivity-calculator,https://tools.yalla-calculator.co.uk/thermal-conductivity-calculator/,calculator,True,
Thermostat Calculator,thermostat-calculator,https://tools.yalla-calculator.co.uk/thermostat-calculator/,calculator,True,
Therms To BTU Calculator,therms-to-btu-calculator,https://tools.yalla-calculator.co.uk/therms-to-btu-calculator/,calculator,True,
Three Phase Calculator,three-phase-calculator,https://tools.yalla-calculator.co.uk/three-phase-calculator/,calculator,True,Electrical
Tile Calculator And Cost Estimator,tile-calculator-and-cost-estimator,https://tools.yalla-calculator.co.uk/tile-calculator-and-cost-estimator/,calculator,True,Construction
Tile Calculator,tile-calculator,https://tools.yalla-calculator.co.uk/tile-calculator/,calculator,True,
Tile Cut Calculator,tile-cut-calculator,https://tools.yalla-calculator.co.uk/tile-cut-calculator/,calculator,True,
Tile Flooring Cost Guide,tile-flooring-cost-guide,https://tools.yalla-calculator.co.uk/tile-flooring-cost-guide/,guide,True,
Tile Labor Cost Calculator,tile-labor-cost-calculator,https://tools.yalla-calculator.co.uk/tile-labor-cost-calculator/,calculator,True,
Tile Layout Calculator,tile-layout-calculator,https://tools.yalla-calculator.co.uk/tile-layout-calculator/,calculator,True,
Tile Mortar Calculator,tile-mortar-calculator,https://tools.yalla-calculator.co.uk/tile-mortar-calculator/,calculator,True,
Tile Pattern Calculator,tile-pattern-calculator,https://tools.yalla-calculator.co.uk/tile-pattern-calculator/,calculator,True,
Tile Repair Cost Guide,tile-repair-cost-guide,https://tools.yalla-calculator.co.uk/tile-repair-cost-guide/,guide,True,
Tile Spacers Calculator,tile-spacers-calculator,https://tools.yalla-calculator.co.uk/tile-spacers-calculator/,calculator,True,
Tile Spacing Calculator,tile-spacing-calculator,https://tools.yalla-calculator.co.uk/tile-spacing-calculator/,calculator,True,
Tile Thinset Calculator,tile-thinset-calculator,https://tools.yalla-calculator.co.uk/tile-thinset-calculator/,calculator,True,
Time Between Dates Calculator,time-between-dates-calculator,https://tools.yalla-calculator.co.uk/time-between-dates-calculator/,calculator,True,
Time Calculator,time-calculator,https://tools.yalla-calculator.co.uk/time-calculator/,calculator,True,Time Date
Time Conversion Calculators,time-conversion-calculators,https://tools.yalla-calculator.co.uk/time-conversion-calculators/,category,True,
Time Converter,time-converter,https://tools.yalla-calculator.co.uk/time-converter/,converter,True,
Time Date Calculators,time-date-calculators,https://tools.yalla-calculator.co.uk/time-date-calculators/,category,True,Financial
Time Duration Calculator,time-duration-calculator,https://tools.yalla-calculator.co.uk/time-duration-calculator/,calculator,True,Time Date
Time In Range Calculator,time-in-range-calculator,https://tools.yalla-calculator.co.uk/time-in-range-calculator/,calculator,True,
Time Zone Calculator,time-zone-calculator,https://tools.yalla-calculator.co.uk/time-zone-calculator/,calculator,True,
Time Zone Converter,time-zone-converter,https://tools.yalla-calculator.co.uk/time-zone-converter/,converter,True,Time Date
Time,time,https://tools.yalla-calculator.co.uk/time/,page,False,
Timer,timer,https://tools.yalla-calculator.co.uk/timer/,timer,True,
Timing Belt Replacement Calculator,timing-belt-replacement-calculator,https://tools.yalla-calculator.co.uk/timing-belt-replacement-calculator/,calculator,True,
Tip Calculator,tip-calculator,https://tools.yalla-calculator.co.uk/tip-calculator/,calculator,True,
Tire Age Calculator,tire-age-calculator,https://tools.yalla-calculator.co.uk/tire-age-calculator/,calculator,True,
Tire Aspect Ratio Calculator,tire-aspect-ratio-calculator,https://tools.yalla-calculator.co.uk/tire-aspect-ratio-calculator/,calculator,True,
Tire Balancing Calculator,tire-balancing-calculator,https://tools.yalla-calculator.co.uk/tire-balancing-calculator/,calculator,True,
Tire Budget Calculator,tire-budget-calculator,https://tools.yalla-calculator.co.uk/tire-budget-calculator/,calculator,True,
Tire Circumference Calculator,tire-circumference-calculator,https://tools.yalla-calculator.co.uk/tire-circumference-calculator/,calculator,True,
Tire Cirumference Calculator,tire-cirumference-calculator,https://tools.yalla-calculator.co.uk/tire-cirumference-calculator/,calculator,True,
Tire Comparison Calculator,tire-comparison-calculator,https://tools.yalla-calculator.co.uk/tire-comparison-calculator/,calculator,True,Automotive
Tire Cost Calculator,tire-cost-calculator,https://tools.yalla-calculator.co.uk/tire-cost-calculator/,calculator,True,
Tire Diameter Calculator,tire-diameter-calculator,https://tools.yalla-calculator.co.uk/tire-diameter-calculator/,calculator,True,
Tire Grip Calculator,tire-grip-calculator,https://tools.yalla-calculator.co.uk/tire-grip-calculator/,calculator,True,
Tire Height Calculator,tire-height-calculator,https://tools.yalla-calculator.co.uk/tire-height-calculator/,calculator,True,
Tire Inflation Calculator,tire-inflation-calculator,https://tools.yalla-calculator.co.uk/tire-inflation-calculator/,calculator,True,
Tire Inspection Calculator,tire-inspection-calculator,https://tools.yalla-calculator.co.uk/tire-inspection-calculator/,calculator,True,
Tire Investment Calculator,tire-investment-calculator,https://tools.yalla-calculator.co.uk/tire-investment-calculator/,calculator,True,
Tire Life Calculator,tire-life-calculator,https://tools.yalla-calculator.co.uk/tire-life-calculator/,calculator,True,
Tire Load Capacity Calculator,tire-load-capacity-calculator,https://tools.yalla-calculator.co.uk/tire-load-capacity-calculator/,calculator,True,
Tire Maintenance Calculator,tire-maintenance-calculator,https://tools.yalla-calculator.co.uk/tire-maintenance-calculator/,calculator,True,
Tire Maintenance Cost Calculator,tire-maintenance-cost-calculator,https://tools.yalla-calculator.co.uk/tire-maintenance-cost-calculator/,calculator,True,
Tire Milage Calculator,tire-milage-calculator,https://tools.yalla-calculator.co.uk/tire-milage-calculator/,calculator,True,
Tire Pressure Calculator,tire-pressure-calculator,https://tools.yalla-calculator.co.uk/tire-pressure-calculator/,calculator,True,Automotive
Tire Pressure Chart Generator,tire-pressure-chart-generator,https://tools.yalla-calculator.co.uk/tire-pressure-chart-generator/,generator,True,
Tire Pressure Conversion Calculator,tire-pressure-conversion-calculator,https://tools.yalla-calculator.co.uk/tire-pressure-conversion-calculator/,calculator,True,
Tire Pressure Fuel Economy Calculator,tire-pressure-fuel-economy-calculator,https://tools.yalla-calculator.co.uk/tire-pressure-fuel-economy-calculator/,calculator,True,
Tire Pressure Hot Calculator,tire-pressure-hot-calculator,https://tools.yalla-calculator.co.uk/tire-pressure-hot-calculator/,calculator,True,
Tire Pressure Monitor Calculator,tire-pressure-monitor-calculator,https://tools.yalla-calculator.co.uk/tire-pressure-monitor-calculator/,calculator,True,
Tire Pressure Temperature Calculator,tire-pressure-temperature-calculator,https://tools.yalla-calculator.co.uk/tire-pressure-temperature-calculator/,calculator,True,
Tire Pressure Unit Converter,tire-pressure-unit-converter,https://tools.yalla-calculator.co.uk/tire-pressure-unit-converter/,converter,True,
Tire Repair Calculator,tire-repair-calculator,https://tools.yalla-calculator.co.uk/tire-repair-calculator/,calculator,True,
Tire Replacement Calculator,tire-replacement-calculator,https://tools.yalla-calculator.co.uk/tire-replacement-calculator/,calculator,True,
Tire Replacement Cost Calculator,tire-replacement-cost-calculator,https://tools.yalla-calculator.co.uk/tire-replacement-cost-calculator/,calculator,True,
Tire Revolutions Calculator,tire-revolutions-calculator,https://tools.yalla-calculator.co.uk/tire-revolutions-calculator/,calculator,True,Automotive
Tire Rollout Calculator,tire-rollout-calculator,https://tools.yalla-calculator.co.uk/tire-rollout-calculator/,calculator,True,
Tire Rotation Calculator,tire-rotation-calculator,https://tools.yalla-calculator.co.uk/tire-rotation-calculator/,calculator,True,Automotive
Tire Rotation Distance Calculator,tire-rotation-distance-calculator,https://tools.yalla-calculator.co.uk/tire-rotation-distance-calculator/,calculator,True,
Tire Size Calculator,tire-size-calculator,https://tools.yalla-calculator.co.uk/tire-size-calculator/,calculator,True,Automotive
Tire Size Comparison Calculator,tire-size-comparison-calculator,https://tools.yalla-calculator.co.uk/tire-size-comparison-calculator/,calculator,True,
Tire Size Conversion Calculator,tire-size-conversion-calculator,https://tools.yalla-calculator.co.uk/tire-size-conversion-calculator/,calculator,True,
Tire Size Horsepower Calculator,tire-size-horsepower-calculator,https://tools.yalla-calculator.co.uk/tire-size-horsepower-calculator/,calculator,True,
Tire Size Speedometer Calculator,tire-size-speedometer-calculator,https://tools.yalla-calculator.co.uk/tire-size-speedometer-calculator/,calculator,True,
Tire Storage Calculator,tire-storage-calculator,https://tools.yalla-calculator.co.uk/tire-storage-calculator/,calculator,True,
Tire Stretch Calculator,tire-stretch-calculator,https://tools.yalla-calculator.co.uk/tire-stretch-calculator/,calculator,True,
Tire Temperature Calculator,tire-temperature-calculator,https://tools.yalla-calculator.co.uk/tire-temperature-calculator/,calculator,True,
Tire Tread Depth Calculator,tire-tread-depth-calculator,https://tools.yalla-calculator.co.uk/tire-tread-depth-calculator/,calculator,True,
Tire Tread Wear Calculator,tire-tread-wear-calculator,https://tools.yalla-calculator.co.uk/tire-tread-wear-calculator/,calculator,True,
Tire Value Calculator,tire-value-calculator,https://tools.yalla-calculator.co.uk/tire-value-calculator/,calculator,True,
Tire Warranty Calculator,tire-warranty-calculator,https://tools.yalla-calculator.co.uk/tire-warranty-calculator/,calculator,True,
Tire Wear Calculator,tire-wear-calculator,https://tools.yalla-calculator.co.uk/tire-wear-calculator/,calculator,True,Automotive
Tire Weight Calculator,tire-weight-calculator,https://tools.yalla-calculator.co.uk/tire-weight-calculator/,calculator,True,
Tire Width Calculator,tire-width-calculator,https://tools.yalla-calculator.co.uk/tire-width-calculator/,calculator,True,
Tons To Kilograms Calculator,tons-to-kilograms-calculator,https://tools.yalla-calculator.co.uk/tons-to-kilograms-calculator/,calculator,True,
Tons To Metric Tons Converter,tons-to-metric-tons-converter,https://tools.yalla-calculator.co.uk/tons-to-metric-tons-converter/,converter,True,
Tons To Watts,tons-to-watts,https://tools.yalla-calculator.co.uk/tons-to-watts/,page,False,Conversion
Tool Rental Calculator,tool-rental-calculator,https://tools.yalla-calculator.co.uk/tool-rental-calculator/,calculator,True,
Tool Time Calculator,tool-time-calculator,https://tools.yalla-calculator.co.uk/tool-time-calculator/,calculator,True,
Tools Calculator,tools-calculator,https://tools.yalla-calculator.co.uk/tools-calculator/,calculator,True,
Topsoil Calculator,topsoil-calculator,https://tools.yalla-calculator.co.uk/topsoil-calculator/,calculator,True,
Torque Calculator,torque-calculator,https://tools.yalla-calculator.co.uk/torque-calculator/,calculator,True,Automotive
Torque To Horsepower Calculator,torque-to-horsepower-calculator,https://tools.yalla-calculator.co.uk/torque-to-horsepower-calculator/,calculator,True,
Torr To Pascals Converter,torr-to-pascals-converter,https://tools.yalla-calculator.co.uk/torr-to-pascals-converter/,converter,True,
Total Auto Cost Calculator,total-auto-cost-calculator,https://tools.yalla-calculator.co.uk/total-auto-cost-calculator/,calculator,True,
Total Cost Calculator,total-cost-calculator,https://tools.yalla-calculator.co.uk/total-cost-calculator/,calculator,True,
Total Cost Of Ownership Calculator,total-cost-of-ownership-calculator,https://tools.yalla-calculator.co.uk/total-cost-of-ownership-calculator/,calculator,True,
Total Interest Calculator Auto,total-interest-calculator-auto,https://tools.yalla-calculator.co.uk/total-interest-calculator-auto/,calculator,True,
Total Interest Paid Calculator,total-interest-paid-calculator,https://tools.yalla-calculator.co.uk/total-interest-paid-calculator/,calculator,True,
Total Loan Cost Calculator,total-loan-cost-calculator,https://tools.yalla-calculator.co.uk/total-loan-cost-calculator/,calculator,True,
Total Maintenance Cost Calculator,total-maintenance-cost-calculator,https://tools.yalla-calculator.co.uk/total-maintenance-cost-calculator/,calculator,True,
Total Operating Cost Calculator,total-operating-cost-calculator,https://tools.yalla-calculator.co.uk/total-operating-cost-calculator/,calculator,True,
Total Project Cost Calculator,total-project-cost-calculator,https://tools.yalla-calculator.co.uk/total-project-cost-calculator/,calculator,True,
Tpo Roof Calculator,tpo-roof-calculator,https://tools.yalla-calculator.co.uk/tpo-roof-calculator/,calculator,True,
Trace Minerals Calculator,trace-minerals-calculator,https://tools.yalla-calculator.co.uk/trace-minerals-calculator/,calculator,True,
Track Tire Calculator,track-tire-calculator,https://tools.yalla-calculator.co.uk/track-tire-calculator/,calculator,True,
Track Width Calculator,track-width-calculator,https://tools.yalla-calculator.co.uk/track-width-calculator/,calculator,True,
Trade In Down Payment Calculator,trade-in-down-payment-calculator,https://tools.yalla-calculator.co.uk/trade-in-down-payment-calculator/,calculator,True,
Trade In Equity Calculator,trade-in-equity-calculator,https://tools.yalla-calculator.co.uk/trade-in-equity-calculator/,calculator,True,
Trade In Impact Calculator,trade-in-impact-calculator,https://tools.yalla-calculator.co.uk/trade-in-impact-calculator/,calculator,True,
Trade In Loan Calculator,trade-in-loan-calculator,https://tools.yalla-calculator.co.uk/trade-in-loan-calculator/,calculator,True,
Trade In Value Calculator,trade-in-value-calculator,https://tools.yalla-calculator.co.uk/trade-in-value-calculator/,calculator,True,
Traditional Remedy Calculator,traditional-remedy-calculator,https://tools.yalla-calculator.co.uk/traditional-remedy-calculator/,calculator,True,
Training Cost Calculator,training-cost-calculator,https://tools.yalla-calculator.co.uk/training-cost-calculator/,calculator,True,
Training Load Calculator,training-load-calculator,https://tools.yalla-calculator.co.uk/training-load-calculator/,calculator,True,
Training Schedule Calculator,training-schedule-calculator,https://tools.yalla-calculator.co.uk/training-schedule-calculator/,calculator,True,
Transformer Calculator,transformer-calculator,https://tools.yalla-calculator.co.uk/transformer-calculator/,calculator,True,
Transformer Efficiency Calculator,transformer-efficiency-calculator,https://tools.yalla-calculator.co.uk/transformer-efficiency-calculator/,calculator,True,Electrical
Transformer Impedance Calculator,transformer-impedance-calculator,https://tools.yalla-calculator.co.uk/transformer-impedance-calculator/,calculator,True,Electrical
Transformer Kva Calculator,transformer-kva-calculator,https://tools.yalla-calculator.co.uk/transformer-kva-calculator/,calculator,True,Electrical
Transformer Losses Calculator,transformer-losses-calculator,https://tools.yalla-calculator.co.uk/transformer-losses-calculator/,calculator,True,Electrical
Transformer Sizing Calculator,transformer-sizing-calculator,https://tools.yalla-calculator.co.uk/transformer-sizing-calculator/,calculator,True,Electrical
Transformer Turns Ratio Calculator,transformer-turns-ratio-calculator,https://tools.yalla-calculator.co.uk/transformer-turns-ratio-calculator/,calculator,True,Electrical
Transmission Ratio Calculator,transmission-ratio-calculator,https://tools.yalla-calculator.co.uk/transmission-ratio-calculator/,calculator,True,
Transportation Cost Calculator,transportation-cost-calculator,https://tools.yalla-calculator.co.uk/transportation-cost-calculator/,calculator,True,
Trap Speed Calculator,trap-speed-calculator,https://tools.yalla-calculator.co.uk/trap-speed-calculator/,calculator,True,
Trauma Score Calculator,trauma-score-calculator,https://tools.yalla-calculator.co.uk/trauma-score-calculator/,calculator,True,
Travel Budget Calculator,travel-budget-calculator,https://tools.yalla-calculator.co.uk/travel-budget-calculator/,calculator,True,
Travel Expenses Calculator,travel-expenses-calculator,https://tools.yalla-calculator.co.uk/travel-expenses-calculator/,calculator,True,
Travel Insurance Calculator,travel-insurance-calculator,https://tools.yalla-calculator.co.uk/travel-insurance-calculator/,calculator,True,
Travel Insurance Comparison,travel-insurance-comparison,https://tools.yalla-calculator.co.uk/travel-insurance-comparison/,comparison,True,
Travel Insurance Coverage Calculator,travel-insurance-coverage-calculator,https://tools.yalla-calculator.co.uk/travel-insurance-coverage-calculator/,calculator,True,
Travel Insurance Premium Calculator,travel-insurance-premium-calculator,https://tools.yalla-calculator.co.uk/travel-insurance-premium-calculator/,calculator,True,
Travel Medical Insurance Calculator,travel-medical-insurance-calculator,https://tools.yalla-calculator.co.uk/travel-medical-insurance-calculator/,calculator,True,
Travel Money Calculator,travel-money-calculator,https://tools.yalla-calculator.co.uk/travel-money-calculator/,calculator,True,
Travel Money Card Calculator,travel-money-card-calculator,https://tools.yalla-calculator.co.uk/travel-money-card-calculator/,calculator,True,
Travel Rewards Calculator,travel-rewards-calculator,https://tools.yalla-calculator.co.uk/travel-rewards-calculator/,calculator,True,
Travel Risk Calculator,travel-risk-calculator,https://tools.yalla-calculator.co.uk/travel-risk-calculator/,calculator,True,
Travel Time Calculator,travel-time-calculator,https://tools.yalla-calculator.co.uk/travel-time-calculator/,calculator,True,
Treatment Effectiveness Calculator,treatment-effectiveness-calculator,https://tools.yalla-calculator.co.uk/treatment-effectiveness-calculator/,calculator,True,
Tree Fertilizer Calculator,tree-fertilizer-calculator,https://tools.yalla-calculator.co.uk/tree-fertilizer-calculator/,calculator,True,
Tree Planting Calculator,tree-planting-calculator,https://tools.yalla-calculator.co.uk/tree-planting-calculator/,calculator,True,
Tree Removal Calculator,tree-removal-calculator,https://tools.yalla-calculator.co.uk/tree-removal-calculator/,calculator,True,
Tree Root Calculator,tree-root-calculator,https://tools.yalla-calculator.co.uk/tree-root-calculator/,calculator,True,
Tree Spacing Calculator,tree-spacing-calculator,https://tools.yalla-calculator.co.uk/tree-spacing-calculator/,calculator,True,
Tree Watering Calculator,tree-watering-calculator,https://tools.yalla-calculator.co.uk/tree-watering-calculator/,calculator,True,
Trellis Calculator,trellis-calculator,https://tools.yalla-calculator.co.uk/trellis-calculator/,calculator,True,
Triangle Calculators,triangle-calculators,https://tools.yalla-calculator.co.uk/triangle-calculators/,category,True,
Triglyceride Hdl Ratio Calculator,triglyceride-hdl-ratio-calculator,https://tools.yalla-calculator.co.uk/triglyceride-hdl-ratio-calculator/,calculator,True,
Trigonometry Calculators,trigonometry-calculators,https://tools.yalla-calculator.co.uk/trigonometry-calculators/,category,True,
Trim And Molding Calculator,trim-and-molding-calculator,https://tools.yalla-calculator.co.uk/trim-and-molding-calculator/,calculator,True,Construction
Trip Cancellation Calculator,trip-cancellation-calculator,https://tools.yalla-calculator.co.uk/trip-cancellation-calculator/,calculator,True,
Trip Cost Calculator,trip-cost-calculator,https://tools.yalla-calculator.co.uk/trip-cost-calculator/,calculator,True,
Trip Fuel Cost Calculator,trip-fuel-cost-calculator,https://tools.yalla-calculator.co.uk/trip-fuel-cost-calculator/,calculator,True,
Trip Insurance Calculator,trip-insurance-calculator,https://tools.yalla-calculator.co.uk/trip-insurance-calculator/,calculator,True,
Triple Net Lease Calculator,triple-net-lease-calculator,https://tools.yalla-calculator.co.uk/triple-net-lease-calculator/,calculator,True,
True Cost Of Ownership Calculator,true-cost-of-ownership-calculator,https://tools.yalla-calculator.co.uk/true-cost-of-ownership-calculator/,calculator,True,
Tuning Gain Calculator,tuning-gain-calculator,https://tools.yalla-calculator.co.uk/tuning-gain-calculator/,calculator,True,
Turbo Horsepower Calculator,turbo-horsepower-calculator,https://tools.yalla-calculator.co.uk/turbo-horsepower-calculator/,calculator,True,
Turbo Lag Calculator,turbo-lag-calculator,https://tools.yalla-calculator.co.uk/turbo-lag-calculator/,calculator,True,
Turbo Size Calculator,turbo-size-calculator,https://tools.yalla-calculator.co.uk/turbo-size-calculator/,calculator,True,
Turf Calculator,turf-calculator,https://tools.yalla-calculator.co.uk/turf-calculator/,calculator,True,
Turkey Cooking Time Calculator,turkey-cooking-time-calculator,https://tools.yalla-calculator.co.uk/turkey-cooking-time-calculator/,calculator,True,Cooking
Turkey Size,turkey-size,https://tools.yalla-calculator.co.uk/turkey-size/,page,False,
Turmeric Absorption Calculator,turmeric-absorption-calculator,https://tools.yalla-calculator.co.uk/turmeric-absorption-calculator/,calculator,True,
U Value Calculator,u-value-calculator,https://tools.yalla-calculator.co.uk/u-value-calculator/,calculator,True,
Uk MPG To Us MPG Converter,uk-mpg-to-us-mpg-converter,https://tools.yalla-calculator.co.uk/uk-mpg-to-us-mpg-converter/,converter,True,
Underground Conduit Calculator,underground-conduit-calculator,https://tools.yalla-calculator.co.uk/underground-conduit-calculator/,calculator,True,Electrical
Underlayment Calculator,underlayment-calculator,https://tools.yalla-calculator.co.uk/underlayment-calculator/,calculator,True,
Unit Conversion Calculator,unit-conversion-calculator,https://tools.yalla-calculator.co.uk/unit-conversion-calculator/,calculator,True,
Unit Price Calculator,unit-price-calculator,https://tools.yalla-calculator.co.uk/unit-price-calculator/,calculator,True,
Unsprung Weight Calculator,unsprung-weight-calculator,https://tools.yalla-calculator.co.uk/unsprung-weight-calculator/,calculator,True,
Urgent Care Locator,urgent-care-locator,https://tools.yalla-calculator.co.uk/urgent-care-locator/,locator,True,
Urine Anion Gap Calculator,urine-anion-gap-calculator,https://tools.yalla-calculator.co.uk/urine-anion-gap-calculator/,calculator,True,
Us MPG To Uk MPG Converter,us-mpg-to-uk-mpg-converter,https://tools.yalla-calculator.co.uk/us-mpg-to-uk-mpg-converter/,converter,True,
Usda Loan Calculator,usda-loan-calculator,https://tools.yalla-calculator.co.uk/usda-loan-calculator/,calculator,True,
Used Car Fuel Efficiency Calculator,used-car-fuel-efficiency-calculator,https://tools.yalla-calculator.co.uk/used-car-fuel-efficiency-calculator/,calculator,True,
Utilities Cost Calculator,utilities-cost-calculator,https://tools.yalla-calculator.co.uk/utilities-cost-calculator/,calculator,True,
UV Sterilizer Calculator,uv-sterilizer-calculator,https://tools.yalla-calculator.co.uk/uv-sterilizer-calculator/,calculator,True,
Va Loan Calculator,va-loan-calculator,https://tools.yalla-calculator.co.uk/va-loan-calculator/,calculator,True,
Va Refinance Calculator,va-refinance-calculator,https://tools.yalla-calculator.co.uk/va-refinance-calculator/,calculator,True,
Vacancy Rate Calculator,vacancy-rate-calculator,https://tools.yalla-calculator.co.uk/vacancy-rate-calculator/,calculator,True,
Vacation Fuel Cost Calculator,vacation-fuel-cost-calculator,https://tools.yalla-calculator.co.uk/vacation-fuel-cost-calculator/,calculator,True,
Valley Calculator,valley-calculator,https://tools.yalla-calculator.co.uk/valley-calculator/,calculator,True,
Value At Risk Calculator,value-at-risk-calculator,https://tools.yalla-calculator.co.uk/value-at-risk-calculator/,calculator,True,
Value Comparison Calculator,value-comparison-calculator,https://tools.yalla-calculator.co.uk/value-comparison-calculator/,calculator,True,
Value Loss Calculator,value-loss-calculator,https://tools.yalla-calculator.co.uk/value-loss-calculator/,calculator,True,
Valve Timing Calculator,valve-timing-calculator,https://tools.yalla-calculator.co.uk/valve-timing-calculator/,calculator,True,
Variable Income Budget Calculator,variable-income-budget-calculator,https://tools.yalla-calculator.co.uk/variable-income-budget-calculator/,calculator,True,
VAT Calculator,vat-calculator,https://tools.yalla-calculator.co.uk/vat-calculator/,calculator,True,
VAT Exclusive Calculator,vat-exclusive-calculator,https://tools.yalla-calculator.co.uk/vat-exclusive-calculator/,calculator,True,
VAT Inclusive Calculator,vat-inclusive-calculator,https://tools.yalla-calculator.co.uk/vat-inclusive-calculator/,calculator,True,
VAT Rate Comparison,vat-rate-comparison,https://tools.yalla-calculator.co.uk/vat-rate-comparison/,comparison,True,
VAT Refund Calculator,vat-refund-calculator,https://tools.yalla-calculator.co.uk/vat-refund-calculator/,calculator,True,
VAT Registration Calculator,vat-registration-calculator,https://tools.yalla-calculator.co.uk/vat-registration-calculator/,calculator,True,
Vegan Nutrition Calculator,vegan-nutrition-calculator,https://tools.yalla-calculator.co.uk/vegan-nutrition-calculator/,calculator,True,
Vegan Substitution Calculator,vegan-substitution-calculator,https://tools.yalla-calculator.co.uk/vegan-substitution-calculator/,calculator,True,Cooking
Vegetable Garden Calculator,vegetable-garden-calculator,https://tools.yalla-calculator.co.uk/vegetable-garden-calculator/,calculator,True,
Vehicle Affordability Calculator,vehicle-affordability-calculator,https://tools.yalla-calculator.co.uk/vehicle-affordability-calculator/,calculator,True,
Vehicle Comparison Calculator,vehicle-comparison-calculator,https://tools.yalla-calculator.co.uk/vehicle-comparison-calculator/,calculator,True,
Vehicle Depreciation Calculator,vehicle-depreciation-calculator,https://tools.yalla-calculator.co.uk/vehicle-depreciation-calculator/,calculator,True,
Vehicle Emissions Calculator,vehicle-emissions-calculator,https://tools.yalla-calculator.co.uk/vehicle-emissions-calculator/,calculator,True,
Vehicle Lease Calculator,vehicle-lease-calculator,https://tools.yalla-calculator.co.uk/vehicle-lease-calculator/,calculator,True,
Vehicle Loan Calculators,vehicle-loan-calculators,https://tools.yalla-calculator.co.uk/vehicle-loan-calculators/,category,True,
Vehicle Trade In Calculator,vehicle-trade-in-calculator,https://tools.yalla-calculator.co.uk/vehicle-trade-in-calculator/,calculator,True,
Vehicle Utilization Calculator,vehicle-utilization-calculator,https://tools.yalla-calculator.co.uk/vehicle-utilization-calculator/,calculator,True,
Vendor Management Calculator,vendor-management-calculator,https://tools.yalla-calculator.co.uk/vendor-management-calculator/,calculator,True,
Ventilation Area Calculator,ventilation-area-calculator,https://tools.yalla-calculator.co.uk/ventilation-area-calculator/,calculator,True,
Vibration Analysis Calculator,vibration-analysis-calculator,https://tools.yalla-calculator.co.uk/vibration-analysis-calculator/,calculator,True,
Video,video,https://tools.yalla-calculator.co.uk/video/,category,False,Financial
Vinyl Adhesive Calculator,vinyl-adhesive-calculator,https://tools.yalla-calculator.co.uk/vinyl-adhesive-calculator/,calculator,True,
Vinyl Fence Calculator,vinyl-fence-calculator,https://tools.yalla-calculator.co.uk/vinyl-fence-calculator/,calculator,True,Construction
Vinyl Fence Cost Calculator,vinyl-fence-cost-calculator,https://tools.yalla-calculator.co.uk/vinyl-fence-cost-calculator/,calculator,True,
Vinyl Flooring Calculator,vinyl-flooring-calculator,https://tools.yalla-calculator.co.uk/vinyl-flooring-calculator/,calculator,True,
Vinyl Flooring Cost Guide,vinyl-flooring-cost-guide,https://tools.yalla-calculator.co.uk/vinyl-flooring-cost-guide/,guide,True,
Vinyl Seam Calculator,vinyl-seam-calculator,https://tools.yalla-calculator.co.uk/vinyl-seam-calculator/,calculator,True,
Vinyl Siding Calculator,vinyl-siding-calculator,https://tools.yalla-calculator.co.uk/vinyl-siding-calculator/,calculator,True,Construction
Vinyl Transition Calculator,vinyl-transition-calculator,https://tools.yalla-calculator.co.uk/vinyl-transition-calculator/,calculator,True,
Vinyl Underlayment Calculator,vinyl-underlayment-calculator,https://tools.yalla-calculator.co.uk/vinyl-underlayment-calculator/,calculator,True,
Vitamin Absorption Calculator,vitamin-absorption-calculator,https://tools.yalla-calculator.co.uk/vitamin-absorption-calculator/,calculator,True,
Vitamin C Requirements Calculator,vitamin-c-requirements-calculator,https://tools.yalla-calculator.co.uk/vitamin-c-requirements-calculator/,calculator,True,
Vitamin D Dosage Calculator,vitamin-d-dosage-calculator,https://tools.yalla-calculator.co.uk/vitamin-d-dosage-calculator/,calculator,True,Health
Vitamin Deficiency Calculator,vitamin-deficiency-calculator,https://tools.yalla-calculator.co.uk/vitamin-deficiency-calculator/,calculator,True,
Vitamin Needs Calculator,vitamin-needs-calculator,https://tools.yalla-calculator.co.uk/vitamin-needs-calculator/,calculator,True,Health
Vitamin Toxicity Calculator,vitamin-toxicity-calculator,https://tools.yalla-calculator.co.uk/vitamin-toxicity-calculator/,calculator,True,
Vo2 Max Calculator,vo2-max-calculator,https://tools.yalla-calculator.co.uk/vo2-max-calculator/,calculator,True,Health
Volatility Calculator,volatility-calculator,https://tools.yalla-calculator.co.uk/volatility-calculator/,calculator,True,
Voltage Converter Calculator,voltage-converter-calculator,https://tools.yalla-calculator.co.uk/voltage-converter-calculator/,calculator,True,Electrical
Voltage Divider Calculator,voltage-divider-calculator,https://tools.yalla-calculator.co.uk/voltage-divider-calculator/,calculator,True,Electrical
Voltage Doubler Calculator,voltage-doubler-calculator,https://tools.yalla-calculator.co.uk/voltage-doubler-calculator/,calculator,True,Electrical
Voltage Drop Calculator,voltage-drop-calculator,https://tools.yalla-calculator.co.uk/voltage-drop-calculator/,calculator,True,Electrical
Voltage Drop Percentage Calculator,voltage-drop-percentage-calculator,https://tools.yalla-calculator.co.uk/voltage-drop-percentage-calculator/,calculator,True,Electrical
Voltage Multiplier Calculator,voltage-multiplier-calculator,https://tools.yalla-calculator.co.uk/voltage-multiplier-calculator/,calculator,True,Electrical
Voltage Regulation Calculator,voltage-regulation-calculator,https://tools.yalla-calculator.co.uk/voltage-regulation-calculator/,calculator,True,Electrical
Voltage Requirement Calculator,voltage-requirement-calculator,https://tools.yalla-calculator.co.uk/voltage-requirement-calculator/,calculator,True,
Voltage Transformer Calculator,voltage-transformer-calculator,https://tools.yalla-calculator.co.uk/voltage-transformer-calculator/,calculator,True,Electrical
Volume Calculator,volume-calculator,https://tools.yalla-calculator.co.uk/volume-calculator/,calculator,True,Math
Volume Converter,volume-converter,https://tools.yalla-calculator.co.uk/volume-converter/,converter,True,
Wainscoting Calculator,wainscoting-calculator,https://tools.yalla-calculator.co.uk/wainscoting-calculator/,calculator,True,
Wainscoting Cost Guide,wainscoting-cost-guide,https://tools.yalla-calculator.co.uk/wainscoting-cost-guide/,guide,True,
Wainscoting Height Calculator,wainscoting-height-calculator,https://tools.yalla-calculator.co.uk/wainscoting-height-calculator/,calculator,True,
Wainscoting Layout Calculator,wainscoting-layout-calculator,https://tools.yalla-calculator.co.uk/wainscoting-layout-calculator/,calculator,True,Construction
Waist To Height Calculator,waist-to-height-calculator,https://tools.yalla-calculator.co.uk/waist-to-height-calculator/,calculator,True,
Waist To Height Ratio Calculator,waist-to-height-ratio-calculator,https://tools.yalla-calculator.co.uk/waist-to-height-ratio-calculator/,calculator,True,
Waist To Hip Calculator,waist-to-hip-calculator,https://tools.yalla-calculator.co.uk/waist-to-hip-calculator/,calculator,True,
Waist To Hip Ratio Calculator 2,waist-to-hip-ratio-calculator-2,https://tools.yalla-calculator.co.uk/waist-to-hip-ratio-calculator-2/,calculator,True,
Wake Up Time Calculator,wake-up-time-calculator,https://tools.yalla-calculator.co.uk/wake-up-time-calculator/,calculator,True,Health
Walk In Cooler Calculator,walk-in-cooler-calculator,https://tools.yalla-calculator.co.uk/walk-in-cooler-calculator/,calculator,True,
Walkway Calculator,walkway-calculator,https://tools.yalla-calculator.co.uk/walkway-calculator/,calculator,True,
Wall Area Calculator,wall-area-calculator,https://tools.yalla-calculator.co.uk/wall-area-calculator/,calculator,True,
Wall Ceiling,wall-ceiling,https://tools.yalla-calculator.co.uk/wall-ceiling/,page,False,
Wall Framing Calculator,wall-framing-calculator,https://tools.yalla-calculator.co.uk/wall-framing-calculator/,calculator,True,
Wall Framing Materials Calculator,wall-framing-materials-calculator,https://tools.yalla-calculator.co.uk/wall-framing-materials-calculator/,calculator,True,
Wall Panel Calculator,wall-panel-calculator,https://tools.yalla-calculator.co.uk/wall-panel-calculator/,calculator,True,
Wall Plate Calculator,wall-plate-calculator,https://tools.yalla-calculator.co.uk/wall-plate-calculator/,calculator,True,
Wall Stud Calculator,wall-stud-calculator,https://tools.yalla-calculator.co.uk/wall-stud-calculator/,calculator,True,
Wall Tile Calculator,wall-tile-calculator,https://tools.yalla-calculator.co.uk/wall-tile-calculator/,calculator,True,
Wallpaper Border Calculator,wallpaper-border-calculator,https://tools.yalla-calculator.co.uk/wallpaper-border-calculator/,calculator,True,
Wallpaper Calculator,wallpaper-calculator,https://tools.yalla-calculator.co.uk/wallpaper-calculator/,calculator,True,Construction
Wallpaper Cost Calculator,wallpaper-cost-calculator,https://tools.yalla-calculator.co.uk/wallpaper-cost-calculator/,calculator,True,
Wallpaper Installation Cost Guide,wallpaper-installation-cost-guide,https://tools.yalla-calculator.co.uk/wallpaper-installation-cost-guide/,guide,True,
Wallpaper Labor Cost Calculator,wallpaper-labor-cost-calculator,https://tools.yalla-calculator.co.uk/wallpaper-labor-cost-calculator/,calculator,True,
Wallpaper Paste Calculator,wallpaper-paste-calculator,https://tools.yalla-calculator.co.uk/wallpaper-paste-calculator/,calculator,True,
Wallpaper Pattern Matching Calculator,wallpaper-pattern-matching-calculator,https://tools.yalla-calculator.co.uk/wallpaper-pattern-matching-calculator/,calculator,True,
Wallpaper Removal Calculator,wallpaper-removal-calculator,https://tools.yalla-calculator.co.uk/wallpaper-removal-calculator/,calculator,True,
Wallpaper Removal Cost Guide,wallpaper-removal-cost-guide,https://tools.yalla-calculator.co.uk/wallpaper-removal-cost-guide/,guide,True,
Wallpaper Rolls Calculator,wallpaper-rolls-calculator,https://tools.yalla-calculator.co.uk/wallpaper-rolls-calculator/,calculator,True,
Warfarin Dosage Calculator,warfarin-dosage-calculator,https://tools.yalla-calculator.co.uk/warfarin-dosage-calculator/,calculator,True,
Waste Factor Calculator,waste-factor-calculator,https://tools.yalla-calculator.co.uk/waste-factor-calculator/,calculator,True,
Waste Management Calculator,waste-management-calculator,https://tools.yalla-calculator.co.uk/waste-management-calculator/,calculator,True,
Wastegate Calculator,wastegate-calculator,https://tools.yalla-calculator.co.uk/wastegate-calculator/,calculator,True,
Water Cement Ratio Calculator,water-cement-ratio-calculator,https://tools.yalla-calculator.co.uk/water-cement-ratio-calculator/,calculator,True,
Water Change Calculator,water-change-calculator,https://tools.yalla-calculator.co.uk/water-change-calculator/,calculator,True,
Water Change Schedule,water-change-schedule,https://tools.yalla-calculator.co.uk/water-change-schedule/,schedule,True,
Water Consumption Calculator,water-consumption-calculator,https://tools.yalla-calculator.co.uk/water-consumption-calculator/,calculator,True,
Water Feature Cost Calculator,water-feature-cost-calculator,https://tools.yalla-calculator.co.uk/water-feature-cost-calculator/,calculator,True,
Water Flow Calculator,water-flow-calculator,https://tools.yalla-calculator.co.uk/water-flow-calculator/,calculator,True,
Water Garden Calculator,water-garden-calculator,https://tools.yalla-calculator.co.uk/water-garden-calculator/,calculator,True,
Water Hardness Calculator,water-hardness-calculator,https://tools.yalla-calculator.co.uk/water-hardness-calculator/,calculator,True,
Water Heater Cost Calculator,water-heater-cost-calculator,https://tools.yalla-calculator.co.uk/water-heater-cost-calculator/,calculator,True,
Water Heater Cost Guide,water-heater-cost-guide,https://tools.yalla-calculator.co.uk/water-heater-cost-guide/,guide,True,
Water Heater Energy Calculator,water-heater-energy-calculator,https://tools.yalla-calculator.co.uk/water-heater-energy-calculator/,calculator,True,
Water Heater Gpm Calculator,water-heater-gpm-calculator,https://tools.yalla-calculator.co.uk/water-heater-gpm-calculator/,calculator,True,
Water Heater Maintenance Calculator,water-heater-maintenance-calculator,https://tools.yalla-calculator.co.uk/water-heater-maintenance-calculator/,calculator,True,
Water Heater Recovery Calculator,water-heater-recovery-calculator,https://tools.yalla-calculator.co.uk/water-heater-recovery-calculator/,calculator,True,
Water Heater Size Calculator,water-heater-size-calculator,https://tools.yalla-calculator.co.uk/water-heater-size-calculator/,calculator,True,
Water Intake Calculator 2,water-intake-calculator-2,https://tools.yalla-calculator.co.uk/water-intake-calculator-2/,calculator,True,
Water Pressure Calculator,water-pressure-calculator,https://tools.yalla-calculator.co.uk/water-pressure-calculator/,calculator,True,
Water Pump Calculator,water-pump-calculator,https://tools.yalla-calculator.co.uk/water-pump-calculator/,calculator,True,
Water Softener Cost Guide,water-softener-cost-guide,https://tools.yalla-calculator.co.uk/water-softener-cost-guide/,guide,True,
Water Treatment Calculator,water-treatment-calculator,https://tools.yalla-calculator.co.uk/water-treatment-calculator/,calculator,True,
Water Velocity Calculator,water-velocity-calculator,https://tools.yalla-calculator.co.uk/water-velocity-calculator/,calculator,True,Construction
Water Weight Calculator,water-weight-calculator,https://tools.yalla-calculator.co.uk/water-weight-calculator/,calculator,True,
Waterfall Calculator,waterfall-calculator,https://tools.yalla-calculator.co.uk/waterfall-calculator/,calculator,True,
Waterproofing Calculator,waterproofing-calculator,https://tools.yalla-calculator.co.uk/waterproofing-calculator/,calculator,True,
Watt Hours To Amp Hours Calculator,watt-hours-to-amp-hours-calculator,https://tools.yalla-calculator.co.uk/watt-hours-to-amp-hours-calculator/,calculator,True,Electrical
Watt Hours To Joules Converter,watt-hours-to-joules-converter,https://tools.yalla-calculator.co.uk/watt-hours-to-joules-converter/,converter,True,
Watts To Amps Calculator,watts-to-amps-calculator,https://tools.yalla-calculator.co.uk/watts-to-amps-calculator/,calculator,True,Electrical
Watts To BTU Per Hour Converter,watts-to-btu-per-hour-converter,https://tools.yalla-calculator.co.uk/watts-to-btu-per-hour-converter/,converter,True,
Watts To Horsepower Calculator,watts-to-horsepower-calculator,https://tools.yalla-calculator.co.uk/watts-to-horsepower-calculator/,calculator,True,
Watts To Lumens Calculator,watts-to-lumens-calculator,https://tools.yalla-calculator.co.uk/watts-to-lumens-calculator/,calculator,True,Electrical
Watts To Tons Of Refrigeration Calculator,watts-to-tons-of-refrigeration-calculator,https://tools.yalla-calculator.co.uk/watts-to-tons-of-refrigeration-calculator/,calculator,True,
Wealth Growth Calculator,wealth-growth-calculator,https://tools.yalla-calculator.co.uk/wealth-growth-calculator/,calculator,True,
Weather Delay Calculator,weather-delay-calculator,https://tools.yalla-calculator.co.uk/weather-delay-calculator/,calculator,True,
Wedding Anniversary Calculator,wedding-anniversary-calculator,https://tools.yalla-calculator.co.uk/wedding-anniversary-calculator/,calculator,True,
Week Number Calculator,week-number-calculator,https://tools.yalla-calculator.co.uk/week-number-calculator/,calculator,True,Time Date
Weeks To Days Calculator,weeks-to-days-calculator,https://tools.yalla-calculator.co.uk/weeks-to-days-calculator/,calculator,True,
Weight Converter,weight-converter,https://tools.yalla-calculator.co.uk/weight-converter/,converter,True,
Weight Distribution Calculator,weight-distribution-calculator,https://tools.yalla-calculator.co.uk/weight-distribution-calculator/,calculator,True,
Weight Fluctuation Calculator,weight-fluctuation-calculator,https://tools.yalla-calculator.co.uk/weight-fluctuation-calculator/,calculator,True,Health
Weight Gain Calculator,weight-gain-calculator,https://tools.yalla-calculator.co.uk/weight-gain-calculator/,calculator,True,Health
Weight Gain Calorie Calculator,weight-gain-calorie-calculator,https://tools.yalla-calculator.co.uk/weight-gain-calorie-calculator/,calculator,True,
Weight Goal Calculator,weight-goal-calculator,https://tools.yalla-calculator.co.uk/weight-goal-calculator/,calculator,True,
Weight Loss Calculator,weight-loss-calculator,https://tools.yalla-calculator.co.uk/weight-loss-calculator/,calculator,True,Health
Weight Loss Calorie Calculator,weight-loss-calorie-calculator,https://tools.yalla-calculator.co.uk/weight-loss-calorie-calculator/,calculator,True,
Weight Loss Goal Calculator,weight-loss-goal-calculator,https://tools.yalla-calculator.co.uk/weight-loss-goal-calculator/,calculator,True,
Weight Loss Measurement Calculator,weight-loss-measurement-calculator,https://tools.yalla-calculator.co.uk/weight-loss-measurement-calculator/,calculator,True,
Weight Loss Pace Calculator,weight-loss-pace-calculator,https://tools.yalla-calculator.co.uk/weight-loss-pace-calculator/,calculator,True,
Weight Loss Progress Calculator,weight-loss-progress-calculator,https://tools.yalla-calculator.co.uk/weight-loss-progress-calculator/,calculator,True,
Weight Loss Timeline Calculator,weight-loss-timeline-calculator,https://tools.yalla-calculator.co.uk/weight-loss-timeline-calculator/,calculator,True,
Weight Maintenance Calculator,weight-maintenance-calculator,https://tools.yalla-calculator.co.uk/weight-maintenance-calculator/,calculator,True,Health
Weight Management,weight-management,https://tools.yalla-calculator.co.uk/weight-management/,page,False,
Weight Reduction Calculator,weight-reduction-calculator,https://tools.yalla-calculator.co.uk/weight-reduction-calculator/,calculator,True,
Weight Reduction Efficiency Calculator,weight-reduction-efficiency-calculator,https://tools.yalla-calculator.co.uk/weight-reduction-efficiency-calculator/,calculator,True,
Weight Timeline Calculator,weight-timeline-calculator,https://tools.yalla-calculator.co.uk/weight-timeline-calculator/,calculator,True,
Weight Tracker,weight-tracker,https://tools.yalla-calculator.co.uk/weight-tracker/,tracker,True,Health
Weight Watchers Points Calculator,weight-watchers-points-calculator,https://tools.yalla-calculator.co.uk/weight-watchers-points-calculator/,calculator,True,
Weir Flow Calculator,weir-flow-calculator,https://tools.yalla-calculator.co.uk/weir-flow-calculator/,calculator,True,
Wellbeing Index Calculator,wellbeing-index-calculator,https://tools.yalla-calculator.co.uk/wellbeing-index-calculator/,calculator,True,
Wellness Assessment,wellness-assessment,https://tools.yalla-calculator.co.uk/wellness-assessment/,assessment,True,
Wellness Goal Tracker,wellness-goal-tracker,https://tools.yalla-calculator.co.uk/wellness-goal-tracker/,tracker,True,
Wellness Routine Calculator,wellness-routine-calculator,https://tools.yalla-calculator.co.uk/wellness-routine-calculator/,calculator,True,
Wells Criteria Calculator,wells-criteria-calculator,https://tools.yalla-calculator.co.uk/wells-criteria-calculator/,calculator,True,
Wheel Alignment Calculator,wheel-alignment-calculator,https://tools.yalla-calculator.co.uk/wheel-alignment-calculator/,calculator,True,
Wheel Backspacing Calculator,wheel-backspacing-calculator,https://tools.yalla-calculator.co.uk/wheel-backspacing-calculator/,calculator,True,
Wheel Balance Calculator,wheel-balance-calculator,https://tools.yalla-calculator.co.uk/wheel-balance-calculator/,calculator,True,
Wheel Care Calculator,wheel-care-calculator,https://tools.yalla-calculator.co.uk/wheel-care-calculator/,calculator,True,
Wheel Clearance Calculator,wheel-clearance-calculator,https://tools.yalla-calculator.co.uk/wheel-clearance-calculator/,calculator,True,
Wheel Diameter Conversion Calculator,wheel-diameter-conversion-calculator,https://tools.yalla-calculator.co.uk/wheel-diameter-conversion-calculator/,calculator,True,
Wheel Fitment Calculator,wheel-fitment-calculator,https://tools.yalla-calculator.co.uk/wheel-fitment-calculator/,calculator,True,
Wheel Horsepower Calculator,wheel-horsepower-calculator,https://tools.yalla-calculator.co.uk/wheel-horsepower-calculator/,calculator,True,
Wheel Offset Calculator,wheel-offset-calculator,https://tools.yalla-calculator.co.uk/wheel-offset-calculator/,calculator,True,Automotive
Wheel Rate Calculator,wheel-rate-calculator,https://tools.yalla-calculator.co.uk/wheel-rate-calculator/,calculator,True,
Wheel Spacer Calculator,wheel-spacer-calculator,https://tools.yalla-calculator.co.uk/wheel-spacer-calculator/,calculator,True,
Wheel Tire Calculators,wheel-tire-calculators,https://tools.yalla-calculator.co.uk/wheel-tire-calculators/,category,True,
Wheel Tire Combined Weight Calculator,wheel-tire-combined-weight-calculator,https://tools.yalla-calculator.co.uk/wheel-tire-combined-weight-calculator/,calculator,True,
Wheel Torque Calculator,wheel-torque-calculator,https://tools.yalla-calculator.co.uk/wheel-torque-calculator/,calculator,True,
Wheel Weight Calculator,wheel-weight-calculator,https://tools.yalla-calculator.co.uk/wheel-weight-calculator/,calculator,True,
Wheel Width Conversion Calculator,wheel-width-conversion-calculator,https://tools.yalla-calculator.co.uk/wheel-width-conversion-calculator/,calculator,True,
Whey Protein Dosage Calculator,whey-protein-dosage-calculator,https://tools.yalla-calculator.co.uk/whey-protein-dosage-calculator/,calculator,True,
Whole Life Calculator,whole-life-calculator,https://tools.yalla-calculator.co.uk/whole-life-calculator/,calculator,True,
Wholesale Calculator,wholesale-calculator,https://tools.yalla-calculator.co.uk/wholesale-calculator/,calculator,True,
Whp To Bhp Calculator,whp-to-bhp-calculator,https://tools.yalla-calculator.co.uk/whp-to-bhp-calculator/,calculator,True,
Window Air Conditioner Size Calculator,window-air-conditioner-size-calculator,https://tools.yalla-calculator.co.uk/window-air-conditioner-size-calculator/,calculator,True,Construction
Window Replacement Cost Guide,window-replacement-cost-guide,https://tools.yalla-calculator.co.uk/window-replacement-cost-guide/,guide,True,
Winter Formula Calculator,winter-formula-calculator,https://tools.yalla-calculator.co.uk/winter-formula-calculator/,calculator,True,
Winter Preparation Calculator,winter-preparation-calculator,https://tools.yalla-calculator.co.uk/winter-preparation-calculator/,calculator,True,
Winter Tire Calculator,winter-tire-calculator,https://tools.yalla-calculator.co.uk/winter-tire-calculator/,calculator,True,
Winters Formula Calculator,winters-formula-calculator,https://tools.yalla-calculator.co.uk/winters-formula-calculator/,calculator,True,
Wire Gauge Calculator,wire-gauge-calculator,https://tools.yalla-calculator.co.uk/wire-gauge-calculator/,calculator,True,Electrical
Wire Mesh Calculator,wire-mesh-calculator,https://tools.yalla-calculator.co.uk/wire-mesh-calculator/,calculator,True,
Wire Pull Tension Calculator,wire-pull-tension-calculator,https://tools.yalla-calculator.co.uk/wire-pull-tension-calculator/,calculator,True,Electrical
Wire Size Calculator,wire-size-calculator,https://tools.yalla-calculator.co.uk/wire-size-calculator/,calculator,True,Electrical
Withdrawal Calculator,withdrawal-calculator,https://tools.yalla-calculator.co.uk/withdrawal-calculator/,calculator,True,
Wood Fence Calculator,wood-fence-calculator,https://tools.yalla-calculator.co.uk/wood-fence-calculator/,calculator,True,
Wood Fence Cost Calculator,wood-fence-cost-calculator,https://tools.yalla-calculator.co.uk/wood-fence-cost-calculator/,calculator,True,
Wood Filler Calculator,wood-filler-calculator,https://tools.yalla-calculator.co.uk/wood-filler-calculator/,calculator,True,
Wood Preservative Calculator 2,wood-preservative-calculator-2,https://tools.yalla-calculator.co.uk/wood-preservative-calculator-2/,calculator,True,
Wood Preservative Calculator,wood-preservative-calculator,https://tools.yalla-calculator.co.uk/wood-preservative-calculator/,calculator,True,
Wood Sealer Calculator,wood-sealer-calculator,https://tools.yalla-calculator.co.uk/wood-sealer-calculator/,calculator,True,
Wood Siding Calculator,wood-siding-calculator,https://tools.yalla-calculator.co.uk/wood-siding-calculator/,calculator,True,
Work Hours Calculator,work-hours-calculator,https://tools.yalla-calculator.co.uk/work-hours-calculator/,calculator,True,
Work Life Balance Calculator,work-life-balance-calculator,https://tools.yalla-calculator.co.uk/work-life-balance-calculator/,calculator,True,
Work Order Scheduling Calculator,work-order-scheduling-calculator,https://tools.yalla-calculator.co.uk/work-order-scheduling-calculator/,calculator,True,
Work Years Left Calculator,work-years-left-calculator,https://tools.yalla-calculator.co.uk/work-years-left-calculator/,calculator,True,
Workers Compensation Calculator,workers-compensation-calculator,https://tools.yalla-calculator.co.uk/workers-compensation-calculator/,calculator,True,
Workforce Planning Calculator,workforce-planning-calculator,https://tools.yalla-calculator.co.uk/workforce-planning-calculator/,calculator,True,
Working Capital Calculator,working-capital-calculator,https://tools.yalla-calculator.co.uk/working-capital-calculator/,calculator,True,Financial
Working Capital Loan Calculator,working-capital-loan-calculator,https://tools.yalla-calculator.co.uk/working-capital-loan-calculator/,calculator,True,
Working Capital Ratio Calculator,working-capital-ratio-calculator,https://tools.yalla-calculator.co.uk/working-capital-ratio-calculator/,calculator,True,
Workout Duration Calculator,workout-duration-calculator,https://tools.yalla-calculator.co.uk/workout-duration-calculator/,calculator,True,
Workout Nutrition Calculator,workout-nutrition-calculator,https://tools.yalla-calculator.co.uk/workout-nutrition-calculator/,calculator,True,
Workout Plan Calculator,workout-plan-calculator,https://tools.yalla-calculator.co.uk/workout-plan-calculator/,calculator,True,
Workout Planner,workout-planner,https://tools.yalla-calculator.co.uk/workout-planner/,planner,True,Health
Yards To Meters Converter,yards-to-meters-converter,https://tools.yalla-calculator.co.uk/yards-to-meters-converter/,converter,True,
Year Born Calculator,year-born-calculator,https://tools.yalla-calculator.co.uk/year-born-calculator/,calculator,True,
Yeast Conversion Calculator,yeast-conversion-calculator,https://tools.yalla-calculator.co.uk/yeast-conversion-calculator/,calculator,True,Cooking
Zero Based Budget Calculator,zero-based-budget-calculator,https://tools.yalla-calculator.co.uk/zero-based-budget-calculator/,calculator,True,
Zero Down Payment Calculator,zero-down-payment-calculator,https://tools.yalla-calculator.co.uk/zero-down-payment-calculator/,calculator,True,
Zinc Requirements Calculator,zinc-requirements-calculator,https://tools.yalla-calculator.co.uk/zinc-requirements-calculator/,calculator,True,
Zoning Calculator,zoning-calculator,https://tools.yalla-calculator.co.uk/zoning-calculator/,calculator,True,
